failed_logins_last_60s,requests_per_minute,votes_in_session,hour_of_day,is_new_ip,session_duration_seconds,admin_actions_per_session,status_is_error
0.0,200.0,0.0,14.0,0.0,0.0,0.0,0.0
0.0,200.0,0.0,21.0,0.0,0.0,0.0,0.0
0.0,30.0,0.0,12.0,0.0,0.0,0.0,0.0
0.0,200.0,0.0,13.0,0.0,0.0,0.0,0.0
0.0,90.0,0.0,11.0,0.0,27.0,0.0,0.0
0.0,200.0,0.0,16.0,0.0,0.0,0.0,0.0
0.0,60.0,0.0,14.0,0.0,0.0,0.0,0.0
0.0,60.0,0.0,16.0,0.0,0.0,0.0,0.0
0.0,60.0,0.0,16.0,0.0,0.0,0.0,0.0
0.0,60.0,0.0,13.0,0.0,2.0,0.0,0.0
0.0,60.0,0.0,12.0,0.0,0.0,0.0,0.0
0.0,30.0,0.0,14.0,0.0,11.0,0.0,0.0
0.0,120.0,0.0,7.0,0.0,0.0,0.0,0.0
0.0,150.0,0.0,7.0,0.0,0.0,0.0,0.0
0.0,200.0,0.0,12.0,0.0,0.0,0.0,0.0
0.0,200.0,0.0,14.0,0.0,0.0,0.0,0.0
0.0,200.0,0.0,18.0,0.0,0.0,0.0,0.0
0.0,150.0,0.0,16.0,0.0,7200.0,0.0,0.0
0.0,200.0,0.0,11.0,0.0,0.0,0.0,0.0
0.0,30.0,0.0,20.0,0.0,2.0,0.0,0.0
0.0,200.0,0.0,9.0,0.0,0.0,0.0,0.0
0.0,60.0,0.0,19.0,0.0,0.0,0.0,0.0
0.0,30.0,0.0,19.0,0.0,14.0,0.0,0.0
0.0,200.0,0.0,18.0,0.0,0.0,0.0,0.0
0.0,30.0,0.0,16.0,0.0,0.0,0.0,0.0
0.0,120.0,0.0,12.0,0.0,0.0,0.0,0.0
0.0,150.0,0.0,22.0,0.0,0.0,0.0,0.0
0.0,60.0,0.0,20.0,0.0,0.0,0.0,0.0
0.0,30.0,0.0,13.0,0.0,0.0,0.0,0.0
0.0,200.0,0.0,9.0,0.0,0.0,0.0,0.0
0.0,200.0,0.0,12.0,0.0,0.0,0.0,0.0
0.0,60.0,0.0,14.0,0.0,0.0,0.0,0.0
0.0,200.0,0.0,13.0,0.0,0.0,0.0,0.0
0.0,200.0,0.0,13.0,0.0,0.0,0.0,0.0
0.0,200.0,0.0,9.0,0.0,0.0,0.0,0.0
0.0,30.0,0.0,11.0,0.0,0.0,0.0,0.0
0.0,30.0,0.0,16.0,0.0,0.0,0.0,0.0
0.0,200.0,0.0,9.0,0.0,0.0,0.0,0.0
0.0,30.0,0.0,16.0,0.0,0.0,0.0,0.0
0.0,200.0,0.0,22.0,0.0,0.0,0.0,0.0
0.0,200.0,0.0,14.0,0.0,0.0,0.0,0.0
0.0,200.0,0.0,16.0,0.0,0.0,0.0,0.0
0.0,200.0,0.0,7.0,0.0,0.0,0.0,0.0
0.0,60.0,0.0,12.0,0.0,0.0,0.0,0.0
0.0,60.0,0.0,17.0,0.0,0.0,0.0,0.0
0.0,30.0,0.0,11.0,0.0,0.0,0.0,0.0
0.0,200.0,0.0,22.0,0.0,0.0,0.0,0.0
0.0,30.0,0.0,15.0,0.0,1.0,0.0,0.0
0.0,90.0,0.0,11.0,0.0,0.0,0.0,0.0
0.0,30.0,0.0,20.0,0.0,0.0,0.0,0.0
0.0,200.0,0.0,12.0,0.0,0.0,0.0,0.0
0.0,200.0,0.0,17.0,0.0,0.0,0.0,0.0
0.0,200.0,0.0,10.0,0.0,0.0,0.0,0.0
0.0,120.0,0.0,14.0,0.0,0.0,0.0,0.0
0.0,30.0,0.0,7.0,0.0,0.0,0.0,0.0
0.0,200.0,0.0,14.0,0.0,0.0,0.0,0.0
0.0,200.0,0.0,9.0,0.0,0.0,0.0,0.0
0.0,30.0,0.0,13.0,0.0,0.0,0.0,0.0
0.0,30.0,0.0,15.0,0.0,0.0,0.0,0.0
0.0,30.0,0.0,13.0,0.0,11.0,0.0,0.0
0.0,60.0,0.0,17.0,0.0,0.0,0.0,0.0
0.0,30.0,0.0,12.0,0.0,2.0,0.0,0.0
0.0,30.0,0.0,10.0,0.0,0.0,0.0,0.0
0.0,200.0,0.0,17.0,0.0,0.0,0.0,0.0
0.0,30.0,0.0,7.0,0.0,0.0,0.0,0.0
0.0,30.0,0.0,10.0,0.0,0.0,0.0,0.0
0.0,200.0,0.0,20.0,0.0,0.0,0.0,0.0
0.0,200.0,0.0,12.0,0.0,0.0,0.0,0.0
0.0,200.0,0.0,21.0,0.0,0.0,0.0,0.0
0.0,150.0,0.0,16.0,0.0,29.0,0.0,0.0
0.0,30.0,0.0,10.0,0.0,0.0,0.0,0.0
0.0,30.0,0.0,8.0,0.0,0.0,0.0,0.0
0.0,30.0,0.0,17.0,0.0,0.0,0.0,0.0
0.0,30.0,0.0,19.0,0.0,0.0,0.0,0.0
0.0,200.0,0.0,16.0,0.0,0.0,0.0,0.0
0.0,200.0,0.0,19.0,0.0,0.0,0.0,0.0
0.0,200.0,0.0,16.0,0.0,0.0,0.0,0.0
0.0,200.0,0.0,16.0,0.0,0.0,0.0,0.0
0.0,200.0,0.0,15.0,0.0,0.0,0.0,0.0
0.0,30.0,0.0,12.0,0.0,0.0,0.0,0.0
0.0,200.0,0.0,11.0,0.0,0.0,0.0,0.0
0.0,200.0,0.0,21.0,0.0,0.0,0.0,0.0
0.0,30.0,0.0,22.0,0.0,0.0,0.0,0.0
0.0,30.0,0.0,22.0,0.0,0.0,0.0,0.0
0.0,30.0,0.0,19.0,0.0,0.0,0.0,0.0
0.0,30.0,0.0,14.0,0.0,0.0,0.0,0.0
0.0,200.0,0.0,22.0,0.0,0.0,0.0,0.0
0.0,200.0,0.0,22.0,0.0,0.0,0.0,0.0
0.0,120.0,0.0,18.0,0.0,0.0,0.0,0.0
0.0,200.0,0.0,14.0,0.0,0.0,0.0,0.0
0.0,200.0,0.0,18.0,0.0,0.0,0.0,0.0
0.0,30.0,0.0,13.0,0.0,0.0,0.0,0.0
0.0,120.0,0.0,21.0,0.0,0.0,0.0,0.0
0.0,180.0,0.0,8.0,0.0,0.0,0.0,0.0
0.0,120.0,0.0,19.0,0.0,0.0,0.0,0.0
0.0,200.0,0.0,19.0,0.0,0.0,0.0,0.0
0.0,30.0,0.0,21.0,0.0,388.0,0.0,0.0
0.0,90.0,0.0,8.0,0.0,0.0,0.0,0.0
0.0,200.0,0.0,17.0,0.0,0.0,0.0,0.0
0.0,30.0,0.0,9.0,0.0,0.0,0.0,0.0
0.0,200.0,0.0,19.0,0.0,0.0,0.0,0.0
0.0,200.0,0.0,7.0,0.0,0.0,0.0,0.0
0.0,200.0,0.0,22.0,0.0,0.0,0.0,0.0
0.0,180.0,0.0,20.0,0.0,0.0,0.0,0.0
0.0,200.0,0.0,20.0,0.0,0.0,0.0,0.0
0.0,60.0,0.0,14.0,0.0,22.0,0.0,0.0
0.0,200.0,0.0,17.0,0.0,0.0,0.0,0.0
0.0,30.0,0.0,18.0,0.0,2.0,0.0,0.0
0.0,150.0,0.0,21.0,0.0,0.0,0.0,0.0
0.0,30.0,0.0,20.0,0.0,29.0,0.0,0.0
0.0,30.0,0.0,19.0,0.0,0.0,0.0,0.0
0.0,200.0,0.0,17.0,0.0,0.0,0.0,0.0
0.0,30.0,0.0,15.0,0.0,0.0,0.0,0.0
0.0,200.0,0.0,18.0,0.0,0.0,0.0,0.0
0.0,60.0,0.0,14.0,0.0,0.0,0.0,0.0
0.0,150.0,0.0,19.0,0.0,0.0,0.0,0.0
0.0,30.0,0.0,12.0,0.0,0.0,0.0,0.0
0.0,60.0,0.0,20.0,0.0,0.0,0.0,0.0
0.0,60.0,0.0,18.0,0.0,0.0,0.0,0.0
0.0,30.0,0.0,13.0,0.0,0.0,0.0,0.0
0.0,200.0,0.0,11.0,0.0,0.0,0.0,0.0
0.0,200.0,0.0,15.0,0.0,0.0,0.0,0.0
0.0,200.0,0.0,7.0,0.0,0.0,0.0,0.0
0.0,30.0,0.0,16.0,0.0,0.0,0.0,0.0
0.0,60.0,0.0,15.0,0.0,0.0,0.0,0.0
0.0,200.0,0.0,19.0,0.0,0.0,0.0,0.0
0.0,30.0,0.0,21.0,0.0,0.0,0.0,0.0
0.0,200.0,0.0,11.0,0.0,0.0,0.0,0.0
0.0,200.0,0.0,8.0,0.0,0.0,0.0,0.0
0.0,200.0,0.0,20.0,0.0,0.0,0.0,0.0
0.0,200.0,0.0,16.0,0.0,0.0,0.0,0.0
0.0,200.0,0.0,15.0,0.0,0.0,0.0,0.0
0.0,60.0,0.0,21.0,0.0,0.0,0.0,0.0
0.0,200.0,0.0,10.0,0.0,0.0,0.0,0.0
0.0,30.0,0.0,11.0,0.0,0.0,0.0,0.0
0.0,200.0,0.0,13.0,0.0,0.0,0.0,0.0
0.0,30.0,0.0,8.0,0.0,192.0,0.0,0.0
0.0,30.0,0.0,18.0,0.0,0.0,0.0,0.0
0.0,200.0,0.0,8.0,0.0,0.0,0.0,0.0
0.0,200.0,0.0,13.0,0.0,0.0,0.0,0.0
0.0,30.0,0.0,7.0,0.0,0.0,0.0,0.0
0.0,200.0,0.0,12.0,0.0,0.0,0.0,0.0
0.0,60.0,0.0,12.0,0.0,0.0,0.0,0.0
0.0,200.0,0.0,7.0,0.0,0.0,0.0,0.0
0.0,150.0,0.0,8.0,0.0,0.0,0.0,0.0
0.0,30.0,0.0,7.0,0.0,7.0,0.0,0.0
0.0,200.0,0.0,17.0,0.0,0.0,0.0,0.0
0.0,30.0,0.0,7.0,0.0,7200.0,0.0,0.0
0.0,120.0,0.0,13.0,0.0,0.0,0.0,0.0
0.0,150.0,0.0,17.0,0.0,0.0,0.0,0.0
0.0,60.0,0.0,11.0,0.0,74.0,0.0,0.0
0.0,60.0,0.0,10.0,0.0,0.0,0.0,0.0
0.0,30.0,0.0,17.0,0.0,1.0,0.0,0.0
0.0,180.0,0.0,19.0,0.0,6165.0,0.0,0.0
0.0,30.0,0.0,9.0,0.0,5568.0,0.0,0.0
0.0,200.0,0.0,17.0,0.0,0.0,0.0,0.0
0.0,30.0,0.0,10.0,0.0,0.0,0.0,0.0
0.0,200.0,0.0,18.0,0.0,0.0,0.0,0.0
0.0,200.0,0.0,16.0,0.0,0.0,0.0,0.0
0.0,200.0,0.0,12.0,0.0,0.0,0.0,0.0
0.0,200.0,0.0,13.0,0.0,0.0,0.0,0.0
0.0,200.0,0.0,22.0,0.0,0.0,0.0,0.0
0.0,60.0,0.0,10.0,0.0,0.0,0.0,0.0
0.0,200.0,0.0,12.0,0.0,0.0,0.0,0.0
0.0,200.0,0.0,12.0,0.0,0.0,0.0,0.0
0.0,60.0,0.0,13.0,0.0,0.0,0.0,0.0
0.0,30.0,0.0,20.0,0.0,4.0,0.0,0.0
0.0,200.0,0.0,20.0,0.0,0.0,0.0,0.0
0.0,150.0,0.0,18.0,0.0,0.0,0.0,0.0
0.0,30.0,0.0,14.0,0.0,4.0,0.0,0.0
0.0,200.0,0.0,15.0,0.0,0.0,0.0,0.0
0.0,30.0,0.0,14.0,0.0,0.0,0.0,0.0
0.0,200.0,0.0,21.0,0.0,0.0,0.0,0.0
0.0,200.0,0.0,14.0,0.0,0.0,0.0,0.0
0.0,200.0,0.0,16.0,0.0,0.0,0.0,0.0
0.0,200.0,0.0,22.0,0.0,0.0,0.0,0.0
0.0,120.0,0.0,13.0,0.0,0.0,0.0,0.0
0.0,200.0,0.0,12.0,0.0,0.0,0.0,0.0
0.0,200.0,0.0,18.0,0.0,0.0,0.0,0.0
0.0,200.0,0.0,10.0,0.0,0.0,0.0,0.0
0.0,30.0,0.0,10.0,0.0,7.0,0.0,0.0
0.0,60.0,0.0,9.0,0.0,0.0,0.0,0.0
0.0,200.0,0.0,17.0,0.0,0.0,0.0,0.0
0.0,90.0,0.0,15.0,0.0,0.0,0.0,0.0
0.0,30.0,0.0,22.0,0.0,0.0,0.0,0.0
0.0,200.0,0.0,22.0,0.0,0.0,0.0,0.0
0.0,200.0,0.0,17.0,0.0,0.0,0.0,0.0
0.0,180.0,0.0,9.0,0.0,0.0,0.0,0.0
0.0,30.0,0.0,7.0,0.0,0.0,0.0,0.0
0.0,180.0,0.0,13.0,0.0,0.0,0.0,0.0
0.0,200.0,0.0,14.0,0.0,0.0,0.0,0.0
0.0,200.0,0.0,19.0,0.0,0.0,0.0,0.0
0.0,200.0,0.0,15.0,0.0,0.0,0.0,0.0
0.0,30.0,0.0,7.0,0.0,4.0,0.0,0.0
0.0,60.0,0.0,8.0,0.0,0.0,0.0,0.0
0.0,60.0,0.0,12.0,0.0,0.0,0.0,0.0
0.0,200.0,0.0,14.0,0.0,0.0,0.0,0.0
0.0,200.0,0.0,12.0,0.0,0.0,0.0,0.0
0.0,200.0,0.0,22.0,0.0,0.0,0.0,0.0
0.0,30.0,0.0,9.0,0.0,0.0,0.0,0.0
0.0,200.0,0.0,21.0,0.0,0.0,0.0,0.0
0.0,30.0,0.0,18.0,0.0,0.0,0.0,0.0
0.0,200.0,0.0,22.0,0.0,0.0,0.0,0.0
0.0,30.0,0.0,18.0,1.0,7200.0,60.0,0.0
0.0,200.0,0.0,14.0,0.0,0.0,0.0,0.0
0.0,60.0,0.0,20.0,0.0,0.0,0.0,0.0
0.0,30.0,0.0,21.0,0.0,0.0,0.0,0.0
0.0,30.0,0.0,12.0,0.0,0.0,0.0,0.0
0.0,90.0,0.0,20.0,0.0,0.0,0.0,0.0
0.0,200.0,0.0,22.0,0.0,0.0,0.0,0.0
0.0,200.0,0.0,19.0,0.0,0.0,0.0,0.0
0.0,60.0,0.0,20.0,0.0,0.0,0.0,0.0
0.0,200.0,0.0,7.0,0.0,0.0,0.0,0.0
0.0,60.0,0.0,21.0,0.0,0.0,0.0,0.0
0.0,200.0,0.0,8.0,0.0,0.0,0.0,0.0
0.0,30.0,0.0,16.0,0.0,2.0,0.0,0.0
0.0,180.0,0.0,10.0,0.0,0.0,0.0,0.0
0.0,200.0,0.0,22.0,0.0,0.0,0.0,0.0
0.0,200.0,0.0,15.0,0.0,0.0,0.0,0.0
0.0,180.0,0.0,16.0,0.0,0.0,0.0,0.0
0.0,150.0,0.0,22.0,0.0,0.0,0.0,0.0
0.0,60.0,0.0,8.0,0.0,0.0,0.0,0.0
0.0,200.0,0.0,12.0,0.0,0.0,0.0,0.0
0.0,60.0,0.0,10.0,0.0,0.0,0.0,0.0
0.0,30.0,0.0,15.0,0.0,249.0,0.0,0.0
0.0,30.0,0.0,13.0,0.0,0.0,6.0,0.0
0.0,90.0,0.0,21.0,0.0,29.0,0.0,0.0
0.0,200.0,0.0,7.0,0.0,0.0,0.0,0.0
0.0,200.0,0.0,20.0,0.0,0.0,0.0,0.0
0.0,30.0,0.0,22.0,0.0,0.0,0.0,0.0
0.0,200.0,0.0,17.0,0.0,0.0,0.0,0.0
0.0,120.0,0.0,9.0,0.0,0.0,0.0,0.0
0.0,30.0,0.0,7.0,0.0,0.0,0.0,0.0
0.0,60.0,0.0,11.0,0.0,0.0,0.0,0.0
0.0,200.0,0.0,21.0,0.0,0.0,0.0,0.0
0.0,30.0,0.0,20.0,0.0,0.0,0.0,0.0
0.0,60.0,0.0,9.0,0.0,0.0,0.0,0.0
0.0,60.0,0.0,7.0,0.0,0.0,0.0,0.0
0.0,200.0,0.0,14.0,0.0,0.0,0.0,0.0
0.0,30.0,0.0,19.0,0.0,8.0,0.0,0.0
0.0,180.0,0.0,22.0,0.0,0.0,0.0,0.0
0.0,150.0,0.0,15.0,0.0,0.0,0.0,0.0
0.0,30.0,0.0,16.0,0.0,7200.0,0.0,0.0
0.0,30.0,0.0,7.0,0.0,63.0,0.0,0.0
0.0,200.0,0.0,20.0,0.0,0.0,0.0,0.0
0.0,30.0,0.0,15.0,0.0,0.0,0.0,0.0
0.0,200.0,0.0,18.0,0.0,0.0,0.0,0.0
0.0,200.0,0.0,18.0,0.0,0.0,0.0,0.0
0.0,200.0,0.0,7.0,0.0,0.0,0.0,0.0
0.0,60.0,0.0,21.0,0.0,12.0,0.0,0.0
0.0,200.0,0.0,9.0,0.0,0.0,0.0,0.0
0.0,30.0,0.0,13.0,0.0,0.0,0.0,0.0
0.0,150.0,0.0,18.0,0.0,0.0,0.0,0.0
0.0,200.0,0.0,22.0,0.0,0.0,0.0,0.0
0.0,90.0,0.0,17.0,0.0,0.0,0.0,0.0
0.0,30.0,0.0,20.0,0.0,0.0,0.0,0.0
0.0,200.0,0.0,7.0,0.0,0.0,0.0,0.0
0.0,200.0,0.0,14.0,0.0,0.0,0.0,0.0
0.0,30.0,0.0,13.0,0.0,0.0,0.0,0.0
0.0,30.0,0.0,20.0,0.0,0.0,0.0,0.0
0.0,90.0,0.0,17.0,0.0,0.0,0.0,0.0
0.0,200.0,0.0,13.0,0.0,0.0,0.0,0.0
0.0,200.0,0.0,18.0,0.0,0.0,0.0,0.0
0.0,200.0,0.0,14.0,0.0,0.0,0.0,0.0
0.0,200.0,0.0,10.0,0.0,0.0,0.0,0.0
0.0,200.0,0.0,21.0,0.0,0.0,0.0,0.0
0.0,200.0,0.0,17.0,0.0,279.0,0.0,0.0
0.0,200.0,0.0,7.0,0.0,0.0,0.0,0.0
0.0,30.0,0.0,19.0,0.0,0.0,0.0,0.0
0.0,60.0,0.0,15.0,0.0,0.0,0.0,0.0
0.0,30.0,0.0,12.0,0.0,0.0,0.0,0.0
0.0,90.0,0.0,15.0,0.0,0.0,0.0,0.0
0.0,200.0,0.0,7.0,0.0,0.0,0.0,0.0
0.0,200.0,0.0,10.0,0.0,0.0,0.0,0.0
0.0,120.0,0.0,19.0,0.0,0.0,0.0,0.0
0.0,30.0,0.0,9.0,0.0,0.0,0.0,0.0
0.0,200.0,0.0,9.0,0.0,0.0,0.0,0.0
0.0,200.0,0.0,9.0,0.0,0.0,0.0,0.0
0.0,120.0,0.0,13.0,0.0,0.0,0.0,0.0
0.0,200.0,0.0,9.0,0.0,0.0,0.0,0.0
0.0,30.0,0.0,14.0,0.0,0.0,0.0,0.0
0.0,30.0,0.0,11.0,0.0,0.0,0.0,0.0
0.0,120.0,0.0,19.0,0.0,0.0,0.0,0.0
0.0,30.0,0.0,19.0,0.0,33.0,0.0,0.0
0.0,30.0,0.0,19.0,0.0,7200.0,0.0,0.0
0.0,200.0,0.0,18.0,0.0,0.0,0.0,0.0
0.0,60.0,0.0,12.0,0.0,0.0,0.0,0.0
0.0,30.0,0.0,15.0,0.0,1.0,0.0,0.0
0.0,200.0,0.0,12.0,0.0,0.0,0.0,0.0
0.0,200.0,0.0,15.0,0.0,0.0,0.0,0.0
0.0,30.0,0.0,22.0,0.0,0.0,0.0,0.0
0.0,120.0,0.0,20.0,0.0,0.0,0.0,0.0
0.0,200.0,0.0,11.0,0.0,0.0,0.0,0.0
0.0,200.0,0.0,10.0,0.0,0.0,0.0,0.0
0.0,60.0,0.0,15.0,0.0,0.0,0.0,0.0
0.0,200.0,0.0,18.0,0.0,0.0,0.0,0.0
0.0,60.0,0.0,21.0,0.0,0.0,0.0,0.0
0.0,200.0,0.0,10.0,0.0,0.0,0.0,0.0
0.0,30.0,0.0,14.0,0.0,3620.0,0.0,0.0
0.0,60.0,0.0,7.0,0.0,0.0,0.0,0.0
0.0,30.0,0.0,16.0,0.0,0.0,0.0,0.0
0.0,60.0,0.0,20.0,0.0,93.0,0.0,0.0
0.0,60.0,0.0,19.0,0.0,0.0,0.0,0.0
0.0,30.0,0.0,14.0,0.0,0.0,0.0,0.0
0.0,200.0,0.0,16.0,0.0,0.0,0.0,0.0
0.0,150.0,0.0,8.0,0.0,0.0,0.0,0.0
0.0,30.0,0.0,7.0,0.0,0.0,0.0,0.0
0.0,150.0,0.0,8.0,0.0,0.0,0.0,0.0
0.0,90.0,0.0,8.0,0.0,0.0,0.0,0.0
0.0,30.0,0.0,17.0,0.0,7200.0,0.0,0.0
0.0,150.0,0.0,15.0,0.0,0.0,0.0,0.0
0.0,200.0,0.0,8.0,0.0,0.0,0.0,0.0
0.0,200.0,0.0,21.0,0.0,0.0,0.0,0.0
0.0,30.0,0.0,16.0,0.0,0.0,0.0,0.0
0.0,200.0,0.0,12.0,0.0,0.0,0.0,0.0
0.0,30.0,0.0,7.0,0.0,0.0,0.0,0.0
0.0,30.0,0.0,11.0,0.0,0.0,0.0,0.0
0.0,200.0,0.0,13.0,0.0,0.0,0.0,0.0
0.0,150.0,0.0,10.0,0.0,0.0,0.0,0.0
0.0,30.0,0.0,8.0,0.0,0.0,0.0,0.0
0.0,200.0,0.0,20.0,0.0,0.0,0.0,0.0
0.0,30.0,0.0,9.0,0.0,0.0,0.0,0.0
0.0,200.0,0.0,7.0,0.0,0.0,0.0,0.0
0.0,30.0,0.0,13.0,0.0,0.0,0.0,0.0
0.0,30.0,0.0,10.0,0.0,2005.0,0.0,0.0
0.0,200.0,0.0,18.0,0.0,0.0,0.0,0.0
0.0,60.0,0.0,11.0,0.0,0.0,0.0,0.0
0.0,200.0,0.0,8.0,0.0,0.0,0.0,0.0
0.0,200.0,0.0,10.0,0.0,0.0,0.0,0.0
0.0,200.0,0.0,14.0,0.0,0.0,0.0,0.0
0.0,200.0,0.0,18.0,0.0,0.0,0.0,0.0
0.0,120.0,0.0,19.0,0.0,7200.0,0.0,0.0
0.0,200.0,0.0,9.0,0.0,0.0,0.0,0.0
0.0,200.0,0.0,17.0,0.0,0.0,0.0,0.0
0.0,90.0,0.0,22.0,0.0,0.0,0.0,0.0
0.0,60.0,0.0,10.0,0.0,0.0,0.0,0.0
0.0,60.0,0.0,22.0,0.0,0.0,0.0,0.0
0.0,200.0,0.0,22.0,0.0,0.0,0.0,0.0
0.0,90.0,0.0,22.0,0.0,0.0,0.0,0.0
0.0,30.0,0.0,10.0,0.0,0.0,0.0,0.0
0.0,120.0,0.0,15.0,0.0,0.0,0.0,0.0
0.0,200.0,0.0,14.0,0.0,0.0,0.0,0.0
0.0,120.0,0.0,8.0,0.0,0.0,0.0,0.0
0.0,150.0,0.0,22.0,0.0,0.0,0.0,0.0
0.0,200.0,0.0,9.0,0.0,0.0,0.0,0.0
0.0,200.0,0.0,20.0,0.0,0.0,0.0,0.0
0.0,200.0,0.0,14.0,0.0,4823.0,0.0,0.0
0.0,200.0,0.0,12.0,0.0,0.0,0.0,0.0
0.0,30.0,0.0,8.0,0.0,0.0,0.0,0.0
0.0,200.0,0.0,19.0,0.0,0.0,0.0,0.0
0.0,30.0,0.0,21.0,0.0,0.0,0.0,0.0
0.0,30.0,0.0,20.0,0.0,0.0,0.0,0.0
0.0,30.0,0.0,21.0,0.0,1.0,0.0,0.0
0.0,60.0,0.0,15.0,0.0,0.0,0.0,0.0
0.0,90.0,0.0,15.0,0.0,0.0,0.0,0.0
0.0,30.0,0.0,13.0,0.0,0.0,0.0,0.0
0.0,60.0,0.0,13.0,0.0,575.0,0.0,0.0
0.0,200.0,0.0,8.0,0.0,0.0,0.0,0.0
0.0,180.0,0.0,7.0,0.0,0.0,0.0,0.0
0.0,30.0,0.0,17.0,0.0,0.0,0.0,0.0
0.0,30.0,0.0,9.0,0.0,0.0,0.0,0.0
0.0,200.0,0.0,15.0,0.0,0.0,0.0,0.0
0.0,180.0,0.0,20.0,0.0,7200.0,0.0,0.0
0.0,30.0,0.0,11.0,0.0,3.0,0.0,0.0
0.0,200.0,0.0,20.0,0.0,0.0,0.0,0.0
0.0,30.0,0.0,10.0,0.0,0.0,0.0,0.0
0.0,30.0,0.0,19.0,0.0,0.0,0.0,0.0
0.0,200.0,0.0,15.0,0.0,0.0,0.0,0.0
0.0,200.0,0.0,22.0,0.0,0.0,0.0,0.0
0.0,180.0,0.0,15.0,0.0,0.0,0.0,0.0
0.0,60.0,0.0,12.0,0.0,0.0,0.0,0.0
0.0,200.0,0.0,18.0,0.0,0.0,0.0,0.0
0.0,30.0,0.0,14.0,0.0,2644.0,0.0,0.0
0.0,200.0,0.0,11.0,0.0,0.0,0.0,0.0
0.0,150.0,0.0,12.0,0.0,4625.0,0.0,0.0
0.0,30.0,0.0,15.0,0.0,0.0,0.0,0.0
0.0,120.0,0.0,22.0,0.0,0.0,0.0,0.0
0.0,200.0,0.0,17.0,0.0,0.0,0.0,0.0
0.0,30.0,0.0,17.0,0.0,0.0,0.0,0.0
0.0,30.0,0.0,17.0,0.0,3.0,0.0,0.0
0.0,90.0,0.0,16.0,0.0,0.0,0.0,0.0
0.0,120.0,0.0,16.0,0.0,0.0,0.0,0.0
0.0,30.0,0.0,21.0,0.0,0.0,0.0,0.0
0.0,200.0,0.0,9.0,0.0,0.0,0.0,0.0
0.0,30.0,0.0,21.0,0.0,2.0,0.0,0.0
0.0,200.0,0.0,17.0,0.0,0.0,0.0,0.0
0.0,200.0,0.0,11.0,0.0,0.0,0.0,0.0
0.0,200.0,0.0,8.0,0.0,0.0,0.0,0.0
0.0,60.0,0.0,16.0,0.0,0.0,0.0,0.0
0.0,30.0,0.0,20.0,0.0,1.0,0.0,0.0
0.0,30.0,0.0,19.0,0.0,17.0,0.0,0.0
0.0,200.0,0.0,12.0,0.0,0.0,0.0,0.0
0.0,60.0,0.0,10.0,0.0,0.0,0.0,0.0
0.0,200.0,0.0,21.0,0.0,0.0,0.0,0.0
0.0,30.0,0.0,11.0,0.0,7200.0,2.0,0.0
0.0,30.0,0.0,8.0,0.0,0.0,0.0,0.0
0.0,60.0,0.0,19.0,0.0,0.0,0.0,0.0
0.0,30.0,0.0,10.0,0.0,0.0,0.0,0.0
0.0,30.0,0.0,9.0,0.0,0.0,0.0,0.0
0.0,120.0,0.0,10.0,0.0,0.0,0.0,0.0
0.0,200.0,0.0,16.0,0.0,0.0,0.0,0.0
0.0,90.0,0.0,10.0,0.0,0.0,0.0,0.0
0.0,30.0,0.0,21.0,0.0,1.0,0.0,0.0
0.0,200.0,0.0,15.0,0.0,0.0,0.0,0.0
0.0,30.0,0.0,7.0,0.0,2.0,0.0,0.0
0.0,30.0,0.0,11.0,0.0,0.0,0.0,0.0
0.0,30.0,0.0,21.0,0.0,0.0,0.0,0.0
0.0,200.0,0.0,20.0,0.0,0.0,0.0,0.0
0.0,200.0,0.0,19.0,0.0,0.0,0.0,0.0
0.0,30.0,0.0,17.0,0.0,0.0,0.0,0.0
0.0,30.0,0.0,20.0,0.0,7200.0,0.0,0.0
0.0,200.0,0.0,8.0,0.0,0.0,0.0,0.0
0.0,30.0,0.0,15.0,0.0,0.0,0.0,0.0
0.0,60.0,0.0,17.0,0.0,0.0,0.0,0.0
0.0,180.0,0.0,10.0,0.0,0.0,0.0,0.0
0.0,200.0,0.0,11.0,0.0,0.0,0.0,0.0
0.0,200.0,0.0,7.0,0.0,0.0,0.0,0.0
0.0,150.0,0.0,13.0,0.0,0.0,0.0,0.0
0.0,200.0,0.0,14.0,0.0,0.0,0.0,0.0
0.0,200.0,0.0,15.0,0.0,0.0,0.0,0.0
0.0,200.0,0.0,14.0,0.0,0.0,0.0,0.0
0.0,200.0,0.0,14.0,0.0,0.0,0.0,0.0
0.0,120.0,0.0,15.0,0.0,0.0,0.0,0.0
0.0,200.0,0.0,14.0,0.0,0.0,0.0,0.0
0.0,200.0,0.0,10.0,0.0,0.0,0.0,0.0
0.0,60.0,0.0,10.0,0.0,0.0,0.0,0.0
0.0,30.0,0.0,22.0,0.0,7200.0,0.0,0.0
0.0,90.0,0.0,17.0,0.0,0.0,0.0,0.0
0.0,60.0,0.0,9.0,0.0,0.0,0.0,0.0
0.0,30.0,0.0,16.0,0.0,0.0,0.0,0.0
0.0,30.0,0.0,7.0,0.0,0.0,0.0,0.0
0.0,200.0,0.0,15.0,0.0,0.0,0.0,0.0
0.0,200.0,0.0,22.0,0.0,0.0,0.0,0.0
0.0,200.0,0.0,11.0,0.0,0.0,0.0,0.0
0.0,60.0,0.0,22.0,0.0,12.0,0.0,0.0
0.0,200.0,0.0,7.0,0.0,0.0,0.0,0.0
0.0,200.0,0.0,15.0,0.0,0.0,0.0,0.0
0.0,30.0,0.0,11.0,0.0,1.0,0.0,0.0
0.0,30.0,0.0,21.0,0.0,0.0,0.0,0.0
0.0,30.0,0.0,9.0,0.0,0.0,0.0,0.0
0.0,60.0,0.0,14.0,0.0,0.0,0.0,0.0
0.0,200.0,0.0,11.0,0.0,0.0,0.0,0.0
0.0,200.0,0.0,18.0,0.0,0.0,0.0,0.0
0.0,90.0,0.0,17.0,0.0,0.0,0.0,0.0
0.0,200.0,0.0,7.0,0.0,0.0,0.0,0.0
0.0,200.0,0.0,7.0,0.0,0.0,0.0,0.0
0.0,200.0,0.0,19.0,0.0,0.0,0.0,0.0
0.0,30.0,0.0,9.0,0.0,0.0,0.0,0.0
0.0,200.0,0.0,18.0,0.0,0.0,0.0,0.0
0.0,60.0,0.0,15.0,0.0,9.0,0.0,0.0
0.0,30.0,0.0,14.0,0.0,0.0,0.0,0.0
0.0,200.0,0.0,10.0,0.0,0.0,0.0,0.0
0.0,30.0,0.0,22.0,0.0,0.0,0.0,0.0
0.0,30.0,0.0,19.0,0.0,0.0,0.0,0.0
0.0,200.0,0.0,11.0,0.0,0.0,0.0,0.0
0.0,200.0,0.0,9.0,0.0,0.0,0.0,0.0
0.0,200.0,0.0,20.0,0.0,0.0,0.0,0.0
0.0,60.0,0.0,19.0,0.0,0.0,0.0,0.0
0.0,60.0,0.0,21.0,0.0,0.0,0.0,0.0
0.0,200.0,0.0,11.0,0.0,0.0,0.0,0.0
0.0,30.0,0.0,7.0,0.0,2597.0,0.0,0.0
0.0,120.0,0.0,19.0,0.0,0.0,0.0,0.0
0.0,30.0,0.0,15.0,0.0,5.0,0.0,0.0
0.0,200.0,0.0,7.0,0.0,0.0,0.0,0.0
0.0,30.0,0.0,15.0,0.0,0.0,0.0,0.0
0.0,30.0,0.0,21.0,0.0,0.0,0.0,0.0
0.0,30.0,0.0,12.0,0.0,0.0,0.0,0.0
0.0,200.0,0.0,15.0,0.0,0.0,0.0,0.0
0.0,200.0,0.0,14.0,0.0,0.0,0.0,0.0
0.0,90.0,0.0,12.0,0.0,0.0,0.0,0.0
0.0,30.0,0.0,11.0,0.0,1.0,0.0,0.0
0.0,30.0,0.0,20.0,0.0,177.0,2.0,0.0
0.0,30.0,0.0,14.0,0.0,0.0,0.0,0.0
0.0,180.0,0.0,12.0,0.0,0.0,0.0,0.0
0.0,120.0,0.0,21.0,0.0,0.0,0.0,0.0
0.0,30.0,0.0,11.0,0.0,7.0,0.0,0.0
0.0,200.0,0.0,7.0,0.0,0.0,0.0,0.0
0.0,200.0,0.0,21.0,0.0,0.0,0.0,0.0
0.0,30.0,0.0,11.0,0.0,0.0,0.0,0.0
0.0,200.0,0.0,16.0,0.0,0.0,0.0,0.0
0.0,90.0,0.0,21.0,0.0,1.0,0.0,0.0
0.0,30.0,0.0,18.0,0.0,0.0,0.0,0.0
0.0,30.0,0.0,7.0,0.0,0.0,0.0,0.0
0.0,30.0,0.0,17.0,0.0,5.0,0.0,0.0
0.0,60.0,0.0,8.0,0.0,2230.0,0.0,0.0
0.0,60.0,0.0,10.0,0.0,0.0,0.0,0.0
0.0,200.0,0.0,10.0,0.0,0.0,0.0,0.0
0.0,200.0,0.0,11.0,0.0,0.0,0.0,0.0
0.0,200.0,0.0,9.0,0.0,0.0,0.0,0.0
0.0,30.0,0.0,9.0,0.0,0.0,0.0,0.0
0.0,30.0,0.0,10.0,0.0,0.0,0.0,0.0
0.0,180.0,0.0,22.0,0.0,0.0,0.0,0.0
0.0,200.0,0.0,12.0,0.0,0.0,0.0,0.0
0.0,180.0,0.0,11.0,0.0,0.0,0.0,0.0
0.0,30.0,0.0,9.0,0.0,0.0,0.0,0.0
0.0,30.0,0.0,11.0,0.0,0.0,0.0,0.0
0.0,30.0,0.0,16.0,0.0,2.0,0.0,0.0
0.0,90.0,0.0,8.0,0.0,0.0,0.0,0.0
0.0,200.0,0.0,8.0,0.0,0.0,0.0,0.0
0.0,30.0,0.0,9.0,0.0,0.0,0.0,0.0
0.0,30.0,0.0,21.0,0.0,0.0,0.0,0.0
0.0,90.0,0.0,22.0,0.0,0.0,0.0,0.0
0.0,200.0,0.0,15.0,0.0,0.0,0.0,0.0
0.0,60.0,0.0,13.0,0.0,0.0,0.0,0.0
0.0,120.0,0.0,21.0,0.0,0.0,0.0,0.0
0.0,60.0,0.0,16.0,0.0,0.0,0.0,0.0
0.0,30.0,0.0,22.0,0.0,1.0,0.0,0.0
0.0,30.0,0.0,21.0,0.0,0.0,0.0,0.0
0.0,200.0,0.0,20.0,0.0,0.0,0.0,0.0
0.0,150.0,0.0,9.0,0.0,0.0,0.0,0.0
0.0,120.0,0.0,14.0,0.0,0.0,0.0,0.0
0.0,200.0,0.0,20.0,0.0,0.0,0.0,0.0
0.0,30.0,0.0,10.0,0.0,0.0,0.0,0.0
0.0,200.0,0.0,14.0,0.0,0.0,0.0,0.0
0.0,200.0,0.0,9.0,0.0,0.0,0.0,0.0
0.0,200.0,0.0,7.0,0.0,0.0,0.0,0.0
0.0,30.0,0.0,18.0,0.0,0.0,0.0,0.0
0.0,30.0,0.0,12.0,0.0,0.0,0.0,0.0
0.0,200.0,0.0,11.0,0.0,0.0,0.0,0.0
0.0,120.0,0.0,17.0,0.0,0.0,0.0,0.0
0.0,150.0,0.0,7.0,0.0,0.0,0.0,0.0
0.0,30.0,0.0,10.0,0.0,0.0,0.0,0.0
0.0,60.0,0.0,12.0,0.0,0.0,0.0,0.0
0.0,200.0,0.0,7.0,0.0,0.0,0.0,0.0
0.0,60.0,0.0,18.0,0.0,0.0,0.0,0.0
0.0,200.0,0.0,13.0,0.0,0.0,0.0,0.0
0.0,30.0,0.0,12.0,0.0,0.0,0.0,0.0
0.0,200.0,0.0,11.0,0.0,0.0,0.0,0.0
0.0,200.0,0.0,10.0,0.0,0.0,0.0,0.0
0.0,200.0,0.0,16.0,0.0,0.0,0.0,0.0
0.0,30.0,0.0,18.0,0.0,0.0,0.0,0.0
0.0,200.0,0.0,17.0,0.0,0.0,0.0,0.0
0.0,60.0,0.0,22.0,0.0,0.0,0.0,0.0
0.0,180.0,0.0,21.0,0.0,0.0,0.0,0.0
0.0,200.0,0.0,12.0,0.0,0.0,0.0,0.0
0.0,200.0,0.0,8.0,0.0,0.0,0.0,0.0
0.0,200.0,0.0,22.0,0.0,0.0,0.0,0.0
0.0,200.0,0.0,22.0,0.0,0.0,0.0,0.0
0.0,30.0,0.0,13.0,0.0,4.0,0.0,0.0
0.0,30.0,0.0,11.0,0.0,0.0,0.0,0.0
0.0,30.0,0.0,7.0,0.0,0.0,0.0,0.0
0.0,30.0,0.0,17.0,0.0,0.0,0.0,0.0
0.0,150.0,0.0,7.0,0.0,0.0,0.0,0.0
0.0,200.0,0.0,10.0,0.0,0.0,0.0,0.0
0.0,200.0,0.0,18.0,0.0,0.0,0.0,0.0
0.0,30.0,0.0,13.0,0.0,1.0,0.0,0.0
0.0,200.0,0.0,13.0,0.0,0.0,0.0,0.0
0.0,30.0,0.0,11.0,0.0,7.0,0.0,0.0
0.0,150.0,0.0,10.0,0.0,0.0,0.0,0.0
0.0,120.0,0.0,22.0,0.0,0.0,0.0,0.0
0.0,30.0,0.0,14.0,0.0,0.0,0.0,0.0
0.0,200.0,0.0,14.0,0.0,0.0,0.0,0.0
0.0,30.0,0.0,14.0,0.0,3880.0,0.0,0.0
0.0,200.0,0.0,18.0,0.0,0.0,0.0,0.0
0.0,90.0,0.0,21.0,0.0,0.0,0.0,0.0
0.0,200.0,0.0,18.0,0.0,0.0,0.0,0.0
0.0,200.0,0.0,12.0,0.0,0.0,0.0,0.0
0.0,200.0,0.0,7.0,0.0,0.0,0.0,0.0
0.0,200.0,0.0,14.0,0.0,0.0,0.0,0.0
0.0,120.0,0.0,17.0,0.0,0.0,0.0,0.0
0.0,200.0,0.0,22.0,0.0,0.0,0.0,0.0
0.0,200.0,0.0,18.0,0.0,0.0,0.0,0.0
0.0,200.0,0.0,11.0,0.0,0.0,0.0,0.0
0.0,60.0,0.0,21.0,0.0,0.0,0.0,0.0
0.0,60.0,0.0,18.0,0.0,1531.0,0.0,0.0
0.0,30.0,0.0,8.0,0.0,0.0,0.0,0.0
0.0,30.0,0.0,21.0,0.0,6068.0,0.0,0.0
0.0,90.0,0.0,12.0,0.0,0.0,0.0,0.0
0.0,30.0,0.0,15.0,0.0,0.0,0.0,0.0
0.0,30.0,0.0,19.0,0.0,4831.0,0.0,0.0
0.0,150.0,0.0,16.0,0.0,0.0,0.0,0.0
0.0,30.0,0.0,16.0,0.0,0.0,0.0,0.0
0.0,200.0,0.0,9.0,0.0,0.0,0.0,0.0
0.0,200.0,0.0,18.0,0.0,0.0,0.0,0.0
0.0,90.0,0.0,16.0,0.0,0.0,0.0,0.0
0.0,30.0,0.0,13.0,0.0,3106.0,0.0,0.0
0.0,200.0,0.0,19.0,0.0,0.0,0.0,0.0
0.0,60.0,0.0,9.0,0.0,0.0,0.0,0.0
0.0,60.0,0.0,18.0,0.0,0.0,0.0,0.0
0.0,90.0,0.0,19.0,0.0,0.0,0.0,0.0
0.0,30.0,0.0,18.0,0.0,0.0,0.0,0.0
0.0,60.0,0.0,9.0,0.0,0.0,0.0,0.0
0.0,200.0,0.0,17.0,0.0,0.0,0.0,0.0
0.0,200.0,0.0,9.0,0.0,0.0,0.0,0.0
0.0,200.0,0.0,14.0,0.0,0.0,0.0,0.0
0.0,200.0,0.0,13.0,0.0,0.0,0.0,0.0
0.0,30.0,0.0,10.0,0.0,0.0,0.0,0.0
0.0,180.0,0.0,8.0,0.0,0.0,0.0,0.0
0.0,150.0,0.0,13.0,0.0,0.0,0.0,0.0
0.0,30.0,0.0,14.0,0.0,0.0,0.0,0.0
0.0,200.0,0.0,19.0,0.0,0.0,0.0,0.0
0.0,60.0,0.0,14.0,0.0,0.0,1.0,0.0
0.0,200.0,0.0,19.0,0.0,0.0,0.0,0.0
0.0,60.0,0.0,8.0,0.0,0.0,0.0,0.0
0.0,30.0,0.0,11.0,0.0,0.0,0.0,0.0
0.0,60.0,0.0,20.0,0.0,0.0,0.0,0.0
0.0,60.0,0.0,14.0,0.0,0.0,0.0,0.0
0.0,30.0,0.0,14.0,0.0,0.0,0.0,0.0
0.0,120.0,0.0,15.0,0.0,0.0,0.0,0.0
0.0,60.0,0.0,17.0,0.0,0.0,0.0,0.0
0.0,150.0,0.0,19.0,0.0,0.0,0.0,0.0
0.0,200.0,0.0,10.0,0.0,0.0,0.0,0.0
0.0,30.0,0.0,12.0,0.0,3.0,0.0,0.0
0.0,200.0,0.0,18.0,0.0,0.0,0.0,0.0
0.0,200.0,0.0,11.0,0.0,0.0,0.0,0.0
0.0,200.0,0.0,8.0,0.0,0.0,0.0,0.0
0.0,200.0,0.0,8.0,0.0,0.0,0.0,0.0
0.0,30.0,0.0,21.0,0.0,0.0,0.0,0.0
0.0,90.0,0.0,18.0,0.0,0.0,0.0,0.0
0.0,200.0,0.0,11.0,0.0,0.0,0.0,0.0
0.0,60.0,0.0,9.0,0.0,0.0,0.0,0.0
0.0,200.0,0.0,21.0,0.0,0.0,0.0,0.0
0.0,30.0,0.0,8.0,0.0,0.0,0.0,0.0
0.0,200.0,0.0,19.0,0.0,0.0,0.0,0.0
0.0,30.0,0.0,18.0,0.0,7.0,0.0,0.0
0.0,30.0,0.0,22.0,0.0,4224.0,0.0,0.0
0.0,60.0,0.0,20.0,0.0,0.0,0.0,0.0
0.0,200.0,0.0,8.0,0.0,0.0,0.0,0.0
0.0,200.0,0.0,22.0,0.0,0.0,0.0,0.0
0.0,200.0,0.0,20.0,0.0,0.0,0.0,0.0
0.0,200.0,0.0,19.0,0.0,0.0,0.0,0.0
0.0,200.0,0.0,18.0,0.0,0.0,0.0,0.0
0.0,200.0,0.0,9.0,0.0,0.0,0.0,0.0
0.0,200.0,0.0,18.0,0.0,0.0,0.0,0.0
0.0,200.0,0.0,7.0,0.0,0.0,0.0,0.0
0.0,30.0,0.0,11.0,0.0,0.0,0.0,0.0
0.0,200.0,0.0,16.0,0.0,0.0,0.0,0.0
0.0,60.0,0.0,17.0,0.0,0.0,0.0,0.0
0.0,30.0,0.0,10.0,0.0,0.0,0.0,0.0
0.0,200.0,0.0,16.0,0.0,0.0,0.0,0.0
0.0,200.0,0.0,11.0,0.0,0.0,0.0,0.0
0.0,150.0,0.0,14.0,0.0,0.0,0.0,0.0
0.0,200.0,0.0,18.0,0.0,0.0,0.0,0.0
0.0,200.0,0.0,18.0,0.0,0.0,0.0,0.0
0.0,200.0,0.0,9.0,0.0,0.0,0.0,0.0
0.0,200.0,0.0,19.0,0.0,0.0,0.0,0.0
0.0,30.0,0.0,18.0,0.0,0.0,0.0,0.0
0.0,90.0,0.0,7.0,0.0,0.0,0.0,0.0
0.0,200.0,0.0,14.0,0.0,0.0,0.0,0.0
0.0,90.0,0.0,17.0,0.0,0.0,0.0,0.0
0.0,200.0,0.0,7.0,0.0,0.0,0.0,0.0
0.0,60.0,0.0,13.0,0.0,0.0,0.0,0.0
0.0,30.0,0.0,20.0,0.0,0.0,0.0,0.0
0.0,30.0,0.0,20.0,0.0,0.0,0.0,0.0
0.0,60.0,0.0,10.0,0.0,0.0,0.0,0.0
0.0,30.0,0.0,17.0,0.0,0.0,0.0,0.0
0.0,200.0,0.0,20.0,0.0,0.0,0.0,0.0
0.0,30.0,0.0,18.0,0.0,0.0,0.0,0.0
0.0,200.0,0.0,10.0,0.0,0.0,0.0,0.0
0.0,200.0,0.0,12.0,0.0,0.0,0.0,0.0
0.0,30.0,0.0,15.0,0.0,0.0,0.0,0.0
0.0,60.0,0.0,8.0,0.0,0.0,0.0,0.0
0.0,30.0,0.0,14.0,0.0,0.0,0.0,0.0
0.0,200.0,0.0,16.0,0.0,0.0,0.0,0.0
0.0,200.0,0.0,15.0,0.0,0.0,0.0,0.0
0.0,200.0,0.0,19.0,0.0,0.0,0.0,0.0
0.0,30.0,0.0,9.0,0.0,0.0,0.0,0.0
0.0,200.0,0.0,11.0,0.0,0.0,0.0,0.0
0.0,180.0,0.0,16.0,0.0,0.0,0.0,0.0
0.0,200.0,0.0,13.0,0.0,0.0,0.0,0.0
0.0,30.0,0.0,22.0,0.0,0.0,0.0,0.0
0.0,30.0,0.0,7.0,0.0,0.0,0.0,0.0
0.0,200.0,0.0,11.0,0.0,0.0,0.0,0.0
0.0,30.0,0.0,9.0,0.0,2676.0,0.0,0.0
0.0,60.0,0.0,18.0,0.0,0.0,0.0,0.0
0.0,90.0,0.0,14.0,0.0,0.0,0.0,0.0
0.0,30.0,0.0,18.0,0.0,0.0,0.0,0.0
0.0,200.0,0.0,15.0,0.0,0.0,0.0,0.0
0.0,200.0,0.0,11.0,0.0,0.0,0.0,0.0
0.0,200.0,0.0,17.0,0.0,0.0,0.0,0.0
0.0,200.0,0.0,13.0,0.0,0.0,0.0,0.0
0.0,120.0,0.0,7.0,0.0,0.0,0.0,0.0
0.0,30.0,0.0,8.0,0.0,0.0,0.0,0.0
0.0,30.0,0.0,20.0,0.0,0.0,0.0,0.0
0.0,200.0,0.0,12.0,0.0,0.0,0.0,0.0
0.0,30.0,0.0,14.0,0.0,55.0,0.0,0.0
0.0,200.0,0.0,7.0,0.0,0.0,0.0,0.0
0.0,200.0,0.0,16.0,0.0,0.0,0.0,0.0
0.0,30.0,0.0,10.0,0.0,0.0,0.0,0.0
0.0,200.0,0.0,18.0,0.0,0.0,0.0,0.0
0.0,30.0,0.0,10.0,0.0,0.0,0.0,0.0
0.0,200.0,0.0,22.0,0.0,0.0,0.0,0.0
0.0,200.0,0.0,14.0,0.0,0.0,0.0,0.0
0.0,200.0,0.0,22.0,0.0,0.0,0.0,0.0
0.0,60.0,0.0,12.0,0.0,0.0,1.0,0.0
0.0,180.0,0.0,11.0,0.0,267.0,0.0,0.0
0.0,60.0,0.0,8.0,0.0,0.0,0.0,0.0
0.0,30.0,0.0,9.0,0.0,0.0,0.0,0.0
0.0,200.0,0.0,8.0,0.0,0.0,0.0,0.0
0.0,200.0,0.0,11.0,0.0,0.0,0.0,0.0
0.0,90.0,0.0,7.0,0.0,0.0,0.0,0.0
0.0,90.0,0.0,7.0,0.0,0.0,0.0,0.0
0.0,30.0,0.0,17.0,0.0,0.0,0.0,0.0
0.0,200.0,0.0,9.0,0.0,0.0,0.0,0.0
0.0,180.0,0.0,16.0,0.0,0.0,0.0,0.0
0.0,90.0,0.0,12.0,0.0,0.0,0.0,0.0
0.0,200.0,0.0,21.0,0.0,0.0,0.0,0.0
0.0,200.0,0.0,8.0,0.0,0.0,0.0,0.0
0.0,30.0,0.0,15.0,0.0,4.0,0.0,0.0
0.0,150.0,0.0,22.0,0.0,0.0,0.0,0.0
0.0,60.0,0.0,17.0,0.0,0.0,0.0,0.0
0.0,150.0,0.0,18.0,0.0,0.0,0.0,0.0
0.0,200.0,0.0,20.0,0.0,0.0,0.0,0.0
0.0,200.0,0.0,10.0,0.0,0.0,0.0,0.0
0.0,200.0,0.0,21.0,0.0,0.0,0.0,0.0
0.0,30.0,0.0,16.0,0.0,0.0,0.0,0.0
0.0,200.0,0.0,15.0,0.0,0.0,0.0,0.0
0.0,30.0,0.0,20.0,0.0,0.0,0.0,0.0
0.0,150.0,0.0,14.0,0.0,0.0,0.0,0.0
0.0,30.0,0.0,20.0,0.0,1.0,0.0,0.0
0.0,30.0,0.0,10.0,0.0,2030.0,0.0,0.0
0.0,90.0,0.0,15.0,0.0,0.0,0.0,0.0
0.0,30.0,0.0,15.0,0.0,2.0,0.0,0.0
0.0,200.0,0.0,17.0,0.0,0.0,0.0,0.0
0.0,200.0,0.0,11.0,0.0,0.0,0.0,0.0
0.0,30.0,0.0,14.0,0.0,0.0,0.0,0.0
0.0,30.0,0.0,19.0,0.0,0.0,0.0,0.0
0.0,30.0,0.0,15.0,0.0,0.0,0.0,0.0
0.0,200.0,0.0,21.0,0.0,0.0,0.0,0.0
0.0,200.0,0.0,9.0,0.0,0.0,0.0,0.0
0.0,200.0,0.0,12.0,0.0,0.0,0.0,0.0
0.0,200.0,0.0,11.0,0.0,0.0,0.0,0.0
0.0,90.0,0.0,8.0,0.0,0.0,0.0,0.0
0.0,30.0,0.0,19.0,0.0,0.0,0.0,0.0
0.0,60.0,0.0,14.0,0.0,0.0,0.0,0.0
0.0,90.0,0.0,9.0,0.0,0.0,0.0,0.0
0.0,60.0,0.0,16.0,0.0,0.0,0.0,0.0
0.0,90.0,0.0,17.0,0.0,0.0,0.0,0.0
0.0,30.0,0.0,12.0,0.0,2596.0,0.0,0.0
0.0,200.0,0.0,18.0,0.0,0.0,0.0,0.0
0.0,200.0,0.0,20.0,0.0,0.0,0.0,0.0
0.0,90.0,0.0,11.0,0.0,0.0,0.0,0.0
0.0,60.0,0.0,16.0,0.0,0.0,0.0,0.0
0.0,30.0,0.0,10.0,0.0,0.0,0.0,0.0
0.0,30.0,0.0,7.0,0.0,0.0,0.0,0.0
0.0,90.0,0.0,8.0,0.0,0.0,0.0,0.0
0.0,200.0,0.0,17.0,0.0,0.0,0.0,0.0
0.0,200.0,0.0,11.0,0.0,0.0,0.0,0.0
0.0,200.0,0.0,17.0,0.0,0.0,0.0,0.0
0.0,30.0,0.0,17.0,0.0,0.0,0.0,0.0
0.0,30.0,0.0,8.0,0.0,0.0,0.0,0.0
0.0,60.0,0.0,9.0,0.0,7200.0,0.0,0.0
0.0,200.0,0.0,8.0,0.0,0.0,0.0,0.0
0.0,60.0,0.0,17.0,0.0,0.0,0.0,0.0
0.0,180.0,0.0,19.0,0.0,0.0,0.0,0.0
0.0,200.0,0.0,11.0,0.0,0.0,0.0,0.0
0.0,60.0,0.0,22.0,0.0,2467.0,0.0,0.0
0.0,200.0,0.0,21.0,0.0,0.0,0.0,0.0
0.0,30.0,0.0,19.0,0.0,0.0,0.0,0.0
0.0,200.0,0.0,19.0,0.0,0.0,0.0,0.0
0.0,150.0,0.0,11.0,0.0,1365.0,0.0,0.0
0.0,30.0,0.0,19.0,0.0,0.0,0.0,0.0
0.0,90.0,0.0,15.0,0.0,0.0,0.0,0.0
0.0,200.0,0.0,12.0,0.0,0.0,0.0,0.0
0.0,200.0,0.0,7.0,0.0,0.0,0.0,0.0
0.0,30.0,0.0,9.0,0.0,0.0,0.0,0.0
0.0,90.0,0.0,19.0,0.0,0.0,0.0,0.0
0.0,200.0,0.0,8.0,0.0,0.0,0.0,0.0
0.0,200.0,0.0,15.0,0.0,0.0,0.0,0.0
0.0,200.0,0.0,12.0,0.0,0.0,0.0,0.0
0.0,200.0,0.0,22.0,0.0,0.0,0.0,0.0
0.0,60.0,0.0,13.0,0.0,0.0,0.0,0.0
0.0,200.0,0.0,10.0,0.0,0.0,0.0,0.0
0.0,200.0,0.0,21.0,0.0,0.0,0.0,0.0
0.0,60.0,0.0,18.0,0.0,0.0,0.0,0.0
0.0,60.0,0.0,20.0,0.0,0.0,0.0,0.0
0.0,30.0,0.0,17.0,0.0,0.0,0.0,0.0
0.0,200.0,0.0,8.0,0.0,0.0,0.0,0.0
0.0,200.0,0.0,13.0,0.0,0.0,0.0,0.0
0.0,30.0,0.0,7.0,0.0,5.0,0.0,0.0
0.0,30.0,0.0,8.0,0.0,9.0,0.0,0.0
0.0,30.0,0.0,22.0,0.0,0.0,0.0,0.0
0.0,200.0,0.0,9.0,0.0,0.0,0.0,0.0
0.0,30.0,0.0,10.0,0.0,0.0,0.0,0.0
0.0,30.0,0.0,9.0,0.0,0.0,0.0,0.0
0.0,200.0,0.0,7.0,0.0,0.0,0.0,0.0
0.0,30.0,0.0,8.0,0.0,0.0,9.0,0.0
0.0,200.0,0.0,11.0,0.0,0.0,0.0,0.0
0.0,120.0,0.0,17.0,0.0,0.0,0.0,0.0
0.0,200.0,0.0,8.0,0.0,0.0,0.0,0.0
0.0,200.0,0.0,15.0,0.0,0.0,0.0,0.0
0.0,30.0,0.0,7.0,0.0,0.0,0.0,0.0
0.0,30.0,0.0,16.0,0.0,1.0,0.0,0.0
0.0,200.0,0.0,14.0,0.0,0.0,0.0,0.0
0.0,200.0,0.0,22.0,0.0,0.0,0.0,0.0
0.0,200.0,0.0,9.0,0.0,0.0,0.0,0.0
0.0,30.0,0.0,10.0,0.0,0.0,0.0,0.0
0.0,180.0,0.0,8.0,0.0,0.0,0.0,0.0
0.0,120.0,0.0,20.0,0.0,0.0,0.0,0.0
0.0,30.0,0.0,14.0,0.0,0.0,0.0,0.0
0.0,200.0,0.0,17.0,0.0,0.0,0.0,0.0
0.0,150.0,0.0,15.0,0.0,0.0,0.0,0.0
0.0,200.0,0.0,21.0,0.0,0.0,0.0,0.0
0.0,180.0,0.0,13.0,0.0,0.0,0.0,0.0
0.0,30.0,0.0,12.0,0.0,1.0,0.0,0.0
0.0,200.0,0.0,11.0,0.0,0.0,0.0,0.0
0.0,60.0,0.0,17.0,0.0,0.0,0.0,0.0
0.0,30.0,0.0,10.0,0.0,0.0,0.0,0.0
0.0,200.0,0.0,10.0,0.0,0.0,0.0,0.0
0.0,30.0,0.0,9.0,0.0,22.0,0.0,0.0
0.0,200.0,0.0,22.0,0.0,0.0,0.0,0.0
0.0,180.0,0.0,11.0,0.0,0.0,0.0,0.0
0.0,200.0,0.0,11.0,0.0,0.0,0.0,0.0
0.0,90.0,0.0,12.0,0.0,0.0,0.0,0.0
0.0,30.0,0.0,18.0,0.0,3915.0,0.0,0.0
0.0,30.0,0.0,9.0,0.0,0.0,0.0,0.0
0.0,60.0,0.0,18.0,0.0,0.0,0.0,0.0
0.0,30.0,0.0,10.0,0.0,0.0,0.0,0.0
0.0,200.0,0.0,13.0,0.0,0.0,0.0,0.0
0.0,200.0,0.0,10.0,0.0,0.0,0.0,0.0
0.0,90.0,0.0,15.0,0.0,0.0,0.0,0.0
0.0,200.0,0.0,18.0,0.0,0.0,0.0,0.0
0.0,200.0,0.0,9.0,0.0,0.0,0.0,0.0
0.0,200.0,0.0,16.0,0.0,0.0,0.0,0.0
0.0,200.0,0.0,11.0,0.0,0.0,0.0,0.0
0.0,150.0,0.0,7.0,0.0,0.0,0.0,0.0
0.0,90.0,0.0,15.0,0.0,0.0,0.0,0.0
0.0,200.0,0.0,8.0,0.0,0.0,0.0,0.0
0.0,200.0,0.0,7.0,0.0,0.0,0.0,0.0
0.0,200.0,0.0,16.0,0.0,0.0,0.0,0.0
0.0,200.0,0.0,19.0,0.0,0.0,0.0,0.0
0.0,30.0,0.0,12.0,0.0,0.0,0.0,0.0
0.0,200.0,0.0,9.0,0.0,0.0,0.0,0.0
0.0,30.0,0.0,17.0,0.0,0.0,0.0,0.0
0.0,200.0,0.0,10.0,0.0,0.0,0.0,0.0
0.0,200.0,0.0,22.0,0.0,0.0,0.0,0.0
0.0,200.0,0.0,15.0,0.0,0.0,0.0,0.0
0.0,120.0,0.0,18.0,0.0,0.0,0.0,0.0
0.0,200.0,0.0,12.0,0.0,0.0,0.0,0.0
0.0,30.0,0.0,14.0,0.0,0.0,0.0,0.0
0.0,200.0,0.0,20.0,0.0,0.0,0.0,0.0
0.0,30.0,0.0,11.0,0.0,0.0,0.0,0.0
0.0,30.0,0.0,13.0,0.0,0.0,0.0,0.0
0.0,150.0,0.0,13.0,0.0,0.0,0.0,0.0
0.0,90.0,0.0,16.0,0.0,0.0,0.0,0.0
0.0,60.0,0.0,8.0,0.0,0.0,0.0,0.0
0.0,200.0,0.0,15.0,0.0,0.0,0.0,0.0
0.0,60.0,0.0,17.0,0.0,0.0,1.0,0.0
0.0,120.0,0.0,20.0,0.0,0.0,0.0,0.0
0.0,200.0,0.0,14.0,0.0,0.0,0.0,0.0
0.0,200.0,0.0,21.0,0.0,0.0,0.0,0.0
0.0,30.0,0.0,17.0,0.0,0.0,0.0,0.0
0.0,30.0,0.0,10.0,0.0,0.0,0.0,0.0
0.0,200.0,0.0,15.0,0.0,0.0,0.0,0.0
0.0,30.0,0.0,21.0,0.0,0.0,0.0,0.0
0.0,60.0,0.0,21.0,0.0,0.0,0.0,0.0
0.0,150.0,0.0,9.0,0.0,0.0,0.0,0.0
0.0,200.0,0.0,7.0,0.0,0.0,0.0,0.0
0.0,30.0,0.0,22.0,0.0,0.0,0.0,0.0
0.0,30.0,0.0,12.0,0.0,0.0,0.0,0.0
0.0,120.0,0.0,18.0,0.0,0.0,0.0,0.0
0.0,200.0,0.0,10.0,0.0,0.0,0.0,0.0
0.0,180.0,0.0,11.0,0.0,0.0,0.0,0.0
0.0,200.0,0.0,20.0,0.0,0.0,0.0,0.0
0.0,200.0,0.0,8.0,0.0,0.0,0.0,0.0
0.0,150.0,0.0,22.0,0.0,0.0,0.0,0.0
0.0,60.0,0.0,7.0,0.0,0.0,0.0,0.0
0.0,200.0,0.0,15.0,0.0,0.0,0.0,0.0
0.0,200.0,0.0,19.0,0.0,0.0,0.0,0.0
0.0,200.0,0.0,12.0,0.0,0.0,0.0,0.0
0.0,200.0,0.0,16.0,0.0,0.0,0.0,0.0
0.0,30.0,0.0,18.0,0.0,0.0,0.0,0.0
0.0,200.0,0.0,14.0,0.0,0.0,0.0,0.0
0.0,200.0,0.0,10.0,0.0,0.0,0.0,0.0
0.0,90.0,0.0,10.0,0.0,0.0,0.0,0.0
0.0,200.0,0.0,14.0,0.0,0.0,0.0,0.0
0.0,30.0,0.0,7.0,0.0,1.0,0.0,0.0
0.0,30.0,0.0,15.0,0.0,0.0,0.0,0.0
0.0,60.0,0.0,17.0,0.0,0.0,0.0,0.0
0.0,200.0,0.0,8.0,0.0,0.0,0.0,0.0
0.0,30.0,0.0,10.0,0.0,0.0,0.0,0.0
0.0,200.0,0.0,19.0,0.0,0.0,0.0,0.0
0.0,30.0,0.0,10.0,0.0,0.0,0.0,0.0
0.0,90.0,0.0,11.0,0.0,4555.0,0.0,0.0
0.0,30.0,0.0,19.0,0.0,0.0,0.0,0.0
0.0,200.0,0.0,12.0,0.0,0.0,0.0,0.0
0.0,200.0,0.0,15.0,0.0,0.0,0.0,0.0
0.0,200.0,0.0,7.0,0.0,0.0,0.0,0.0
0.0,30.0,0.0,15.0,0.0,7.0,0.0,0.0
0.0,90.0,0.0,7.0,0.0,0.0,0.0,0.0
0.0,120.0,0.0,17.0,0.0,2229.0,0.0,0.0
0.0,200.0,0.0,21.0,0.0,0.0,0.0,0.0
0.0,200.0,0.0,17.0,0.0,0.0,0.0,0.0
0.0,30.0,0.0,16.0,0.0,0.0,0.0,0.0
0.0,200.0,0.0,16.0,0.0,0.0,0.0,0.0
0.0,30.0,0.0,14.0,0.0,0.0,0.0,0.0
0.0,200.0,0.0,9.0,0.0,0.0,0.0,0.0
0.0,90.0,0.0,17.0,0.0,0.0,0.0,0.0
0.0,60.0,0.0,17.0,0.0,0.0,0.0,0.0
0.0,30.0,0.0,10.0,0.0,0.0,0.0,0.0
0.0,180.0,0.0,10.0,0.0,0.0,0.0,0.0
0.0,200.0,0.0,15.0,0.0,0.0,0.0,0.0
0.0,200.0,0.0,10.0,0.0,0.0,0.0,0.0
0.0,200.0,0.0,22.0,0.0,0.0,0.0,0.0
0.0,60.0,0.0,12.0,0.0,0.0,0.0,0.0
0.0,200.0,0.0,18.0,0.0,0.0,0.0,0.0
0.0,30.0,0.0,11.0,0.0,0.0,9.0,0.0
0.0,30.0,0.0,22.0,0.0,0.0,0.0,0.0
0.0,200.0,0.0,7.0,0.0,0.0,0.0,0.0
0.0,200.0,0.0,17.0,0.0,0.0,0.0,0.0
0.0,30.0,0.0,16.0,0.0,0.0,0.0,0.0
0.0,30.0,0.0,17.0,0.0,0.0,0.0,0.0
0.0,200.0,0.0,18.0,0.0,0.0,0.0,0.0
0.0,30.0,0.0,18.0,0.0,28.0,0.0,0.0
0.0,90.0,0.0,21.0,0.0,0.0,0.0,0.0
0.0,30.0,0.0,13.0,0.0,0.0,0.0,0.0
0.0,30.0,0.0,12.0,0.0,0.0,0.0,0.0
0.0,120.0,0.0,12.0,0.0,0.0,0.0,0.0
0.0,30.0,0.0,18.0,0.0,0.0,0.0,0.0
0.0,30.0,0.0,15.0,0.0,0.0,0.0,0.0
0.0,30.0,0.0,11.0,0.0,0.0,0.0,0.0
0.0,30.0,0.0,10.0,0.0,0.0,0.0,0.0
0.0,200.0,0.0,13.0,0.0,0.0,0.0,0.0
0.0,200.0,0.0,11.0,0.0,0.0,0.0,0.0
0.0,200.0,0.0,18.0,0.0,0.0,0.0,0.0
0.0,200.0,0.0,16.0,0.0,0.0,0.0,0.0
0.0,200.0,0.0,22.0,0.0,0.0,0.0,0.0
0.0,60.0,0.0,16.0,0.0,0.0,0.0,0.0
0.0,150.0,0.0,8.0,0.0,0.0,0.0,0.0
0.0,30.0,0.0,20.0,0.0,0.0,0.0,0.0
0.0,150.0,0.0,13.0,0.0,0.0,0.0,0.0
0.0,200.0,0.0,14.0,0.0,0.0,0.0,0.0
0.0,200.0,0.0,10.0,0.0,0.0,0.0,0.0
0.0,120.0,0.0,20.0,0.0,0.0,0.0,0.0
0.0,30.0,0.0,11.0,0.0,0.0,0.0,0.0
0.0,200.0,0.0,16.0,0.0,0.0,0.0,0.0
0.0,30.0,0.0,21.0,0.0,2.0,0.0,0.0
0.0,30.0,0.0,20.0,0.0,0.0,0.0,0.0
0.0,90.0,0.0,14.0,0.0,0.0,0.0,0.0
0.0,60.0,0.0,20.0,0.0,0.0,0.0,0.0
0.0,200.0,0.0,8.0,0.0,0.0,0.0,0.0
0.0,30.0,0.0,21.0,0.0,7200.0,0.0,0.0
0.0,200.0,0.0,17.0,0.0,0.0,0.0,0.0
0.0,30.0,0.0,17.0,0.0,38.0,0.0,0.0
0.0,30.0,0.0,8.0,0.0,17.0,0.0,0.0
0.0,30.0,0.0,12.0,0.0,0.0,0.0,0.0
0.0,200.0,0.0,11.0,0.0,0.0,0.0,0.0
0.0,200.0,0.0,7.0,0.0,0.0,0.0,0.0
0.0,200.0,0.0,9.0,0.0,0.0,0.0,0.0
0.0,90.0,0.0,21.0,0.0,0.0,0.0,0.0
0.0,30.0,0.0,10.0,0.0,0.0,0.0,0.0
0.0,30.0,0.0,10.0,0.0,7200.0,0.0,0.0
0.0,30.0,0.0,11.0,0.0,7200.0,0.0,0.0
0.0,200.0,0.0,14.0,0.0,0.0,0.0,0.0
0.0,200.0,0.0,11.0,0.0,0.0,0.0,0.0
0.0,200.0,0.0,14.0,0.0,0.0,0.0,0.0
0.0,200.0,0.0,10.0,0.0,0.0,0.0,0.0
0.0,180.0,0.0,7.0,0.0,0.0,0.0,0.0
0.0,150.0,0.0,22.0,0.0,0.0,0.0,0.0
0.0,30.0,0.0,12.0,0.0,1.0,0.0,0.0
0.0,30.0,0.0,14.0,0.0,0.0,0.0,0.0
0.0,30.0,0.0,9.0,1.0,7200.0,60.0,0.0
0.0,30.0,0.0,14.0,0.0,25.0,0.0,0.0
0.0,200.0,0.0,12.0,0.0,0.0,0.0,0.0
0.0,200.0,0.0,22.0,0.0,0.0,0.0,0.0
0.0,30.0,0.0,7.0,0.0,0.0,0.0,0.0
0.0,200.0,0.0,19.0,0.0,0.0,0.0,0.0
0.0,200.0,0.0,15.0,0.0,0.0,0.0,0.0
0.0,200.0,0.0,16.0,0.0,0.0,0.0,0.0
0.0,30.0,0.0,10.0,0.0,14.0,0.0,0.0
0.0,30.0,0.0,22.0,0.0,29.0,0.0,0.0
0.0,200.0,0.0,18.0,0.0,0.0,0.0,0.0
0.0,30.0,0.0,20.0,0.0,0.0,0.0,0.0
0.0,180.0,0.0,21.0,0.0,0.0,0.0,0.0
0.0,30.0,0.0,12.0,0.0,27.0,0.0,0.0
0.0,200.0,0.0,22.0,0.0,0.0,0.0,0.0
0.0,30.0,0.0,14.0,0.0,0.0,0.0,0.0
0.0,200.0,0.0,13.0,0.0,0.0,0.0,0.0
0.0,200.0,0.0,18.0,0.0,0.0,0.0,0.0
0.0,200.0,0.0,19.0,0.0,0.0,0.0,0.0
0.0,200.0,0.0,13.0,0.0,0.0,0.0,0.0
0.0,60.0,0.0,11.0,0.0,0.0,0.0,0.0
0.0,200.0,0.0,14.0,0.0,0.0,0.0,0.0
0.0,30.0,0.0,18.0,0.0,0.0,0.0,0.0
0.0,150.0,0.0,19.0,0.0,0.0,0.0,0.0
0.0,200.0,0.0,17.0,0.0,0.0,0.0,0.0
0.0,120.0,0.0,14.0,0.0,0.0,0.0,0.0
0.0,200.0,0.0,9.0,0.0,0.0,0.0,0.0
0.0,200.0,0.0,11.0,0.0,0.0,0.0,0.0
0.0,30.0,0.0,9.0,0.0,0.0,0.0,0.0
0.0,200.0,0.0,14.0,0.0,0.0,0.0,0.0
0.0,200.0,0.0,17.0,0.0,0.0,0.0,0.0
0.0,180.0,0.0,13.0,0.0,0.0,0.0,0.0
0.0,60.0,0.0,13.0,0.0,2.0,0.0,0.0
0.0,90.0,0.0,20.0,0.0,0.0,0.0,0.0
0.0,30.0,0.0,21.0,1.0,389.0,47.0,0.0
0.0,200.0,0.0,14.0,0.0,0.0,0.0,0.0
0.0,200.0,0.0,9.0,0.0,0.0,0.0,0.0
0.0,60.0,0.0,12.0,0.0,0.0,0.0,0.0
0.0,200.0,0.0,20.0,0.0,0.0,0.0,0.0
0.0,60.0,0.0,11.0,0.0,0.0,0.0,0.0
0.0,30.0,0.0,8.0,0.0,5.0,0.0,0.0
0.0,30.0,0.0,18.0,0.0,22.0,0.0,0.0
0.0,30.0,0.0,19.0,0.0,0.0,0.0,0.0
0.0,30.0,0.0,15.0,0.0,0.0,0.0,0.0
0.0,90.0,0.0,17.0,0.0,0.0,0.0,0.0
0.0,200.0,0.0,11.0,0.0,0.0,0.0,0.0
0.0,60.0,0.0,10.0,0.0,0.0,0.0,0.0
0.0,200.0,0.0,22.0,0.0,0.0,0.0,0.0
0.0,200.0,0.0,20.0,0.0,0.0,0.0,0.0
0.0,60.0,0.0,17.0,0.0,0.0,0.0,0.0
0.0,150.0,0.0,8.0,0.0,7200.0,0.0,0.0
0.0,60.0,0.0,19.0,0.0,1451.0,0.0,0.0
0.0,60.0,0.0,20.0,0.0,0.0,0.0,0.0
0.0,60.0,0.0,13.0,0.0,0.0,0.0,0.0
0.0,90.0,0.0,9.0,0.0,0.0,0.0,0.0
0.0,30.0,0.0,19.0,0.0,0.0,0.0,0.0
0.0,30.0,0.0,8.0,0.0,0.0,0.0,0.0
0.0,30.0,0.0,16.0,0.0,0.0,0.0,0.0
0.0,30.0,0.0,11.0,0.0,2.0,0.0,0.0
0.0,150.0,0.0,14.0,0.0,0.0,0.0,0.0
0.0,200.0,0.0,7.0,0.0,0.0,0.0,0.0
0.0,60.0,0.0,22.0,0.0,0.0,0.0,0.0
0.0,30.0,0.0,9.0,0.0,0.0,0.0,0.0
0.0,200.0,0.0,19.0,0.0,0.0,0.0,0.0
0.0,90.0,0.0,16.0,0.0,0.0,0.0,0.0
0.0,30.0,0.0,16.0,0.0,0.0,0.0,0.0
0.0,30.0,0.0,7.0,0.0,0.0,0.0,0.0
0.0,30.0,0.0,18.0,0.0,0.0,0.0,0.0
0.0,200.0,0.0,16.0,0.0,0.0,0.0,0.0
0.0,180.0,0.0,20.0,0.0,0.0,0.0,0.0
0.0,200.0,0.0,14.0,0.0,0.0,0.0,0.0
0.0,30.0,0.0,11.0,0.0,0.0,0.0,0.0
0.0,30.0,0.0,19.0,0.0,0.0,0.0,0.0
0.0,60.0,0.0,11.0,0.0,0.0,0.0,0.0
0.0,200.0,0.0,12.0,0.0,0.0,0.0,0.0
0.0,200.0,0.0,10.0,0.0,0.0,0.0,0.0
0.0,60.0,0.0,21.0,0.0,2.0,0.0,0.0
0.0,30.0,0.0,22.0,0.0,0.0,0.0,0.0
0.0,200.0,0.0,18.0,0.0,0.0,0.0,0.0
0.0,200.0,0.0,10.0,0.0,0.0,0.0,0.0
0.0,30.0,0.0,16.0,0.0,1.0,0.0,0.0
0.0,30.0,0.0,15.0,0.0,0.0,0.0,0.0
0.0,30.0,0.0,7.0,0.0,4219.0,0.0,0.0
0.0,150.0,0.0,17.0,0.0,0.0,0.0,0.0
0.0,200.0,0.0,7.0,0.0,0.0,0.0,0.0
0.0,200.0,0.0,7.0,0.0,0.0,0.0,0.0
0.0,200.0,0.0,14.0,0.0,0.0,0.0,0.0
0.0,30.0,0.0,11.0,0.0,1.0,0.0,0.0
0.0,150.0,0.0,17.0,0.0,0.0,0.0,0.0
0.0,150.0,0.0,20.0,0.0,0.0,0.0,0.0
0.0,30.0,0.0,15.0,0.0,682.0,0.0,0.0
0.0,200.0,0.0,12.0,0.0,0.0,0.0,0.0
0.0,200.0,0.0,11.0,0.0,0.0,0.0,0.0
0.0,200.0,0.0,11.0,0.0,0.0,0.0,0.0
0.0,200.0,0.0,14.0,0.0,0.0,0.0,0.0
0.0,30.0,0.0,17.0,0.0,0.0,0.0,0.0
0.0,30.0,0.0,14.0,0.0,0.0,0.0,0.0
0.0,60.0,0.0,16.0,0.0,0.0,0.0,0.0
0.0,30.0,0.0,14.0,0.0,0.0,0.0,0.0
0.0,120.0,0.0,8.0,0.0,0.0,0.0,0.0
0.0,30.0,0.0,7.0,0.0,0.0,0.0,0.0
0.0,30.0,0.0,13.0,0.0,21.0,0.0,0.0
0.0,200.0,0.0,14.0,0.0,0.0,0.0,0.0
0.0,60.0,0.0,14.0,0.0,0.0,0.0,0.0
0.0,30.0,0.0,14.0,0.0,0.0,0.0,0.0
0.0,30.0,0.0,19.0,0.0,1.0,0.0,0.0
0.0,200.0,0.0,10.0,0.0,0.0,0.0,0.0
0.0,30.0,0.0,22.0,0.0,1.0,0.0,0.0
0.0,150.0,0.0,19.0,0.0,0.0,0.0,0.0
0.0,90.0,0.0,21.0,0.0,0.0,0.0,0.0
0.0,200.0,0.0,15.0,0.0,0.0,0.0,0.0
0.0,30.0,0.0,9.0,0.0,0.0,0.0,0.0
0.0,30.0,0.0,12.0,0.0,120.0,1.0,0.0
0.0,30.0,0.0,12.0,0.0,18.0,0.0,0.0
0.0,200.0,0.0,15.0,0.0,0.0,0.0,0.0
0.0,150.0,0.0,21.0,0.0,0.0,0.0,0.0
0.0,200.0,0.0,14.0,0.0,0.0,0.0,0.0
0.0,180.0,0.0,14.0,0.0,0.0,0.0,0.0
0.0,200.0,0.0,19.0,0.0,0.0,0.0,0.0
0.0,200.0,0.0,16.0,0.0,0.0,0.0,0.0
0.0,120.0,0.0,13.0,0.0,0.0,0.0,0.0
0.0,180.0,0.0,21.0,0.0,0.0,0.0,0.0
0.0,90.0,0.0,17.0,0.0,0.0,0.0,0.0
0.0,200.0,0.0,22.0,0.0,0.0,0.0,0.0
0.0,30.0,0.0,7.0,0.0,0.0,0.0,0.0
0.0,90.0,0.0,17.0,0.0,0.0,0.0,0.0
0.0,200.0,0.0,21.0,0.0,0.0,0.0,0.0
0.0,30.0,0.0,22.0,0.0,40.0,0.0,0.0
0.0,200.0,0.0,18.0,0.0,0.0,0.0,0.0
0.0,30.0,0.0,18.0,0.0,0.0,0.0,0.0
0.0,150.0,0.0,15.0,0.0,0.0,0.0,0.0
0.0,60.0,0.0,13.0,0.0,0.0,0.0,0.0
0.0,90.0,0.0,7.0,0.0,0.0,0.0,0.0
0.0,200.0,0.0,19.0,0.0,0.0,0.0,0.0
0.0,200.0,0.0,16.0,0.0,0.0,0.0,0.0
0.0,200.0,0.0,15.0,0.0,0.0,0.0,0.0
0.0,30.0,0.0,9.0,0.0,6.0,0.0,0.0
0.0,90.0,0.0,16.0,0.0,0.0,0.0,0.0
0.0,180.0,0.0,20.0,0.0,0.0,0.0,0.0
0.0,200.0,0.0,13.0,0.0,0.0,0.0,0.0
0.0,200.0,0.0,11.0,0.0,0.0,0.0,0.0
0.0,200.0,0.0,18.0,0.0,0.0,0.0,0.0
0.0,200.0,0.0,17.0,0.0,0.0,0.0,0.0
0.0,200.0,0.0,14.0,0.0,0.0,0.0,0.0
0.0,200.0,0.0,22.0,0.0,0.0,0.0,0.0
0.0,120.0,0.0,18.0,0.0,0.0,0.0,0.0
0.0,200.0,0.0,7.0,0.0,0.0,0.0,0.0
0.0,90.0,0.0,12.0,0.0,0.0,0.0,0.0
0.0,60.0,0.0,12.0,0.0,0.0,0.0,0.0
0.0,200.0,0.0,12.0,0.0,0.0,0.0,0.0
0.0,90.0,0.0,15.0,0.0,0.0,0.0,0.0
0.0,200.0,0.0,10.0,0.0,0.0,0.0,0.0
0.0,30.0,0.0,21.0,0.0,0.0,0.0,0.0
0.0,150.0,0.0,22.0,0.0,0.0,0.0,0.0
0.0,200.0,0.0,16.0,0.0,0.0,0.0,0.0
0.0,30.0,0.0,15.0,0.0,0.0,0.0,0.0
0.0,30.0,0.0,9.0,0.0,0.0,0.0,0.0
0.0,120.0,0.0,12.0,0.0,0.0,0.0,0.0
0.0,200.0,0.0,8.0,0.0,0.0,0.0,0.0
0.0,200.0,0.0,10.0,0.0,0.0,0.0,0.0
0.0,200.0,0.0,21.0,0.0,0.0,0.0,0.0
0.0,200.0,0.0,11.0,0.0,0.0,0.0,0.0
0.0,200.0,0.0,15.0,0.0,0.0,0.0,0.0
0.0,200.0,0.0,8.0,0.0,0.0,0.0,0.0
0.0,60.0,0.0,10.0,0.0,2.0,0.0,0.0
0.0,30.0,0.0,7.0,0.0,0.0,0.0,0.0
0.0,200.0,0.0,10.0,0.0,0.0,0.0,0.0
0.0,180.0,0.0,22.0,0.0,0.0,0.0,0.0
0.0,30.0,0.0,19.0,0.0,0.0,0.0,0.0
0.0,200.0,0.0,22.0,0.0,0.0,0.0,0.0
0.0,60.0,0.0,16.0,0.0,0.0,0.0,0.0
0.0,200.0,0.0,11.0,0.0,0.0,0.0,0.0
0.0,30.0,0.0,22.0,0.0,1545.0,0.0,0.0
0.0,30.0,0.0,16.0,0.0,0.0,0.0,0.0
0.0,30.0,0.0,12.0,0.0,27.0,0.0,0.0
0.0,60.0,0.0,17.0,0.0,0.0,0.0,0.0
0.0,200.0,0.0,14.0,0.0,0.0,0.0,0.0
0.0,30.0,0.0,18.0,0.0,0.0,0.0,0.0
0.0,180.0,0.0,12.0,0.0,0.0,0.0,0.0
0.0,60.0,0.0,7.0,0.0,0.0,0.0,0.0
0.0,200.0,0.0,7.0,0.0,0.0,0.0,0.0
0.0,60.0,0.0,8.0,0.0,0.0,0.0,0.0
0.0,180.0,0.0,11.0,0.0,0.0,0.0,0.0
0.0,150.0,0.0,16.0,0.0,4545.0,0.0,0.0
0.0,30.0,0.0,16.0,0.0,0.0,0.0,0.0
0.0,30.0,0.0,10.0,0.0,0.0,0.0,0.0
0.0,200.0,0.0,16.0,0.0,0.0,0.0,0.0
0.0,60.0,0.0,10.0,0.0,0.0,0.0,0.0
0.0,30.0,0.0,16.0,0.0,0.0,0.0,0.0
0.0,200.0,0.0,19.0,0.0,0.0,0.0,0.0
0.0,60.0,0.0,10.0,0.0,0.0,0.0,0.0
0.0,90.0,0.0,8.0,0.0,0.0,0.0,0.0
0.0,200.0,0.0,18.0,0.0,0.0,0.0,0.0
0.0,200.0,0.0,15.0,0.0,0.0,0.0,0.0
0.0,60.0,0.0,15.0,0.0,0.0,0.0,0.0
0.0,200.0,0.0,13.0,0.0,0.0,0.0,0.0
0.0,60.0,0.0,14.0,0.0,2620.0,0.0,0.0
0.0,120.0,0.0,16.0,0.0,0.0,0.0,0.0
0.0,200.0,0.0,16.0,0.0,0.0,0.0,0.0
0.0,30.0,0.0,18.0,0.0,0.0,0.0,0.0
0.0,120.0,0.0,16.0,0.0,0.0,0.0,0.0
0.0,200.0,0.0,14.0,0.0,0.0,0.0,0.0
0.0,200.0,0.0,15.0,0.0,0.0,0.0,0.0
0.0,200.0,0.0,21.0,0.0,0.0,0.0,0.0
0.0,30.0,0.0,18.0,0.0,0.0,0.0,0.0
0.0,200.0,0.0,21.0,0.0,0.0,0.0,0.0
0.0,60.0,0.0,16.0,0.0,0.0,0.0,0.0
0.0,30.0,0.0,10.0,0.0,0.0,0.0,0.0
0.0,30.0,0.0,17.0,0.0,0.0,0.0,0.0
0.0,30.0,0.0,9.0,0.0,7200.0,0.0,0.0
0.0,200.0,0.0,22.0,0.0,0.0,0.0,0.0
0.0,200.0,0.0,13.0,0.0,0.0,0.0,0.0
0.0,200.0,0.0,15.0,0.0,0.0,0.0,0.0
0.0,30.0,0.0,10.0,0.0,0.0,0.0,0.0
0.0,200.0,0.0,8.0,0.0,0.0,0.0,0.0
0.0,200.0,0.0,15.0,0.0,0.0,0.0,0.0
0.0,30.0,0.0,10.0,0.0,0.0,0.0,0.0
0.0,200.0,0.0,12.0,0.0,0.0,0.0,0.0
0.0,30.0,0.0,19.0,0.0,0.0,0.0,0.0
0.0,200.0,0.0,19.0,0.0,0.0,0.0,0.0
0.0,30.0,0.0,9.0,0.0,1125.0,0.0,0.0
0.0,30.0,0.0,14.0,0.0,0.0,0.0,0.0
0.0,200.0,0.0,18.0,0.0,0.0,0.0,0.0
0.0,200.0,0.0,16.0,0.0,0.0,0.0,0.0
0.0,30.0,0.0,9.0,0.0,31.0,0.0,0.0
0.0,120.0,0.0,22.0,0.0,0.0,0.0,0.0
0.0,180.0,0.0,18.0,0.0,0.0,0.0,0.0
0.0,180.0,0.0,7.0,0.0,0.0,0.0,0.0
0.0,30.0,0.0,18.0,0.0,0.0,0.0,0.0
0.0,200.0,0.0,15.0,0.0,0.0,0.0,0.0
0.0,120.0,0.0,16.0,0.0,0.0,0.0,0.0
0.0,30.0,0.0,22.0,0.0,3.0,0.0,0.0
0.0,30.0,2.0,13.0,0.0,66.0,0.0,0.0
0.0,200.0,0.0,21.0,0.0,0.0,0.0,0.0
0.0,30.0,0.0,14.0,0.0,0.0,0.0,0.0
0.0,60.0,0.0,13.0,0.0,0.0,1.0,0.0
0.0,200.0,0.0,21.0,0.0,0.0,0.0,0.0
0.0,30.0,0.0,8.0,0.0,27.0,0.0,0.0
0.0,200.0,0.0,21.0,0.0,0.0,0.0,0.0
0.0,30.0,0.0,21.0,0.0,0.0,0.0,0.0
0.0,200.0,0.0,7.0,0.0,0.0,0.0,0.0
0.0,200.0,0.0,11.0,0.0,0.0,0.0,0.0
0.0,60.0,0.0,15.0,0.0,0.0,0.0,0.0
0.0,200.0,0.0,9.0,0.0,0.0,0.0,0.0
0.0,60.0,0.0,7.0,0.0,0.0,0.0,0.0
0.0,30.0,0.0,11.0,0.0,55.0,0.0,0.0
0.0,30.0,0.0,15.0,0.0,0.0,0.0,0.0
0.0,200.0,0.0,16.0,0.0,0.0,0.0,0.0
0.0,30.0,0.0,14.0,0.0,27.0,0.0,0.0
0.0,200.0,0.0,8.0,0.0,0.0,0.0,0.0
0.0,30.0,0.0,21.0,0.0,0.0,0.0,0.0
0.0,60.0,0.0,7.0,0.0,0.0,0.0,0.0
0.0,200.0,0.0,7.0,0.0,0.0,0.0,0.0
0.0,200.0,0.0,13.0,0.0,0.0,0.0,0.0
0.0,200.0,0.0,15.0,0.0,0.0,0.0,0.0
0.0,90.0,0.0,9.0,0.0,0.0,0.0,0.0
0.0,200.0,0.0,17.0,0.0,0.0,0.0,0.0
0.0,200.0,0.0,20.0,0.0,0.0,0.0,0.0
0.0,30.0,0.0,19.0,0.0,1689.0,0.0,0.0
0.0,90.0,0.0,22.0,0.0,0.0,0.0,0.0
0.0,150.0,0.0,22.0,0.0,0.0,0.0,0.0
0.0,30.0,0.0,21.0,0.0,0.0,0.0,0.0
0.0,30.0,0.0,21.0,0.0,0.0,0.0,0.0
0.0,200.0,0.0,22.0,0.0,0.0,0.0,0.0
0.0,200.0,0.0,13.0,0.0,0.0,0.0,0.0
0.0,200.0,0.0,12.0,0.0,0.0,0.0,0.0
0.0,200.0,0.0,18.0,0.0,0.0,0.0,0.0
0.0,200.0,0.0,12.0,0.0,0.0,0.0,0.0
0.0,200.0,0.0,9.0,0.0,0.0,0.0,0.0
0.0,200.0,0.0,7.0,0.0,0.0,0.0,0.0
0.0,200.0,0.0,7.0,0.0,0.0,0.0,0.0
0.0,30.0,0.0,8.0,0.0,0.0,0.0,0.0
0.0,30.0,0.0,11.0,0.0,0.0,0.0,0.0
0.0,30.0,0.0,10.0,0.0,1.0,0.0,0.0
0.0,200.0,0.0,13.0,0.0,0.0,0.0,0.0
0.0,200.0,0.0,19.0,0.0,0.0,0.0,0.0
0.0,30.0,0.0,7.0,0.0,0.0,0.0,0.0
0.0,200.0,0.0,20.0,0.0,0.0,0.0,0.0
0.0,60.0,0.0,15.0,0.0,0.0,0.0,0.0
0.0,60.0,0.0,14.0,0.0,0.0,0.0,0.0
0.0,200.0,0.0,18.0,0.0,0.0,0.0,0.0
0.0,30.0,0.0,7.0,0.0,0.0,0.0,0.0
0.0,120.0,0.0,17.0,0.0,0.0,0.0,0.0
0.0,60.0,0.0,19.0,0.0,6.0,0.0,0.0
0.0,90.0,0.0,8.0,0.0,0.0,0.0,0.0
0.0,200.0,0.0,14.0,0.0,0.0,0.0,0.0
0.0,60.0,0.0,11.0,0.0,0.0,0.0,0.0
0.0,200.0,0.0,9.0,0.0,0.0,0.0,0.0
0.0,30.0,0.0,20.0,0.0,0.0,0.0,0.0
0.0,150.0,0.0,10.0,0.0,0.0,0.0,0.0
0.0,120.0,0.0,19.0,0.0,0.0,0.0,0.0
0.0,30.0,0.0,22.0,0.0,6214.0,0.0,0.0
0.0,200.0,0.0,17.0,0.0,0.0,0.0,0.0
0.0,150.0,0.0,7.0,0.0,0.0,0.0,0.0
0.0,30.0,0.0,10.0,0.0,0.0,0.0,0.0
0.0,30.0,0.0,19.0,0.0,1.0,0.0,0.0
0.0,200.0,0.0,7.0,0.0,0.0,0.0,0.0
0.0,200.0,0.0,10.0,0.0,0.0,0.0,0.0
0.0,180.0,0.0,21.0,0.0,0.0,0.0,0.0
0.0,30.0,0.0,11.0,0.0,0.0,0.0,0.0
0.0,30.0,0.0,13.0,0.0,0.0,0.0,0.0
0.0,200.0,0.0,9.0,0.0,0.0,0.0,0.0
0.0,90.0,0.0,21.0,0.0,0.0,0.0,0.0
0.0,60.0,0.0,22.0,0.0,1091.0,0.0,0.0
0.0,200.0,0.0,21.0,0.0,0.0,0.0,0.0
0.0,60.0,0.0,20.0,0.0,2.0,0.0,0.0
0.0,150.0,0.0,10.0,0.0,0.0,0.0,0.0
0.0,30.0,0.0,14.0,0.0,0.0,0.0,0.0
0.0,30.0,0.0,21.0,0.0,2.0,0.0,0.0
0.0,200.0,0.0,7.0,0.0,0.0,0.0,0.0
0.0,30.0,0.0,22.0,0.0,5.0,0.0,0.0
0.0,30.0,0.0,17.0,0.0,0.0,0.0,0.0
0.0,200.0,0.0,7.0,0.0,0.0,0.0,0.0
0.0,30.0,0.0,9.0,0.0,0.0,0.0,0.0
0.0,200.0,0.0,17.0,0.0,1.0,0.0,0.0
0.0,200.0,0.0,7.0,0.0,0.0,0.0,0.0
0.0,200.0,0.0,8.0,0.0,0.0,0.0,0.0
0.0,30.0,0.0,9.0,0.0,1.0,0.0,0.0
0.0,200.0,0.0,14.0,0.0,0.0,0.0,0.0
0.0,30.0,0.0,11.0,0.0,2.0,0.0,0.0
0.0,90.0,0.0,18.0,0.0,0.0,0.0,0.0
0.0,200.0,0.0,11.0,0.0,0.0,0.0,0.0
0.0,180.0,0.0,12.0,0.0,0.0,0.0,0.0
0.0,200.0,0.0,12.0,0.0,0.0,0.0,0.0
0.0,30.0,0.0,16.0,0.0,0.0,0.0,0.0
0.0,200.0,0.0,9.0,0.0,0.0,0.0,0.0
0.0,90.0,0.0,10.0,0.0,0.0,0.0,0.0
0.0,200.0,0.0,17.0,0.0,0.0,0.0,0.0
0.0,30.0,0.0,22.0,0.0,0.0,0.0,0.0
0.0,200.0,0.0,7.0,0.0,0.0,0.0,0.0
0.0,200.0,0.0,21.0,0.0,0.0,0.0,0.0
0.0,120.0,0.0,21.0,0.0,3.0,0.0,0.0
0.0,90.0,0.0,8.0,0.0,0.0,0.0,0.0
0.0,90.0,0.0,17.0,0.0,0.0,0.0,0.0
0.0,90.0,0.0,9.0,0.0,0.0,0.0,0.0
0.0,30.0,0.0,11.0,0.0,0.0,0.0,0.0
0.0,200.0,0.0,12.0,0.0,0.0,0.0,0.0
0.0,30.0,0.0,8.0,0.0,0.0,0.0,0.0
0.0,150.0,0.0,15.0,0.0,0.0,0.0,0.0
0.0,30.0,0.0,11.0,0.0,0.0,0.0,0.0
0.0,200.0,0.0,20.0,0.0,0.0,0.0,0.0
0.0,30.0,0.0,10.0,0.0,2.0,0.0,0.0
0.0,30.0,0.0,18.0,0.0,2.0,0.0,0.0
0.0,200.0,0.0,13.0,0.0,0.0,0.0,0.0
0.0,200.0,0.0,22.0,0.0,0.0,0.0,0.0
0.0,30.0,0.0,17.0,0.0,0.0,0.0,0.0
0.0,200.0,0.0,13.0,0.0,0.0,0.0,0.0
0.0,30.0,0.0,14.0,0.0,0.0,0.0,0.0
0.0,180.0,0.0,18.0,0.0,0.0,0.0,0.0
0.0,30.0,0.0,15.0,0.0,1.0,0.0,0.0
0.0,30.0,0.0,7.0,0.0,0.0,0.0,0.0
0.0,30.0,0.0,22.0,0.0,0.0,0.0,0.0
0.0,60.0,0.0,20.0,0.0,7200.0,0.0,0.0
0.0,30.0,0.0,12.0,0.0,0.0,0.0,0.0
0.0,200.0,0.0,13.0,0.0,0.0,0.0,0.0
0.0,90.0,0.0,20.0,0.0,6191.0,0.0,0.0
0.0,200.0,0.0,22.0,0.0,0.0,0.0,0.0
0.0,60.0,0.0,13.0,0.0,2.0,0.0,0.0
0.0,200.0,0.0,21.0,0.0,0.0,0.0,0.0
0.0,30.0,0.0,20.0,0.0,0.0,0.0,0.0
0.0,30.0,0.0,12.0,0.0,0.0,0.0,0.0
0.0,200.0,0.0,15.0,0.0,0.0,0.0,0.0
0.0,200.0,0.0,8.0,0.0,0.0,0.0,0.0
0.0,200.0,0.0,16.0,0.0,0.0,0.0,0.0
0.0,200.0,0.0,18.0,0.0,0.0,0.0,0.0
0.0,200.0,0.0,18.0,0.0,0.0,0.0,0.0
0.0,30.0,0.0,11.0,0.0,0.0,0.0,0.0
0.0,60.0,0.0,21.0,0.0,0.0,0.0,0.0
0.0,180.0,0.0,21.0,0.0,0.0,0.0,0.0
0.0,30.0,0.0,17.0,0.0,0.0,0.0,0.0
0.0,30.0,0.0,22.0,0.0,0.0,0.0,0.0
0.0,180.0,0.0,8.0,0.0,0.0,0.0,0.0
0.0,200.0,0.0,9.0,0.0,0.0,0.0,0.0
0.0,150.0,0.0,7.0,0.0,0.0,0.0,0.0
0.0,30.0,0.0,22.0,0.0,0.0,0.0,0.0
0.0,30.0,0.0,14.0,0.0,0.0,0.0,0.0
0.0,200.0,0.0,20.0,0.0,0.0,0.0,0.0
0.0,200.0,0.0,21.0,0.0,0.0,0.0,0.0
0.0,30.0,0.0,9.0,0.0,5.0,0.0,0.0
0.0,200.0,0.0,17.0,0.0,0.0,0.0,0.0
0.0,30.0,0.0,7.0,0.0,0.0,0.0,0.0
0.0,30.0,0.0,8.0,0.0,0.0,0.0,0.0
0.0,200.0,0.0,8.0,0.0,0.0,0.0,0.0
0.0,30.0,0.0,11.0,0.0,3.0,0.0,0.0
0.0,200.0,0.0,16.0,0.0,0.0,0.0,0.0
0.0,120.0,0.0,17.0,0.0,0.0,0.0,0.0
0.0,60.0,0.0,16.0,0.0,4.0,0.0,0.0
0.0,30.0,0.0,22.0,0.0,2.0,0.0,0.0
0.0,30.0,0.0,15.0,0.0,0.0,0.0,0.0
0.0,30.0,0.0,16.0,0.0,7200.0,0.0,0.0
0.0,30.0,0.0,18.0,0.0,0.0,0.0,0.0
0.0,30.0,0.0,9.0,0.0,1.0,0.0,0.0
0.0,200.0,0.0,16.0,0.0,0.0,0.0,0.0
0.0,30.0,0.0,9.0,0.0,0.0,0.0,0.0
0.0,30.0,0.0,17.0,0.0,1.0,0.0,0.0
0.0,200.0,0.0,20.0,0.0,0.0,0.0,0.0
0.0,120.0,0.0,19.0,0.0,0.0,0.0,0.0
0.0,30.0,0.0,10.0,0.0,0.0,0.0,0.0
0.0,60.0,0.0,15.0,0.0,0.0,0.0,0.0
0.0,150.0,0.0,22.0,0.0,0.0,0.0,0.0
0.0,200.0,0.0,14.0,0.0,0.0,0.0,0.0
0.0,30.0,0.0,13.0,0.0,0.0,0.0,0.0
0.0,30.0,0.0,18.0,0.0,2.0,0.0,0.0
0.0,30.0,0.0,10.0,0.0,0.0,0.0,0.0
0.0,200.0,0.0,14.0,0.0,0.0,0.0,0.0
0.0,30.0,0.0,10.0,0.0,0.0,0.0,0.0
0.0,150.0,0.0,18.0,0.0,0.0,0.0,0.0
0.0,150.0,0.0,18.0,0.0,0.0,0.0,0.0
0.0,60.0,0.0,21.0,0.0,0.0,0.0,0.0
0.0,200.0,0.0,10.0,0.0,0.0,0.0,0.0
0.0,90.0,0.0,8.0,0.0,450.0,0.0,0.0
0.0,30.0,0.0,15.0,0.0,1.0,0.0,0.0
0.0,60.0,0.0,8.0,0.0,0.0,0.0,0.0
0.0,200.0,0.0,10.0,0.0,0.0,0.0,0.0
0.0,200.0,0.0,12.0,0.0,0.0,0.0,0.0
0.0,30.0,0.0,11.0,0.0,0.0,0.0,0.0
0.0,30.0,0.0,16.0,0.0,0.0,0.0,0.0
0.0,60.0,0.0,7.0,0.0,0.0,0.0,0.0
0.0,200.0,0.0,11.0,0.0,0.0,0.0,0.0
0.0,200.0,0.0,13.0,0.0,0.0,0.0,0.0
0.0,200.0,0.0,11.0,0.0,0.0,0.0,0.0
0.0,150.0,0.0,17.0,0.0,0.0,0.0,0.0
0.0,200.0,0.0,18.0,0.0,0.0,0.0,0.0
0.0,200.0,0.0,19.0,0.0,0.0,0.0,0.0
0.0,200.0,0.0,15.0,0.0,0.0,0.0,0.0
0.0,30.0,0.0,13.0,0.0,7.0,0.0,0.0
0.0,30.0,0.0,15.0,0.0,0.0,0.0,0.0
0.0,200.0,0.0,10.0,0.0,0.0,0.0,0.0
0.0,60.0,0.0,11.0,0.0,0.0,0.0,0.0
0.0,60.0,0.0,20.0,0.0,10.0,0.0,0.0
0.0,200.0,0.0,19.0,0.0,0.0,0.0,0.0
0.0,200.0,0.0,13.0,0.0,0.0,0.0,0.0
0.0,120.0,0.0,15.0,0.0,0.0,0.0,0.0
0.0,200.0,0.0,21.0,0.0,0.0,0.0,0.0
0.0,200.0,0.0,8.0,0.0,0.0,0.0,0.0
0.0,200.0,0.0,12.0,0.0,0.0,0.0,0.0
0.0,120.0,0.0,16.0,0.0,0.0,0.0,0.0
0.0,120.0,0.0,7.0,0.0,0.0,0.0,0.0
0.0,30.0,0.0,8.0,0.0,0.0,0.0,0.0
0.0,60.0,0.0,22.0,0.0,0.0,0.0,0.0
0.0,120.0,0.0,20.0,0.0,7200.0,0.0,0.0
0.0,90.0,0.0,18.0,0.0,0.0,0.0,0.0
0.0,30.0,0.0,13.0,0.0,0.0,0.0,0.0
0.0,60.0,0.0,9.0,0.0,0.0,0.0,0.0
0.0,200.0,0.0,7.0,0.0,0.0,0.0,0.0
0.0,200.0,0.0,22.0,0.0,0.0,0.0,0.0
0.0,200.0,0.0,17.0,0.0,0.0,0.0,0.0
0.0,90.0,0.0,14.0,0.0,0.0,0.0,0.0
0.0,30.0,0.0,19.0,0.0,0.0,0.0,0.0
0.0,30.0,0.0,10.0,0.0,318.0,0.0,0.0
0.0,200.0,0.0,8.0,0.0,0.0,0.0,0.0
0.0,200.0,0.0,12.0,0.0,0.0,0.0,0.0
0.0,150.0,0.0,15.0,0.0,0.0,0.0,0.0
0.0,200.0,0.0,15.0,0.0,0.0,0.0,0.0
0.0,30.0,0.0,10.0,0.0,0.0,0.0,0.0
0.0,200.0,0.0,17.0,0.0,0.0,0.0,0.0
0.0,60.0,0.0,8.0,0.0,0.0,0.0,0.0
0.0,90.0,0.0,17.0,0.0,0.0,0.0,0.0
0.0,30.0,0.0,18.0,0.0,0.0,0.0,0.0
0.0,60.0,0.0,10.0,0.0,0.0,0.0,0.0
0.0,200.0,0.0,14.0,0.0,0.0,0.0,0.0
0.0,60.0,0.0,10.0,0.0,0.0,0.0,0.0
0.0,180.0,0.0,7.0,0.0,0.0,0.0,0.0
0.0,200.0,0.0,11.0,0.0,0.0,0.0,0.0
0.0,200.0,0.0,10.0,0.0,0.0,0.0,0.0
0.0,90.0,0.0,16.0,0.0,0.0,0.0,0.0
0.0,200.0,0.0,9.0,0.0,0.0,0.0,0.0
0.0,30.0,0.0,20.0,0.0,0.0,0.0,0.0
0.0,200.0,0.0,15.0,0.0,0.0,0.0,0.0
0.0,200.0,0.0,12.0,0.0,0.0,0.0,0.0
0.0,200.0,0.0,9.0,0.0,0.0,0.0,0.0
0.0,200.0,0.0,16.0,0.0,0.0,0.0,0.0
0.0,30.0,0.0,16.0,0.0,27.0,0.0,0.0
0.0,200.0,0.0,13.0,0.0,0.0,0.0,0.0
0.0,200.0,0.0,8.0,0.0,0.0,0.0,0.0
0.0,200.0,0.0,18.0,0.0,0.0,0.0,0.0
0.0,60.0,0.0,7.0,0.0,0.0,0.0,0.0
0.0,30.0,0.0,22.0,0.0,1.0,0.0,0.0
0.0,30.0,0.0,18.0,0.0,0.0,0.0,0.0
0.0,200.0,0.0,8.0,0.0,0.0,0.0,0.0
0.0,30.0,0.0,16.0,0.0,27.0,0.0,0.0
0.0,60.0,0.0,8.0,0.0,0.0,0.0,0.0
0.0,200.0,0.0,12.0,0.0,0.0,0.0,0.0
0.0,30.0,0.0,9.0,0.0,0.0,0.0,0.0
0.0,30.0,0.0,15.0,0.0,1.0,0.0,0.0
0.0,30.0,0.0,17.0,0.0,0.0,0.0,0.0
0.0,150.0,0.0,11.0,0.0,0.0,0.0,0.0
0.0,60.0,0.0,22.0,0.0,0.0,0.0,0.0
0.0,60.0,0.0,9.0,0.0,0.0,0.0,0.0
0.0,200.0,0.0,7.0,0.0,0.0,0.0,0.0
0.0,200.0,0.0,16.0,0.0,0.0,0.0,0.0
0.0,30.0,0.0,22.0,0.0,0.0,0.0,0.0
0.0,120.0,0.0,21.0,0.0,6414.0,0.0,0.0
0.0,30.0,0.0,20.0,0.0,0.0,0.0,0.0
0.0,200.0,0.0,11.0,0.0,0.0,0.0,0.0
0.0,200.0,0.0,17.0,0.0,0.0,0.0,0.0
0.0,30.0,0.0,21.0,0.0,0.0,0.0,0.0
0.0,200.0,0.0,16.0,0.0,0.0,0.0,0.0
0.0,30.0,0.0,15.0,0.0,0.0,0.0,0.0
0.0,200.0,0.0,15.0,0.0,0.0,0.0,0.0
0.0,30.0,0.0,16.0,0.0,0.0,0.0,0.0
0.0,90.0,0.0,11.0,0.0,0.0,0.0,0.0
0.0,30.0,0.0,11.0,0.0,0.0,0.0,0.0
0.0,60.0,0.0,9.0,0.0,7200.0,0.0,0.0
0.0,200.0,0.0,10.0,0.0,0.0,0.0,0.0
0.0,30.0,0.0,10.0,0.0,0.0,0.0,0.0
0.0,200.0,0.0,8.0,0.0,0.0,0.0,0.0
0.0,200.0,0.0,8.0,0.0,0.0,0.0,0.0
0.0,30.0,0.0,11.0,0.0,0.0,0.0,0.0
0.0,30.0,0.0,16.0,0.0,0.0,0.0,0.0
0.0,200.0,0.0,19.0,0.0,0.0,0.0,0.0
0.0,30.0,0.0,14.0,0.0,294.0,0.0,0.0
0.0,60.0,0.0,11.0,0.0,0.0,0.0,0.0
0.0,60.0,0.0,15.0,0.0,0.0,0.0,0.0
0.0,200.0,0.0,10.0,0.0,0.0,0.0,0.0
0.0,30.0,0.0,21.0,0.0,1.0,0.0,0.0
0.0,30.0,0.0,19.0,0.0,0.0,0.0,0.0
0.0,200.0,0.0,22.0,0.0,0.0,0.0,0.0
0.0,120.0,0.0,7.0,0.0,0.0,0.0,0.0
0.0,200.0,0.0,18.0,0.0,0.0,0.0,0.0
0.0,60.0,0.0,17.0,0.0,0.0,0.0,0.0
0.0,200.0,0.0,22.0,0.0,0.0,0.0,0.0
0.0,30.0,0.0,21.0,0.0,2400.0,0.0,0.0
0.0,200.0,0.0,13.0,0.0,0.0,0.0,0.0
0.0,30.0,0.0,9.0,0.0,0.0,0.0,0.0
0.0,90.0,0.0,17.0,0.0,0.0,0.0,0.0
0.0,200.0,0.0,17.0,0.0,0.0,0.0,0.0
0.0,200.0,0.0,12.0,0.0,0.0,0.0,0.0
0.0,200.0,0.0,18.0,0.0,0.0,0.0,0.0
0.0,30.0,0.0,9.0,0.0,0.0,0.0,0.0
0.0,200.0,0.0,13.0,0.0,0.0,0.0,0.0
0.0,150.0,0.0,10.0,0.0,0.0,0.0,0.0
0.0,200.0,0.0,12.0,0.0,0.0,0.0,0.0
0.0,200.0,0.0,16.0,0.0,0.0,0.0,0.0
0.0,200.0,0.0,13.0,0.0,0.0,0.0,0.0
0.0,30.0,0.0,16.0,0.0,0.0,0.0,0.0
0.0,30.0,0.0,19.0,0.0,1.0,0.0,0.0
0.0,200.0,0.0,8.0,0.0,0.0,0.0,0.0
0.0,30.0,0.0,7.0,0.0,0.0,0.0,0.0
0.0,200.0,0.0,19.0,0.0,0.0,0.0,0.0
0.0,200.0,0.0,17.0,0.0,0.0,0.0,0.0
0.0,200.0,0.0,19.0,0.0,0.0,0.0,0.0
0.0,200.0,0.0,14.0,0.0,0.0,0.0,0.0
0.0,200.0,0.0,15.0,0.0,0.0,0.0,0.0
0.0,120.0,0.0,8.0,0.0,0.0,0.0,0.0
0.0,200.0,0.0,7.0,0.0,0.0,0.0,0.0
0.0,30.0,0.0,18.0,0.0,0.0,0.0,0.0
0.0,30.0,0.0,16.0,0.0,0.0,0.0,0.0
0.0,30.0,0.0,19.0,0.0,23.0,0.0,0.0
0.0,60.0,0.0,16.0,0.0,0.0,0.0,0.0
0.0,150.0,0.0,11.0,0.0,0.0,0.0,0.0
0.0,200.0,0.0,11.0,0.0,0.0,0.0,0.0
0.0,30.0,0.0,16.0,0.0,0.0,0.0,0.0
0.0,180.0,0.0,19.0,0.0,0.0,0.0,0.0
0.0,150.0,0.0,19.0,0.0,0.0,0.0,0.0
0.0,200.0,0.0,22.0,0.0,0.0,0.0,0.0
0.0,30.0,0.0,19.0,0.0,3.0,0.0,0.0
0.0,200.0,0.0,12.0,0.0,0.0,0.0,0.0
0.0,30.0,0.0,8.0,0.0,5207.0,0.0,0.0
0.0,30.0,0.0,19.0,0.0,0.0,0.0,0.0
0.0,30.0,0.0,14.0,0.0,0.0,0.0,0.0
0.0,30.0,0.0,16.0,0.0,25.0,0.0,0.0
0.0,30.0,0.0,17.0,0.0,0.0,0.0,0.0
0.0,200.0,0.0,12.0,0.0,0.0,0.0,0.0
0.0,30.0,0.0,14.0,0.0,0.0,0.0,0.0
0.0,30.0,0.0,13.0,0.0,0.0,0.0,0.0
0.0,200.0,0.0,14.0,0.0,0.0,0.0,0.0
0.0,200.0,0.0,21.0,0.0,0.0,0.0,0.0
0.0,150.0,0.0,18.0,0.0,0.0,0.0,0.0
0.0,60.0,0.0,7.0,0.0,0.0,0.0,0.0
0.0,30.0,0.0,14.0,0.0,0.0,0.0,0.0
0.0,60.0,0.0,10.0,0.0,0.0,0.0,0.0
0.0,30.0,0.0,10.0,0.0,1.0,0.0,0.0
0.0,200.0,0.0,16.0,0.0,0.0,0.0,0.0
0.0,60.0,0.0,11.0,0.0,0.0,0.0,0.0
0.0,60.0,0.0,14.0,0.0,0.0,0.0,0.0
0.0,120.0,0.0,18.0,0.0,0.0,0.0,0.0
0.0,90.0,0.0,11.0,0.0,0.0,0.0,0.0
0.0,30.0,0.0,22.0,0.0,0.0,0.0,0.0
0.0,90.0,0.0,18.0,0.0,0.0,0.0,0.0
0.0,200.0,0.0,15.0,0.0,0.0,0.0,0.0
0.0,60.0,0.0,16.0,0.0,7200.0,0.0,0.0
0.0,60.0,0.0,19.0,0.0,0.0,0.0,0.0
0.0,150.0,0.0,19.0,0.0,0.0,0.0,0.0
0.0,200.0,0.0,17.0,0.0,0.0,0.0,0.0
0.0,200.0,0.0,8.0,0.0,0.0,0.0,0.0
0.0,200.0,0.0,17.0,0.0,0.0,0.0,0.0
0.0,30.0,0.0,18.0,0.0,0.0,0.0,0.0
0.0,30.0,0.0,13.0,0.0,3279.0,0.0,0.0
0.0,120.0,0.0,18.0,0.0,0.0,0.0,0.0
0.0,30.0,0.0,9.0,0.0,10.0,0.0,0.0
0.0,200.0,0.0,21.0,0.0,0.0,0.0,0.0
0.0,30.0,0.0,20.0,0.0,0.0,0.0,0.0
0.0,90.0,0.0,19.0,0.0,0.0,0.0,0.0
0.0,200.0,0.0,22.0,0.0,0.0,0.0,0.0
0.0,200.0,0.0,17.0,0.0,0.0,0.0,0.0
0.0,200.0,0.0,22.0,0.0,0.0,0.0,0.0
0.0,30.0,0.0,11.0,0.0,650.0,0.0,0.0
0.0,30.0,0.0,18.0,0.0,0.0,0.0,0.0
0.0,200.0,0.0,13.0,0.0,0.0,0.0,0.0
0.0,30.0,0.0,8.0,0.0,0.0,0.0,0.0
0.0,30.0,0.0,20.0,0.0,0.0,0.0,0.0
0.0,120.0,0.0,22.0,0.0,0.0,0.0,0.0
0.0,200.0,0.0,10.0,0.0,0.0,0.0,0.0
0.0,200.0,0.0,12.0,0.0,0.0,0.0,0.0
0.0,200.0,0.0,18.0,0.0,0.0,0.0,0.0
0.0,200.0,0.0,9.0,0.0,0.0,0.0,0.0
0.0,90.0,0.0,13.0,0.0,0.0,0.0,0.0
0.0,200.0,0.0,20.0,0.0,0.0,0.0,0.0
0.0,200.0,0.0,19.0,0.0,0.0,0.0,0.0
0.0,30.0,0.0,18.0,0.0,0.0,0.0,0.0
0.0,200.0,0.0,20.0,0.0,0.0,0.0,0.0
0.0,60.0,0.0,17.0,0.0,1665.0,0.0,0.0
0.0,30.0,0.0,18.0,0.0,766.0,0.0,0.0
0.0,200.0,0.0,14.0,0.0,0.0,0.0,0.0
0.0,200.0,0.0,15.0,0.0,0.0,0.0,0.0
0.0,200.0,0.0,16.0,0.0,0.0,0.0,0.0
0.0,120.0,0.0,13.0,0.0,0.0,0.0,0.0
0.0,30.0,0.0,12.0,0.0,46.0,0.0,0.0
0.0,200.0,0.0,22.0,0.0,0.0,0.0,0.0
0.0,200.0,0.0,15.0,0.0,0.0,0.0,0.0
0.0,200.0,0.0,18.0,0.0,0.0,0.0,0.0
0.0,200.0,0.0,15.0,0.0,0.0,0.0,0.0
0.0,60.0,0.0,8.0,0.0,0.0,0.0,0.0
0.0,200.0,0.0,16.0,0.0,0.0,0.0,0.0
0.0,30.0,0.0,13.0,0.0,0.0,0.0,0.0
0.0,30.0,0.0,18.0,0.0,0.0,0.0,0.0
0.0,30.0,0.0,21.0,0.0,0.0,0.0,0.0
0.0,150.0,0.0,14.0,0.0,0.0,0.0,0.0
0.0,60.0,0.0,11.0,0.0,0.0,0.0,0.0
0.0,200.0,0.0,9.0,0.0,0.0,0.0,0.0
0.0,200.0,0.0,19.0,0.0,0.0,0.0,0.0
0.0,180.0,0.0,19.0,0.0,0.0,0.0,0.0
0.0,200.0,0.0,22.0,0.0,0.0,0.0,0.0
0.0,200.0,0.0,8.0,0.0,0.0,0.0,0.0
0.0,200.0,0.0,21.0,0.0,0.0,0.0,0.0
0.0,200.0,0.0,13.0,0.0,0.0,0.0,0.0
0.0,200.0,0.0,8.0,0.0,0.0,0.0,0.0
0.0,200.0,0.0,14.0,0.0,0.0,0.0,0.0
0.0,30.0,0.0,18.0,0.0,0.0,0.0,0.0
0.0,200.0,0.0,18.0,0.0,0.0,0.0,0.0
0.0,60.0,0.0,22.0,0.0,0.0,0.0,0.0
0.0,30.0,0.0,19.0,0.0,0.0,0.0,0.0
0.0,30.0,0.0,22.0,0.0,0.0,0.0,0.0
0.0,30.0,0.0,12.0,0.0,0.0,0.0,0.0
0.0,200.0,0.0,18.0,0.0,0.0,0.0,0.0
0.0,30.0,0.0,21.0,0.0,0.0,0.0,0.0
0.0,200.0,0.0,7.0,0.0,0.0,0.0,0.0
0.0,200.0,0.0,7.0,0.0,0.0,0.0,0.0
0.0,30.0,0.0,21.0,0.0,0.0,0.0,0.0
0.0,90.0,0.0,15.0,0.0,0.0,0.0,0.0
0.0,30.0,0.0,19.0,0.0,0.0,0.0,0.0
0.0,60.0,0.0,10.0,0.0,9.0,0.0,0.0
0.0,200.0,0.0,15.0,0.0,0.0,0.0,0.0
0.0,200.0,0.0,9.0,0.0,0.0,0.0,0.0
0.0,30.0,0.0,10.0,0.0,285.0,0.0,0.0
0.0,30.0,0.0,17.0,0.0,0.0,0.0,0.0
0.0,150.0,0.0,17.0,0.0,0.0,0.0,0.0
0.0,150.0,0.0,9.0,0.0,0.0,0.0,0.0
0.0,200.0,0.0,16.0,0.0,0.0,0.0,0.0
0.0,90.0,0.0,15.0,0.0,0.0,0.0,0.0
0.0,200.0,0.0,20.0,0.0,0.0,0.0,0.0
0.0,200.0,0.0,14.0,0.0,0.0,0.0,0.0
0.0,200.0,0.0,19.0,0.0,0.0,0.0,0.0
0.0,60.0,0.0,10.0,0.0,0.0,0.0,0.0
0.0,30.0,0.0,7.0,0.0,0.0,0.0,0.0
0.0,60.0,0.0,14.0,0.0,7200.0,0.0,0.0
0.0,200.0,0.0,18.0,0.0,0.0,0.0,0.0
0.0,200.0,0.0,19.0,0.0,0.0,0.0,0.0
0.0,30.0,0.0,12.0,0.0,0.0,0.0,0.0
0.0,60.0,0.0,13.0,0.0,0.0,0.0,0.0
0.0,30.0,0.0,8.0,0.0,0.0,0.0,0.0
0.0,30.0,0.0,10.0,0.0,1.0,0.0,0.0
0.0,30.0,0.0,12.0,0.0,0.0,0.0,0.0
0.0,30.0,0.0,22.0,0.0,605.0,0.0,0.0
0.0,200.0,0.0,11.0,0.0,0.0,0.0,0.0
0.0,30.0,0.0,21.0,0.0,1.0,0.0,0.0
0.0,200.0,0.0,14.0,0.0,0.0,0.0,0.0
0.0,120.0,0.0,13.0,0.0,0.0,0.0,0.0
0.0,120.0,0.0,18.0,0.0,0.0,0.0,0.0
0.0,200.0,0.0,11.0,0.0,0.0,0.0,0.0
0.0,60.0,0.0,11.0,0.0,0.0,0.0,0.0
0.0,200.0,0.0,22.0,0.0,0.0,0.0,0.0
0.0,30.0,0.0,12.0,0.0,884.0,0.0,0.0
0.0,30.0,0.0,13.0,0.0,0.0,0.0,0.0
0.0,200.0,0.0,7.0,0.0,0.0,0.0,0.0
0.0,90.0,0.0,12.0,0.0,0.0,0.0,0.0
0.0,180.0,0.0,20.0,0.0,0.0,0.0,0.0
0.0,30.0,0.0,16.0,0.0,25.0,0.0,0.0
0.0,30.0,0.0,22.0,0.0,1.0,0.0,0.0
0.0,30.0,0.0,21.0,0.0,0.0,0.0,0.0
0.0,30.0,0.0,17.0,0.0,3.0,0.0,0.0
0.0,30.0,0.0,19.0,0.0,26.0,0.0,0.0
0.0,120.0,0.0,13.0,0.0,0.0,0.0,0.0
0.0,200.0,0.0,17.0,0.0,0.0,0.0,0.0
0.0,30.0,0.0,7.0,0.0,23.0,0.0,0.0
0.0,200.0,0.0,9.0,0.0,0.0,0.0,0.0
0.0,200.0,0.0,13.0,0.0,0.0,0.0,0.0
0.0,200.0,0.0,21.0,0.0,0.0,0.0,0.0
0.0,60.0,0.0,19.0,0.0,0.0,0.0,0.0
0.0,30.0,0.0,12.0,0.0,1.0,0.0,0.0
0.0,30.0,0.0,16.0,0.0,0.0,0.0,0.0
0.0,30.0,0.0,14.0,0.0,1760.0,0.0,0.0
0.0,60.0,0.0,19.0,0.0,0.0,0.0,0.0
0.0,200.0,0.0,7.0,0.0,0.0,0.0,0.0
0.0,200.0,0.0,16.0,0.0,0.0,0.0,0.0
0.0,30.0,0.0,7.0,0.0,0.0,0.0,0.0
0.0,150.0,0.0,8.0,0.0,0.0,0.0,0.0
0.0,200.0,0.0,11.0,0.0,0.0,0.0,0.0
0.0,30.0,0.0,13.0,0.0,0.0,0.0,0.0
0.0,30.0,0.0,12.0,0.0,2.0,0.0,0.0
0.0,180.0,0.0,10.0,0.0,0.0,0.0,0.0
0.0,30.0,0.0,7.0,0.0,0.0,0.0,0.0
0.0,30.0,0.0,8.0,0.0,0.0,0.0,0.0
0.0,200.0,0.0,22.0,0.0,0.0,0.0,0.0
0.0,200.0,0.0,13.0,0.0,0.0,0.0,0.0
0.0,60.0,0.0,22.0,0.0,0.0,0.0,0.0
0.0,200.0,0.0,18.0,0.0,0.0,0.0,0.0
0.0,60.0,0.0,14.0,0.0,0.0,0.0,0.0
0.0,30.0,0.0,22.0,0.0,1.0,0.0,0.0
0.0,200.0,0.0,13.0,0.0,0.0,0.0,0.0
0.0,200.0,0.0,13.0,0.0,0.0,0.0,0.0
0.0,30.0,0.0,16.0,0.0,0.0,0.0,0.0
0.0,30.0,0.0,12.0,0.0,0.0,0.0,0.0
0.0,200.0,0.0,22.0,0.0,0.0,0.0,0.0
0.0,200.0,0.0,21.0,0.0,0.0,0.0,0.0
0.0,200.0,0.0,20.0,0.0,0.0,0.0,0.0
0.0,30.0,0.0,8.0,0.0,0.0,0.0,0.0
0.0,200.0,0.0,15.0,0.0,0.0,0.0,0.0
0.0,200.0,0.0,8.0,0.0,0.0,0.0,0.0
0.0,200.0,0.0,16.0,0.0,0.0,0.0,0.0
0.0,200.0,0.0,18.0,0.0,0.0,0.0,0.0
0.0,60.0,0.0,8.0,0.0,0.0,0.0,0.0
0.0,180.0,0.0,21.0,0.0,7200.0,0.0,0.0
0.0,60.0,0.0,20.0,0.0,0.0,0.0,0.0
0.0,30.0,0.0,18.0,0.0,0.0,0.0,0.0
0.0,30.0,0.0,8.0,0.0,422.0,0.0,0.0
0.0,60.0,0.0,15.0,0.0,0.0,0.0,0.0
0.0,30.0,0.0,8.0,0.0,0.0,0.0,0.0
0.0,60.0,0.0,15.0,0.0,0.0,1.0,0.0
0.0,180.0,0.0,8.0,0.0,0.0,0.0,0.0
0.0,30.0,0.0,9.0,0.0,0.0,0.0,0.0
0.0,90.0,0.0,16.0,0.0,0.0,0.0,0.0
0.0,90.0,0.0,9.0,0.0,9.0,0.0,0.0
0.0,200.0,0.0,15.0,0.0,0.0,0.0,0.0
0.0,60.0,0.0,7.0,0.0,2.0,0.0,0.0
0.0,200.0,0.0,11.0,0.0,0.0,0.0,0.0
0.0,30.0,0.0,22.0,0.0,0.0,0.0,0.0
0.0,30.0,0.0,10.0,0.0,31.0,0.0,0.0
0.0,200.0,0.0,14.0,0.0,0.0,0.0,0.0
0.0,200.0,0.0,14.0,0.0,0.0,0.0,0.0
0.0,200.0,0.0,14.0,0.0,5.0,0.0,0.0
0.0,200.0,0.0,12.0,0.0,0.0,0.0,0.0
0.0,30.0,0.0,16.0,0.0,0.0,0.0,0.0
0.0,200.0,0.0,16.0,0.0,0.0,0.0,0.0
0.0,200.0,0.0,20.0,0.0,0.0,0.0,0.0
0.0,180.0,0.0,19.0,0.0,0.0,0.0,0.0
0.0,30.0,0.0,11.0,0.0,0.0,0.0,0.0
0.0,200.0,0.0,14.0,0.0,0.0,0.0,0.0
0.0,90.0,0.0,19.0,0.0,0.0,0.0,0.0
0.0,200.0,0.0,19.0,0.0,0.0,0.0,0.0
0.0,200.0,0.0,9.0,0.0,0.0,0.0,0.0
0.0,30.0,0.0,8.0,0.0,0.0,0.0,0.0
0.0,180.0,0.0,22.0,0.0,0.0,0.0,0.0
0.0,200.0,0.0,14.0,0.0,0.0,0.0,0.0
0.0,200.0,0.0,10.0,0.0,0.0,0.0,0.0
0.0,90.0,0.0,15.0,0.0,0.0,0.0,0.0
0.0,60.0,0.0,17.0,0.0,0.0,0.0,0.0
0.0,30.0,0.0,19.0,0.0,0.0,0.0,0.0
0.0,30.0,0.0,20.0,0.0,0.0,0.0,0.0
0.0,120.0,0.0,9.0,0.0,0.0,0.0,0.0
0.0,200.0,0.0,18.0,0.0,0.0,0.0,0.0
0.0,200.0,0.0,9.0,0.0,0.0,0.0,0.0
0.0,30.0,0.0,21.0,0.0,0.0,0.0,0.0
0.0,30.0,0.0,8.0,0.0,0.0,0.0,0.0
0.0,30.0,0.0,17.0,0.0,5.0,0.0,0.0
0.0,200.0,0.0,19.0,0.0,0.0,0.0,0.0
0.0,30.0,0.0,16.0,0.0,0.0,0.0,0.0
0.0,180.0,0.0,17.0,0.0,0.0,0.0,0.0
0.0,200.0,0.0,15.0,0.0,0.0,0.0,0.0
0.0,30.0,0.0,15.0,0.0,0.0,0.0,0.0
0.0,200.0,0.0,14.0,0.0,0.0,0.0,0.0
0.0,200.0,0.0,16.0,0.0,0.0,0.0,0.0
0.0,30.0,0.0,17.0,0.0,28.0,0.0,0.0
0.0,30.0,0.0,19.0,0.0,0.0,0.0,0.0
0.0,200.0,0.0,18.0,0.0,0.0,0.0,0.0
0.0,60.0,0.0,16.0,0.0,0.0,0.0,0.0
0.0,150.0,0.0,13.0,0.0,0.0,0.0,0.0
0.0,30.0,0.0,7.0,0.0,0.0,0.0,0.0
0.0,60.0,0.0,8.0,0.0,0.0,0.0,0.0
0.0,200.0,0.0,9.0,0.0,0.0,0.0,0.0
0.0,60.0,0.0,18.0,0.0,0.0,0.0,0.0
0.0,30.0,0.0,11.0,0.0,6852.0,0.0,0.0
0.0,30.0,0.0,12.0,0.0,53.0,0.0,0.0
0.0,200.0,0.0,10.0,0.0,0.0,0.0,0.0
0.0,30.0,0.0,16.0,0.0,0.0,0.0,0.0
0.0,120.0,0.0,22.0,0.0,0.0,0.0,0.0
0.0,30.0,0.0,15.0,0.0,0.0,0.0,0.0
0.0,200.0,0.0,9.0,0.0,0.0,0.0,0.0
0.0,200.0,0.0,18.0,0.0,0.0,0.0,0.0
0.0,60.0,0.0,18.0,0.0,0.0,0.0,0.0
0.0,200.0,0.0,8.0,0.0,0.0,0.0,0.0
0.0,200.0,0.0,16.0,0.0,0.0,0.0,0.0
0.0,200.0,0.0,21.0,0.0,0.0,0.0,0.0
0.0,120.0,0.0,8.0,0.0,0.0,0.0,0.0
0.0,30.0,0.0,15.0,0.0,24.0,0.0,0.0
0.0,200.0,0.0,13.0,0.0,0.0,0.0,0.0
0.0,150.0,0.0,19.0,0.0,0.0,0.0,0.0
0.0,30.0,0.0,10.0,0.0,0.0,0.0,0.0
0.0,200.0,0.0,11.0,0.0,0.0,0.0,0.0
0.0,200.0,0.0,13.0,0.0,0.0,0.0,0.0
0.0,30.0,0.0,17.0,0.0,256.0,0.0,0.0
0.0,200.0,0.0,8.0,0.0,0.0,0.0,0.0
0.0,200.0,0.0,11.0,0.0,0.0,0.0,0.0
0.0,200.0,0.0,22.0,0.0,1464.0,0.0,0.0
0.0,150.0,0.0,14.0,0.0,0.0,0.0,0.0
0.0,180.0,0.0,15.0,0.0,0.0,0.0,0.0
0.0,30.0,0.0,7.0,0.0,0.0,0.0,0.0
0.0,200.0,0.0,10.0,0.0,0.0,0.0,0.0
0.0,30.0,0.0,14.0,0.0,0.0,6.0,0.0
0.0,200.0,0.0,13.0,0.0,0.0,0.0,0.0
0.0,200.0,0.0,17.0,0.0,0.0,0.0,0.0
0.0,30.0,0.0,17.0,0.0,0.0,0.0,0.0
0.0,30.0,0.0,16.0,0.0,25.0,0.0,0.0
0.0,200.0,0.0,11.0,0.0,0.0,0.0,0.0
0.0,30.0,0.0,22.0,0.0,0.0,0.0,0.0
0.0,90.0,0.0,22.0,0.0,0.0,0.0,0.0
0.0,200.0,0.0,22.0,0.0,0.0,0.0,0.0
0.0,30.0,0.0,16.0,0.0,7200.0,0.0,0.0
0.0,200.0,0.0,11.0,0.0,0.0,0.0,0.0
0.0,30.0,0.0,20.0,0.0,0.0,0.0,0.0
0.0,120.0,0.0,12.0,0.0,0.0,0.0,0.0
0.0,150.0,0.0,14.0,0.0,0.0,0.0,0.0
0.0,60.0,0.0,13.0,0.0,0.0,0.0,0.0
0.0,200.0,0.0,10.0,0.0,0.0,0.0,0.0
0.0,30.0,0.0,13.0,0.0,7200.0,0.0,0.0
0.0,60.0,0.0,13.0,0.0,0.0,0.0,0.0
0.0,60.0,0.0,13.0,0.0,0.0,0.0,0.0
0.0,30.0,0.0,11.0,0.0,0.0,0.0,0.0
0.0,90.0,0.0,13.0,0.0,0.0,0.0,0.0
0.0,30.0,0.0,18.0,0.0,0.0,0.0,0.0
0.0,200.0,0.0,20.0,0.0,0.0,0.0,0.0
0.0,120.0,0.0,20.0,0.0,0.0,0.0,0.0
0.0,30.0,0.0,10.0,0.0,0.0,0.0,0.0
0.0,60.0,0.0,8.0,0.0,0.0,0.0,0.0
0.0,200.0,0.0,14.0,0.0,0.0,0.0,0.0
0.0,180.0,0.0,14.0,0.0,0.0,0.0,0.0
0.0,180.0,0.0,22.0,0.0,1.0,0.0,0.0
0.0,200.0,0.0,19.0,0.0,0.0,0.0,0.0
0.0,30.0,0.0,13.0,0.0,1.0,0.0,0.0
0.0,200.0,0.0,7.0,0.0,0.0,0.0,0.0
0.0,90.0,0.0,8.0,0.0,0.0,0.0,0.0
0.0,90.0,0.0,8.0,0.0,0.0,0.0,0.0
0.0,180.0,0.0,18.0,0.0,0.0,0.0,0.0
0.0,200.0,0.0,12.0,0.0,0.0,0.0,0.0
0.0,30.0,0.0,21.0,0.0,0.0,0.0,0.0
0.0,200.0,0.0,22.0,0.0,0.0,0.0,0.0
0.0,60.0,0.0,15.0,0.0,0.0,0.0,0.0
0.0,90.0,0.0,18.0,0.0,0.0,0.0,0.0
0.0,180.0,0.0,15.0,0.0,0.0,0.0,0.0
0.0,90.0,0.0,19.0,0.0,0.0,0.0,0.0
0.0,180.0,0.0,21.0,0.0,3977.0,0.0,0.0
0.0,200.0,0.0,7.0,0.0,0.0,0.0,0.0
0.0,30.0,0.0,13.0,0.0,0.0,0.0,0.0
0.0,60.0,0.0,15.0,0.0,0.0,0.0,0.0
0.0,150.0,0.0,15.0,0.0,0.0,0.0,0.0
0.0,200.0,0.0,21.0,0.0,0.0,0.0,0.0
0.0,200.0,0.0,11.0,0.0,0.0,0.0,0.0
0.0,30.0,0.0,13.0,0.0,0.0,0.0,0.0
0.0,30.0,0.0,14.0,0.0,0.0,0.0,0.0
0.0,120.0,0.0,7.0,0.0,0.0,0.0,0.0
0.0,90.0,0.0,13.0,0.0,0.0,0.0,0.0
0.0,200.0,0.0,12.0,0.0,0.0,0.0,0.0
0.0,180.0,0.0,18.0,0.0,0.0,0.0,0.0
0.0,30.0,0.0,18.0,0.0,0.0,0.0,0.0
0.0,60.0,0.0,13.0,0.0,27.0,0.0,0.0
0.0,200.0,0.0,16.0,0.0,0.0,0.0,0.0
0.0,60.0,0.0,13.0,0.0,0.0,0.0,0.0
0.0,200.0,0.0,11.0,0.0,0.0,0.0,0.0
0.0,30.0,0.0,16.0,0.0,0.0,0.0,0.0
0.0,30.0,0.0,16.0,0.0,0.0,0.0,0.0
0.0,60.0,0.0,10.0,0.0,0.0,0.0,0.0
0.0,200.0,0.0,13.0,0.0,0.0,0.0,0.0
0.0,200.0,0.0,17.0,0.0,0.0,0.0,0.0
0.0,200.0,0.0,22.0,0.0,0.0,0.0,0.0
0.0,200.0,0.0,19.0,0.0,0.0,0.0,0.0
0.0,30.0,0.0,7.0,0.0,0.0,0.0,0.0
0.0,200.0,0.0,22.0,0.0,0.0,0.0,0.0
0.0,200.0,0.0,21.0,0.0,0.0,0.0,0.0
0.0,30.0,0.0,17.0,0.0,1.0,0.0,0.0
0.0,30.0,0.0,19.0,0.0,0.0,0.0,0.0
0.0,200.0,0.0,20.0,0.0,0.0,0.0,0.0
0.0,200.0,0.0,11.0,0.0,0.0,0.0,0.0
0.0,30.0,0.0,22.0,0.0,0.0,0.0,0.0
0.0,150.0,0.0,12.0,0.0,0.0,0.0,0.0
0.0,200.0,0.0,8.0,0.0,0.0,0.0,0.0
0.0,200.0,0.0,9.0,0.0,0.0,0.0,0.0
0.0,60.0,0.0,7.0,0.0,0.0,0.0,0.0
0.0,30.0,0.0,17.0,0.0,0.0,0.0,0.0
0.0,30.0,0.0,7.0,0.0,0.0,0.0,0.0
0.0,200.0,0.0,10.0,0.0,0.0,0.0,0.0
0.0,200.0,0.0,16.0,0.0,0.0,0.0,0.0
0.0,60.0,0.0,11.0,0.0,0.0,0.0,0.0
0.0,200.0,0.0,8.0,0.0,0.0,0.0,0.0
0.0,200.0,0.0,9.0,0.0,0.0,0.0,0.0
0.0,120.0,0.0,7.0,0.0,0.0,0.0,0.0
0.0,120.0,0.0,15.0,0.0,0.0,0.0,0.0
0.0,200.0,0.0,11.0,0.0,0.0,0.0,0.0
0.0,90.0,0.0,14.0,0.0,0.0,0.0,0.0
0.0,60.0,0.0,22.0,0.0,0.0,1.0,0.0
0.0,30.0,0.0,16.0,0.0,0.0,0.0,0.0
0.0,120.0,0.0,9.0,0.0,0.0,0.0,0.0
0.0,200.0,0.0,16.0,0.0,0.0,0.0,0.0
0.0,200.0,0.0,11.0,0.0,0.0,0.0,0.0
0.0,120.0,0.0,15.0,0.0,0.0,0.0,0.0
0.0,200.0,0.0,10.0,0.0,0.0,0.0,0.0
0.0,30.0,0.0,22.0,0.0,0.0,0.0,0.0
0.0,200.0,0.0,9.0,0.0,0.0,0.0,0.0
0.0,200.0,0.0,17.0,0.0,0.0,0.0,0.0
0.0,30.0,0.0,10.0,0.0,0.0,0.0,0.0
0.0,200.0,0.0,11.0,0.0,0.0,0.0,0.0
0.0,120.0,0.0,21.0,0.0,0.0,0.0,0.0
0.0,30.0,0.0,21.0,0.0,0.0,0.0,0.0
0.0,200.0,0.0,21.0,0.0,0.0,0.0,0.0
0.0,200.0,0.0,22.0,0.0,0.0,0.0,0.0
0.0,200.0,0.0,22.0,0.0,0.0,0.0,0.0
0.0,200.0,0.0,21.0,0.0,0.0,0.0,0.0
0.0,30.0,0.0,16.0,0.0,0.0,0.0,0.0
0.0,150.0,0.0,16.0,0.0,0.0,0.0,0.0
0.0,200.0,0.0,20.0,0.0,0.0,0.0,0.0
0.0,30.0,0.0,11.0,0.0,0.0,0.0,0.0
0.0,200.0,0.0,7.0,0.0,0.0,0.0,0.0
0.0,200.0,0.0,21.0,0.0,0.0,0.0,0.0
0.0,30.0,0.0,13.0,0.0,0.0,0.0,0.0
0.0,150.0,0.0,19.0,0.0,14.0,0.0,0.0
0.0,200.0,0.0,17.0,0.0,0.0,0.0,0.0
0.0,200.0,0.0,18.0,0.0,0.0,0.0,0.0
0.0,200.0,0.0,8.0,0.0,0.0,0.0,0.0
0.0,30.0,0.0,19.0,0.0,1.0,0.0,0.0
0.0,30.0,0.0,16.0,0.0,0.0,0.0,0.0
0.0,200.0,0.0,10.0,0.0,0.0,0.0,0.0
0.0,200.0,0.0,10.0,0.0,0.0,0.0,0.0
0.0,200.0,0.0,21.0,0.0,0.0,0.0,0.0
0.0,200.0,0.0,12.0,0.0,0.0,0.0,0.0
0.0,180.0,0.0,13.0,0.0,0.0,0.0,0.0
0.0,60.0,0.0,21.0,0.0,3.0,0.0,0.0
0.0,200.0,0.0,21.0,0.0,0.0,0.0,0.0
0.0,120.0,0.0,14.0,0.0,0.0,0.0,0.0
0.0,200.0,0.0,13.0,0.0,0.0,0.0,0.0
0.0,30.0,0.0,20.0,0.0,0.0,0.0,0.0
0.0,150.0,0.0,16.0,0.0,27.0,0.0,0.0
0.0,120.0,0.0,22.0,0.0,0.0,0.0,0.0
0.0,200.0,0.0,19.0,0.0,0.0,0.0,0.0
0.0,30.0,0.0,22.0,0.0,0.0,0.0,0.0
0.0,30.0,0.0,19.0,0.0,0.0,0.0,0.0
0.0,30.0,0.0,14.0,0.0,0.0,0.0,0.0
0.0,200.0,0.0,20.0,0.0,0.0,0.0,0.0
0.0,200.0,0.0,7.0,0.0,0.0,0.0,0.0
0.0,30.0,0.0,12.0,0.0,0.0,0.0,0.0
0.0,200.0,0.0,7.0,0.0,0.0,0.0,0.0
0.0,200.0,0.0,9.0,0.0,0.0,0.0,0.0
0.0,30.0,0.0,9.0,0.0,28.0,0.0,0.0
0.0,200.0,0.0,12.0,0.0,0.0,0.0,0.0
0.0,200.0,0.0,8.0,0.0,0.0,0.0,0.0
0.0,200.0,0.0,14.0,0.0,0.0,0.0,0.0
0.0,30.0,0.0,7.0,0.0,0.0,0.0,0.0
0.0,200.0,0.0,10.0,0.0,0.0,0.0,0.0
0.0,200.0,0.0,13.0,0.0,0.0,0.0,0.0
0.0,60.0,0.0,10.0,0.0,0.0,0.0,0.0
0.0,30.0,0.0,22.0,0.0,0.0,0.0,0.0
0.0,30.0,0.0,20.0,0.0,15.0,0.0,0.0
0.0,30.0,0.0,20.0,0.0,0.0,0.0,0.0
0.0,200.0,0.0,13.0,0.0,0.0,0.0,0.0
0.0,200.0,0.0,17.0,0.0,0.0,0.0,0.0
0.0,120.0,0.0,19.0,0.0,0.0,0.0,0.0
0.0,200.0,0.0,8.0,0.0,0.0,0.0,0.0
0.0,30.0,0.0,15.0,0.0,7200.0,0.0,0.0
0.0,30.0,0.0,18.0,0.0,0.0,0.0,0.0
0.0,90.0,0.0,14.0,0.0,0.0,0.0,0.0
0.0,30.0,0.0,18.0,0.0,0.0,0.0,0.0
0.0,30.0,0.0,19.0,0.0,0.0,0.0,0.0
0.0,30.0,0.0,22.0,0.0,0.0,0.0,0.0
0.0,200.0,0.0,19.0,0.0,0.0,0.0,0.0
0.0,120.0,0.0,11.0,0.0,0.0,0.0,0.0
0.0,60.0,0.0,15.0,0.0,0.0,0.0,0.0
0.0,200.0,0.0,9.0,0.0,0.0,0.0,0.0
0.0,200.0,0.0,10.0,0.0,0.0,0.0,0.0
0.0,30.0,0.0,20.0,0.0,1.0,0.0,0.0
0.0,30.0,0.0,15.0,0.0,1.0,0.0,0.0
0.0,200.0,0.0,17.0,0.0,0.0,0.0,0.0
0.0,200.0,0.0,15.0,0.0,0.0,0.0,0.0
0.0,30.0,0.0,17.0,0.0,5.0,0.0,0.0
0.0,200.0,0.0,8.0,0.0,0.0,0.0,0.0
0.0,200.0,0.0,12.0,0.0,0.0,0.0,0.0
0.0,30.0,0.0,16.0,0.0,4.0,0.0,0.0
0.0,200.0,0.0,16.0,0.0,0.0,0.0,0.0
0.0,30.0,0.0,12.0,0.0,0.0,0.0,0.0
0.0,60.0,0.0,7.0,0.0,0.0,0.0,0.0
0.0,200.0,0.0,15.0,0.0,0.0,0.0,0.0
0.0,200.0,0.0,15.0,0.0,0.0,0.0,0.0
0.0,120.0,0.0,20.0,0.0,0.0,0.0,0.0
0.0,200.0,0.0,7.0,0.0,0.0,0.0,0.0
0.0,120.0,0.0,14.0,0.0,0.0,0.0,0.0
0.0,200.0,0.0,21.0,0.0,0.0,0.0,0.0
0.0,200.0,0.0,11.0,0.0,0.0,0.0,0.0
0.0,200.0,0.0,12.0,0.0,0.0,0.0,0.0
0.0,200.0,0.0,8.0,0.0,0.0,0.0,0.0
0.0,200.0,0.0,20.0,0.0,0.0,0.0,0.0
0.0,90.0,0.0,14.0,0.0,0.0,0.0,0.0
0.0,120.0,0.0,9.0,0.0,0.0,0.0,0.0
0.0,180.0,0.0,7.0,0.0,0.0,0.0,0.0
0.0,90.0,0.0,10.0,0.0,0.0,0.0,0.0
0.0,200.0,0.0,11.0,0.0,0.0,0.0,0.0
0.0,90.0,0.0,10.0,0.0,0.0,0.0,0.0
0.0,30.0,0.0,12.0,0.0,0.0,0.0,0.0
0.0,30.0,0.0,11.0,0.0,0.0,0.0,0.0
0.0,200.0,0.0,18.0,0.0,0.0,0.0,0.0
0.0,200.0,0.0,21.0,0.0,0.0,0.0,0.0
0.0,120.0,0.0,7.0,0.0,0.0,0.0,0.0
0.0,30.0,0.0,14.0,0.0,0.0,0.0,0.0
0.0,30.0,0.0,22.0,0.0,0.0,0.0,0.0
0.0,30.0,0.0,7.0,0.0,7200.0,0.0,0.0
0.0,200.0,0.0,11.0,0.0,0.0,0.0,0.0
0.0,200.0,0.0,19.0,0.0,0.0,0.0,0.0
0.0,30.0,0.0,16.0,0.0,0.0,0.0,0.0
0.0,60.0,0.0,19.0,0.0,2845.0,0.0,0.0
0.0,30.0,0.0,9.0,0.0,0.0,0.0,0.0
0.0,30.0,0.0,9.0,0.0,0.0,0.0,0.0
0.0,200.0,0.0,9.0,0.0,0.0,0.0,0.0
0.0,200.0,0.0,15.0,0.0,0.0,0.0,0.0
0.0,200.0,0.0,19.0,0.0,0.0,0.0,0.0
0.0,200.0,0.0,17.0,0.0,0.0,0.0,0.0
0.0,90.0,0.0,7.0,0.0,0.0,0.0,0.0
0.0,30.0,0.0,19.0,0.0,0.0,0.0,0.0
0.0,200.0,0.0,11.0,0.0,0.0,0.0,0.0
0.0,30.0,0.0,14.0,0.0,0.0,0.0,0.0
0.0,30.0,0.0,8.0,0.0,10.0,0.0,0.0
0.0,180.0,0.0,21.0,0.0,0.0,0.0,0.0
0.0,200.0,0.0,21.0,0.0,0.0,0.0,0.0
0.0,60.0,0.0,18.0,0.0,0.0,0.0,0.0
0.0,150.0,0.0,13.0,0.0,0.0,0.0,0.0
0.0,200.0,0.0,19.0,0.0,0.0,0.0,0.0
0.0,200.0,0.0,14.0,0.0,0.0,0.0,0.0
0.0,30.0,0.0,15.0,0.0,0.0,9.0,0.0
0.0,120.0,0.0,21.0,0.0,0.0,0.0,0.0
0.0,200.0,0.0,20.0,0.0,0.0,0.0,0.0
0.0,30.0,0.0,20.0,0.0,0.0,0.0,0.0
0.0,200.0,0.0,19.0,0.0,0.0,0.0,0.0
0.0,180.0,0.0,14.0,0.0,0.0,0.0,0.0
0.0,30.0,0.0,19.0,0.0,0.0,0.0,0.0
0.0,30.0,0.0,7.0,0.0,0.0,0.0,0.0
0.0,200.0,0.0,17.0,0.0,0.0,0.0,0.0
0.0,180.0,0.0,7.0,0.0,0.0,0.0,0.0
0.0,60.0,0.0,20.0,0.0,0.0,0.0,0.0
0.0,200.0,0.0,9.0,0.0,0.0,0.0,0.0
0.0,30.0,0.0,7.0,0.0,0.0,0.0,0.0
0.0,30.0,0.0,8.0,0.0,10.0,0.0,0.0
0.0,60.0,0.0,20.0,0.0,1.0,0.0,0.0
0.0,30.0,0.0,18.0,0.0,0.0,0.0,0.0
0.0,60.0,0.0,11.0,0.0,0.0,0.0,0.0
0.0,120.0,0.0,19.0,0.0,0.0,0.0,0.0
0.0,120.0,0.0,22.0,0.0,0.0,0.0,0.0
0.0,60.0,0.0,19.0,0.0,7200.0,0.0,0.0
0.0,30.0,0.0,21.0,0.0,0.0,0.0,0.0
0.0,120.0,0.0,7.0,0.0,0.0,0.0,0.0
0.0,200.0,0.0,13.0,0.0,0.0,0.0,0.0
0.0,30.0,0.0,7.0,0.0,28.0,0.0,0.0
0.0,30.0,0.0,16.0,0.0,0.0,0.0,0.0
0.0,200.0,0.0,16.0,0.0,0.0,0.0,0.0
0.0,120.0,0.0,7.0,0.0,0.0,0.0,0.0
0.0,30.0,0.0,10.0,0.0,0.0,0.0,0.0
0.0,30.0,0.0,22.0,0.0,1.0,0.0,0.0
0.0,90.0,0.0,19.0,0.0,0.0,0.0,0.0
0.0,200.0,0.0,11.0,0.0,0.0,0.0,0.0
0.0,30.0,0.0,9.0,0.0,5.0,0.0,0.0
0.0,60.0,0.0,15.0,0.0,0.0,0.0,0.0
0.0,200.0,0.0,16.0,0.0,0.0,0.0,0.0
0.0,30.0,0.0,10.0,0.0,0.0,0.0,0.0
0.0,60.0,0.0,7.0,0.0,2.0,0.0,0.0
0.0,200.0,0.0,20.0,0.0,0.0,0.0,0.0
0.0,200.0,0.0,16.0,0.0,0.0,0.0,0.0
0.0,30.0,0.0,16.0,0.0,0.0,0.0,0.0
0.0,30.0,0.0,13.0,0.0,0.0,0.0,0.0
0.0,200.0,0.0,16.0,0.0,0.0,0.0,0.0
0.0,90.0,0.0,9.0,0.0,0.0,0.0,0.0
0.0,200.0,0.0,16.0,0.0,0.0,0.0,0.0
0.0,200.0,0.0,19.0,0.0,0.0,0.0,0.0
0.0,200.0,0.0,22.0,0.0,0.0,0.0,0.0
0.0,60.0,0.0,18.0,0.0,0.0,0.0,0.0
0.0,200.0,0.0,7.0,0.0,0.0,0.0,0.0
0.0,200.0,0.0,18.0,0.0,0.0,0.0,0.0
0.0,180.0,0.0,21.0,0.0,0.0,0.0,0.0
0.0,120.0,0.0,11.0,0.0,0.0,0.0,0.0
0.0,60.0,0.0,20.0,0.0,2.0,0.0,0.0
0.0,200.0,0.0,9.0,0.0,0.0,0.0,0.0
0.0,200.0,0.0,11.0,0.0,0.0,0.0,0.0
0.0,200.0,0.0,15.0,0.0,0.0,0.0,0.0
0.0,200.0,0.0,22.0,0.0,0.0,0.0,0.0
0.0,30.0,0.0,21.0,0.0,3924.0,0.0,0.0
0.0,30.0,0.0,18.0,0.0,0.0,0.0,0.0
0.0,30.0,0.0,14.0,0.0,0.0,0.0,0.0
0.0,200.0,0.0,19.0,0.0,0.0,0.0,0.0
0.0,30.0,0.0,11.0,0.0,0.0,0.0,0.0
0.0,200.0,0.0,11.0,0.0,0.0,0.0,0.0
0.0,30.0,0.0,11.0,0.0,0.0,0.0,0.0
0.0,200.0,0.0,22.0,0.0,0.0,0.0,0.0
0.0,30.0,0.0,7.0,0.0,0.0,0.0,0.0
0.0,150.0,0.0,16.0,0.0,0.0,0.0,0.0
0.0,30.0,0.0,8.0,0.0,2.0,0.0,0.0
0.0,30.0,0.0,9.0,0.0,0.0,0.0,0.0
0.0,30.0,0.0,12.0,0.0,0.0,0.0,0.0
0.0,30.0,0.0,15.0,0.0,0.0,0.0,0.0
0.0,30.0,0.0,15.0,0.0,0.0,0.0,0.0
0.0,180.0,0.0,12.0,0.0,0.0,0.0,0.0
0.0,90.0,0.0,21.0,0.0,0.0,0.0,0.0
0.0,200.0,0.0,11.0,0.0,0.0,0.0,0.0
0.0,200.0,0.0,10.0,0.0,0.0,0.0,0.0
0.0,30.0,0.0,21.0,0.0,0.0,0.0,0.0
0.0,30.0,0.0,21.0,0.0,0.0,0.0,0.0
0.0,30.0,0.0,10.0,0.0,0.0,0.0,0.0
0.0,200.0,0.0,15.0,0.0,0.0,0.0,0.0
0.0,200.0,0.0,10.0,0.0,0.0,0.0,0.0
0.0,60.0,0.0,16.0,0.0,0.0,0.0,0.0
0.0,200.0,0.0,19.0,0.0,0.0,0.0,0.0
0.0,60.0,0.0,13.0,0.0,899.0,0.0,0.0
0.0,30.0,0.0,11.0,0.0,487.0,0.0,0.0
0.0,200.0,0.0,20.0,0.0,0.0,0.0,0.0
0.0,200.0,0.0,20.0,0.0,0.0,0.0,0.0
0.0,150.0,0.0,12.0,0.0,0.0,0.0,0.0
0.0,200.0,0.0,16.0,0.0,0.0,0.0,0.0
0.0,200.0,0.0,21.0,0.0,0.0,0.0,0.0
0.0,30.0,0.0,16.0,0.0,0.0,0.0,0.0
0.0,60.0,0.0,14.0,0.0,0.0,0.0,0.0
0.0,180.0,0.0,13.0,0.0,0.0,0.0,0.0
0.0,200.0,0.0,7.0,0.0,0.0,0.0,0.0
0.0,200.0,0.0,22.0,0.0,0.0,0.0,0.0
0.0,150.0,0.0,19.0,0.0,0.0,0.0,0.0
0.0,30.0,0.0,21.0,0.0,6214.0,0.0,0.0
0.0,200.0,0.0,15.0,0.0,0.0,0.0,0.0
0.0,200.0,0.0,11.0,0.0,0.0,0.0,0.0
0.0,30.0,0.0,12.0,0.0,0.0,0.0,0.0
0.0,30.0,0.0,8.0,0.0,0.0,0.0,0.0
0.0,120.0,0.0,12.0,0.0,0.0,0.0,0.0
0.0,200.0,0.0,22.0,0.0,0.0,0.0,0.0
0.0,30.0,0.0,13.0,0.0,1.0,0.0,0.0
0.0,120.0,0.0,9.0,0.0,0.0,0.0,0.0
0.0,90.0,0.0,8.0,0.0,0.0,0.0,0.0
0.0,30.0,0.0,10.0,0.0,0.0,0.0,0.0
0.0,30.0,0.0,22.0,0.0,0.0,0.0,0.0
0.0,30.0,0.0,13.0,0.0,0.0,0.0,0.0
0.0,200.0,0.0,11.0,0.0,0.0,0.0,0.0
0.0,200.0,0.0,22.0,0.0,0.0,0.0,0.0
0.0,200.0,0.0,8.0,0.0,0.0,0.0,0.0
0.0,90.0,0.0,20.0,0.0,0.0,0.0,0.0
0.0,30.0,0.0,8.0,0.0,0.0,9.0,0.0
0.0,30.0,0.0,19.0,0.0,0.0,0.0,0.0
0.0,90.0,0.0,20.0,0.0,0.0,0.0,0.0
0.0,180.0,0.0,8.0,0.0,0.0,0.0,0.0
0.0,90.0,0.0,17.0,0.0,0.0,0.0,0.0
0.0,180.0,0.0,21.0,0.0,0.0,0.0,0.0
0.0,200.0,0.0,7.0,0.0,0.0,0.0,0.0
0.0,200.0,0.0,12.0,0.0,0.0,0.0,0.0
0.0,90.0,0.0,19.0,0.0,0.0,0.0,0.0
0.0,30.0,0.0,13.0,0.0,0.0,0.0,0.0
0.0,200.0,0.0,8.0,0.0,0.0,0.0,0.0
0.0,30.0,0.0,9.0,0.0,0.0,0.0,0.0
0.0,30.0,0.0,10.0,0.0,0.0,0.0,0.0
0.0,200.0,0.0,22.0,0.0,0.0,0.0,0.0
0.0,200.0,0.0,16.0,0.0,0.0,0.0,0.0
0.0,200.0,0.0,19.0,0.0,0.0,0.0,0.0
0.0,30.0,0.0,9.0,0.0,0.0,0.0,0.0
0.0,90.0,0.0,11.0,0.0,0.0,0.0,0.0
0.0,200.0,0.0,10.0,0.0,0.0,0.0,0.0
0.0,200.0,0.0,7.0,0.0,0.0,0.0,0.0
0.0,200.0,0.0,21.0,0.0,0.0,0.0,0.0
0.0,30.0,0.0,7.0,0.0,0.0,0.0,0.0
0.0,200.0,0.0,9.0,0.0,0.0,0.0,0.0
0.0,200.0,0.0,14.0,0.0,0.0,0.0,0.0
0.0,200.0,0.0,12.0,0.0,0.0,0.0,0.0
0.0,200.0,0.0,17.0,0.0,0.0,0.0,0.0
0.0,30.0,0.0,8.0,0.0,0.0,0.0,0.0
0.0,30.0,0.0,21.0,0.0,0.0,9.0,0.0
0.0,150.0,0.0,9.0,0.0,0.0,0.0,0.0
0.0,90.0,0.0,15.0,0.0,0.0,0.0,0.0
0.0,30.0,0.0,17.0,0.0,0.0,0.0,0.0
0.0,30.0,0.0,19.0,0.0,2684.0,0.0,0.0
0.0,30.0,0.0,10.0,0.0,5.0,0.0,0.0
0.0,30.0,0.0,12.0,0.0,0.0,0.0,0.0
0.0,30.0,0.0,15.0,0.0,2.0,0.0,0.0
0.0,60.0,0.0,12.0,0.0,0.0,0.0,0.0
0.0,60.0,0.0,16.0,0.0,0.0,0.0,0.0
0.0,30.0,0.0,14.0,0.0,3.0,0.0,0.0
0.0,60.0,0.0,21.0,0.0,0.0,0.0,0.0
0.0,200.0,0.0,9.0,0.0,0.0,0.0,0.0
0.0,30.0,0.0,21.0,0.0,0.0,0.0,0.0
0.0,30.0,0.0,7.0,0.0,0.0,0.0,0.0
0.0,200.0,0.0,7.0,0.0,0.0,0.0,0.0
0.0,200.0,0.0,12.0,0.0,0.0,0.0,0.0
0.0,30.0,0.0,16.0,0.0,0.0,0.0,0.0
0.0,200.0,0.0,10.0,0.0,0.0,0.0,0.0
0.0,200.0,0.0,17.0,0.0,0.0,0.0,0.0
0.0,30.0,0.0,10.0,0.0,0.0,0.0,0.0
0.0,90.0,0.0,10.0,0.0,0.0,0.0,0.0
0.0,30.0,0.0,19.0,0.0,26.0,0.0,0.0
0.0,200.0,0.0,20.0,0.0,0.0,0.0,0.0
0.0,60.0,0.0,12.0,0.0,0.0,0.0,0.0
0.0,200.0,0.0,19.0,0.0,0.0,0.0,0.0
0.0,200.0,0.0,16.0,0.0,0.0,0.0,0.0
0.0,200.0,0.0,19.0,0.0,0.0,0.0,0.0
0.0,200.0,0.0,14.0,0.0,0.0,0.0,0.0
0.0,200.0,0.0,9.0,0.0,0.0,0.0,0.0
0.0,120.0,0.0,20.0,0.0,7200.0,0.0,0.0
0.0,200.0,0.0,15.0,0.0,0.0,0.0,0.0
0.0,200.0,0.0,15.0,0.0,0.0,0.0,0.0
0.0,30.0,0.0,19.0,0.0,0.0,0.0,0.0
0.0,30.0,0.0,16.0,0.0,1.0,0.0,0.0
0.0,30.0,0.0,12.0,0.0,0.0,0.0,0.0
0.0,90.0,0.0,10.0,0.0,0.0,0.0,0.0
0.0,30.0,0.0,19.0,0.0,0.0,0.0,0.0
0.0,200.0,0.0,10.0,0.0,0.0,0.0,0.0
0.0,30.0,0.0,20.0,0.0,0.0,0.0,0.0
0.0,120.0,0.0,14.0,0.0,0.0,0.0,0.0
0.0,200.0,0.0,12.0,0.0,0.0,0.0,0.0
0.0,60.0,0.0,16.0,0.0,0.0,0.0,0.0
0.0,60.0,0.0,11.0,0.0,0.0,0.0,0.0
0.0,200.0,0.0,22.0,0.0,0.0,0.0,0.0
0.0,200.0,0.0,19.0,0.0,0.0,0.0,0.0
0.0,90.0,0.0,15.0,0.0,0.0,0.0,0.0
0.0,30.0,0.0,15.0,0.0,0.0,0.0,0.0
0.0,30.0,0.0,19.0,0.0,0.0,0.0,0.0
0.0,200.0,0.0,10.0,0.0,0.0,0.0,0.0
0.0,30.0,0.0,7.0,0.0,0.0,0.0,0.0
0.0,200.0,0.0,20.0,0.0,0.0,0.0,0.0
0.0,30.0,0.0,13.0,0.0,0.0,0.0,0.0
0.0,200.0,0.0,13.0,0.0,0.0,0.0,0.0
0.0,30.0,0.0,20.0,0.0,0.0,0.0,0.0
0.0,200.0,0.0,14.0,0.0,0.0,0.0,0.0
0.0,30.0,0.0,7.0,0.0,0.0,0.0,0.0
0.0,30.0,0.0,13.0,0.0,0.0,0.0,0.0
0.0,200.0,0.0,22.0,0.0,0.0,0.0,0.0
0.0,30.0,0.0,13.0,0.0,0.0,0.0,0.0
0.0,200.0,0.0,21.0,0.0,0.0,0.0,0.0
0.0,200.0,0.0,20.0,0.0,0.0,0.0,0.0
0.0,200.0,0.0,19.0,0.0,0.0,0.0,0.0
0.0,200.0,0.0,20.0,0.0,0.0,0.0,0.0
0.0,180.0,0.0,11.0,0.0,0.0,0.0,0.0
0.0,30.0,0.0,9.0,0.0,0.0,0.0,0.0
0.0,60.0,0.0,7.0,0.0,0.0,0.0,0.0
0.0,200.0,0.0,18.0,0.0,0.0,0.0,0.0
0.0,60.0,0.0,20.0,0.0,0.0,0.0,0.0
0.0,200.0,0.0,12.0,0.0,0.0,0.0,0.0
0.0,120.0,0.0,19.0,0.0,0.0,0.0,0.0
0.0,200.0,0.0,8.0,0.0,0.0,0.0,0.0
0.0,200.0,0.0,10.0,0.0,0.0,0.0,0.0
0.0,30.0,0.0,10.0,0.0,7200.0,0.0,0.0
0.0,200.0,0.0,16.0,0.0,0.0,0.0,0.0
0.0,30.0,0.0,13.0,0.0,7200.0,0.0,0.0
0.0,200.0,0.0,17.0,0.0,0.0,0.0,0.0
0.0,200.0,0.0,14.0,0.0,0.0,0.0,0.0
0.0,30.0,0.0,14.0,0.0,0.0,0.0,0.0
0.0,30.0,0.0,9.0,0.0,0.0,0.0,0.0
0.0,200.0,0.0,20.0,0.0,0.0,0.0,0.0
0.0,200.0,0.0,17.0,0.0,0.0,0.0,0.0
0.0,200.0,0.0,13.0,0.0,0.0,0.0,0.0
0.0,30.0,0.0,7.0,0.0,1.0,0.0,0.0
0.0,30.0,0.0,21.0,0.0,5712.0,0.0,0.0
0.0,200.0,0.0,17.0,0.0,0.0,0.0,0.0
0.0,200.0,0.0,20.0,0.0,0.0,0.0,0.0
0.0,60.0,0.0,10.0,0.0,0.0,0.0,0.0
0.0,180.0,0.0,19.0,0.0,0.0,0.0,0.0
0.0,200.0,0.0,8.0,0.0,0.0,0.0,0.0
0.0,30.0,0.0,10.0,0.0,0.0,0.0,0.0
0.0,180.0,0.0,18.0,0.0,0.0,0.0,0.0
0.0,180.0,0.0,15.0,0.0,0.0,0.0,0.0
0.0,200.0,0.0,17.0,0.0,0.0,0.0,0.0
0.0,180.0,0.0,11.0,0.0,0.0,0.0,0.0
0.0,200.0,0.0,21.0,0.0,0.0,0.0,0.0
0.0,200.0,0.0,13.0,0.0,0.0,0.0,0.0
0.0,200.0,0.0,15.0,0.0,0.0,0.0,0.0
0.0,200.0,0.0,14.0,0.0,0.0,0.0,0.0
0.0,200.0,0.0,14.0,0.0,0.0,0.0,0.0
0.0,200.0,0.0,19.0,0.0,0.0,0.0,0.0
0.0,200.0,0.0,8.0,0.0,0.0,0.0,0.0
0.0,200.0,0.0,7.0,0.0,0.0,0.0,0.0
0.0,200.0,0.0,20.0,0.0,0.0,0.0,0.0
0.0,30.0,0.0,18.0,0.0,1569.0,0.0,0.0
0.0,200.0,0.0,19.0,0.0,0.0,0.0,0.0
0.0,30.0,0.0,11.0,0.0,0.0,0.0,0.0
0.0,150.0,0.0,13.0,0.0,0.0,0.0,0.0
0.0,200.0,0.0,22.0,0.0,0.0,0.0,0.0
0.0,200.0,0.0,19.0,0.0,0.0,0.0,0.0
0.0,200.0,0.0,14.0,0.0,0.0,0.0,0.0
0.0,60.0,0.0,7.0,0.0,1.0,0.0,0.0
0.0,200.0,0.0,8.0,0.0,0.0,0.0,0.0
0.0,60.0,0.0,19.0,0.0,0.0,0.0,0.0
0.0,200.0,0.0,21.0,0.0,0.0,0.0,0.0
0.0,120.0,0.0,19.0,0.0,0.0,0.0,0.0
0.0,200.0,0.0,13.0,0.0,0.0,0.0,0.0
0.0,30.0,0.0,18.0,0.0,0.0,0.0,0.0
0.0,200.0,0.0,21.0,0.0,0.0,0.0,0.0
0.0,200.0,0.0,22.0,0.0,0.0,0.0,0.0
0.0,200.0,0.0,9.0,0.0,0.0,0.0,0.0
0.0,200.0,0.0,10.0,0.0,0.0,0.0,0.0
0.0,30.0,0.0,22.0,0.0,0.0,0.0,0.0
0.0,150.0,0.0,12.0,0.0,0.0,0.0,0.0
0.0,60.0,0.0,21.0,0.0,0.0,0.0,0.0
0.0,60.0,0.0,9.0,0.0,0.0,0.0,0.0
0.0,200.0,0.0,18.0,0.0,0.0,0.0,0.0
0.0,200.0,0.0,18.0,0.0,0.0,0.0,0.0
0.0,30.0,0.0,22.0,0.0,1.0,0.0,0.0
0.0,30.0,0.0,19.0,0.0,0.0,0.0,0.0
0.0,180.0,0.0,7.0,0.0,0.0,0.0,0.0
0.0,120.0,0.0,17.0,0.0,0.0,0.0,0.0
0.0,120.0,0.0,16.0,0.0,7200.0,0.0,0.0
0.0,120.0,0.0,7.0,0.0,0.0,0.0,0.0
0.0,200.0,0.0,19.0,0.0,0.0,0.0,0.0
0.0,200.0,0.0,7.0,0.0,0.0,0.0,0.0
0.0,30.0,0.0,18.0,0.0,0.0,0.0,0.0
0.0,60.0,0.0,16.0,0.0,0.0,0.0,0.0
0.0,200.0,0.0,12.0,0.0,0.0,0.0,0.0
0.0,200.0,0.0,13.0,0.0,0.0,0.0,0.0
0.0,90.0,0.0,16.0,0.0,0.0,0.0,0.0
0.0,60.0,0.0,19.0,0.0,0.0,0.0,0.0
0.0,30.0,0.0,18.0,0.0,0.0,0.0,0.0
0.0,150.0,0.0,13.0,0.0,0.0,0.0,0.0
0.0,200.0,0.0,13.0,0.0,0.0,0.0,0.0
0.0,200.0,0.0,11.0,0.0,0.0,0.0,0.0
0.0,200.0,0.0,14.0,0.0,0.0,0.0,0.0
0.0,180.0,0.0,11.0,0.0,0.0,0.0,0.0
0.0,200.0,0.0,11.0,0.0,0.0,0.0,0.0
0.0,200.0,0.0,16.0,0.0,0.0,0.0,0.0
0.0,60.0,0.0,15.0,0.0,0.0,0.0,0.0
0.0,200.0,0.0,11.0,0.0,0.0,0.0,0.0
0.0,60.0,0.0,19.0,0.0,0.0,0.0,0.0
0.0,200.0,0.0,10.0,0.0,0.0,0.0,0.0
0.0,200.0,0.0,17.0,0.0,0.0,0.0,0.0
0.0,200.0,0.0,7.0,0.0,0.0,0.0,0.0
0.0,200.0,0.0,9.0,0.0,0.0,0.0,0.0
0.0,30.0,0.0,21.0,0.0,23.0,0.0,0.0
0.0,200.0,0.0,17.0,0.0,0.0,0.0,0.0
0.0,60.0,0.0,19.0,0.0,6191.0,0.0,0.0
0.0,120.0,0.0,19.0,0.0,0.0,0.0,0.0
0.0,120.0,0.0,7.0,0.0,0.0,0.0,0.0
0.0,200.0,0.0,7.0,0.0,0.0,0.0,0.0
0.0,30.0,0.0,10.0,0.0,0.0,0.0,0.0
0.0,200.0,0.0,21.0,0.0,0.0,0.0,0.0
0.0,200.0,0.0,11.0,0.0,0.0,0.0,0.0
0.0,200.0,0.0,14.0,0.0,0.0,0.0,0.0
0.0,150.0,0.0,20.0,0.0,0.0,0.0,0.0
0.0,60.0,0.0,18.0,0.0,0.0,0.0,0.0
0.0,200.0,0.0,22.0,0.0,0.0,0.0,0.0
0.0,60.0,0.0,20.0,0.0,7200.0,0.0,0.0
0.0,150.0,0.0,9.0,0.0,0.0,0.0,0.0
0.0,200.0,0.0,10.0,0.0,0.0,0.0,0.0
0.0,150.0,0.0,20.0,0.0,0.0,0.0,0.0
0.0,120.0,0.0,9.0,0.0,0.0,0.0,0.0
0.0,30.0,0.0,10.0,0.0,300.0,0.0,0.0
0.0,200.0,0.0,15.0,0.0,0.0,0.0,0.0
0.0,200.0,0.0,17.0,0.0,0.0,0.0,0.0
0.0,30.0,0.0,12.0,0.0,1.0,0.0,0.0
0.0,200.0,0.0,12.0,0.0,0.0,0.0,0.0
0.0,90.0,0.0,13.0,0.0,0.0,0.0,0.0
0.0,120.0,0.0,16.0,0.0,0.0,0.0,0.0
0.0,200.0,0.0,15.0,0.0,0.0,0.0,0.0
0.0,200.0,0.0,14.0,0.0,0.0,0.0,0.0
0.0,200.0,0.0,17.0,0.0,0.0,0.0,0.0
0.0,200.0,0.0,14.0,0.0,0.0,0.0,0.0
0.0,30.0,0.0,20.0,0.0,0.0,0.0,0.0
0.0,200.0,0.0,17.0,0.0,0.0,0.0,0.0
0.0,60.0,0.0,16.0,0.0,0.0,0.0,0.0
0.0,60.0,0.0,16.0,0.0,0.0,0.0,0.0
0.0,30.0,0.0,12.0,0.0,7200.0,0.0,0.0
0.0,30.0,0.0,9.0,0.0,13.0,0.0,0.0
0.0,150.0,0.0,8.0,0.0,0.0,0.0,0.0
0.0,90.0,0.0,18.0,0.0,0.0,0.0,0.0
0.0,120.0,0.0,18.0,0.0,0.0,0.0,0.0
0.0,200.0,0.0,10.0,0.0,0.0,0.0,0.0
0.0,60.0,0.0,8.0,0.0,0.0,0.0,0.0
0.0,200.0,0.0,16.0,0.0,0.0,0.0,0.0
0.0,180.0,0.0,11.0,0.0,0.0,0.0,0.0
0.0,200.0,0.0,8.0,0.0,0.0,0.0,0.0
0.0,30.0,0.0,18.0,0.0,0.0,0.0,0.0
0.0,200.0,0.0,14.0,0.0,0.0,0.0,0.0
0.0,200.0,0.0,13.0,0.0,0.0,0.0,0.0
0.0,200.0,0.0,10.0,0.0,0.0,0.0,0.0
0.0,30.0,0.0,7.0,0.0,0.0,0.0,0.0
0.0,120.0,0.0,9.0,0.0,0.0,0.0,0.0
0.0,200.0,0.0,20.0,0.0,0.0,0.0,0.0
0.0,200.0,0.0,13.0,0.0,0.0,0.0,0.0
0.0,60.0,0.0,16.0,0.0,0.0,0.0,0.0
0.0,120.0,0.0,11.0,0.0,0.0,0.0,0.0
0.0,150.0,0.0,18.0,0.0,0.0,0.0,0.0
0.0,200.0,0.0,7.0,0.0,0.0,0.0,0.0
0.0,180.0,0.0,22.0,0.0,0.0,0.0,0.0
0.0,60.0,0.0,9.0,0.0,0.0,2.0,0.0
0.0,200.0,0.0,17.0,0.0,0.0,0.0,0.0
0.0,200.0,0.0,12.0,0.0,0.0,0.0,0.0
0.0,200.0,0.0,20.0,0.0,0.0,0.0,0.0
0.0,30.0,0.0,21.0,0.0,1.0,0.0,0.0
0.0,30.0,0.0,19.0,0.0,3.0,0.0,0.0
0.0,200.0,0.0,18.0,0.0,0.0,0.0,0.0
0.0,30.0,0.0,10.0,0.0,0.0,0.0,0.0
0.0,200.0,0.0,14.0,0.0,0.0,0.0,0.0
0.0,200.0,0.0,14.0,0.0,15.0,0.0,0.0
0.0,200.0,0.0,19.0,0.0,0.0,0.0,0.0
0.0,90.0,0.0,16.0,0.0,0.0,0.0,0.0
0.0,180.0,0.0,10.0,0.0,0.0,0.0,0.0
0.0,200.0,0.0,14.0,0.0,0.0,0.0,0.0
0.0,120.0,0.0,20.0,0.0,0.0,0.0,0.0
0.0,200.0,0.0,8.0,0.0,0.0,0.0,0.0
0.0,200.0,0.0,19.0,0.0,0.0,0.0,0.0
0.0,200.0,0.0,13.0,0.0,0.0,0.0,0.0
0.0,200.0,0.0,13.0,0.0,0.0,0.0,0.0
0.0,200.0,0.0,15.0,0.0,0.0,0.0,0.0
0.0,150.0,0.0,22.0,0.0,0.0,0.0,0.0
0.0,60.0,0.0,17.0,0.0,0.0,0.0,0.0
0.0,200.0,0.0,8.0,0.0,0.0,0.0,0.0
0.0,60.0,0.0,16.0,0.0,0.0,0.0,0.0
0.0,90.0,0.0,14.0,0.0,0.0,0.0,0.0
0.0,30.0,0.0,13.0,0.0,0.0,0.0,0.0
0.0,200.0,0.0,7.0,0.0,0.0,0.0,0.0
0.0,120.0,0.0,12.0,0.0,0.0,0.0,0.0
0.0,30.0,0.0,8.0,0.0,0.0,0.0,0.0
0.0,30.0,0.0,7.0,0.0,1.0,0.0,0.0
0.0,90.0,0.0,21.0,0.0,0.0,0.0,0.0
0.0,200.0,0.0,8.0,0.0,0.0,0.0,0.0
0.0,30.0,0.0,8.0,0.0,4.0,0.0,0.0
0.0,30.0,0.0,20.0,0.0,0.0,0.0,0.0
0.0,30.0,0.0,13.0,0.0,0.0,0.0,0.0
0.0,200.0,0.0,8.0,0.0,0.0,0.0,0.0
0.0,200.0,0.0,10.0,0.0,0.0,0.0,0.0
0.0,30.0,0.0,9.0,0.0,0.0,0.0,0.0
0.0,200.0,0.0,9.0,0.0,0.0,0.0,0.0
0.0,30.0,0.0,15.0,0.0,6719.0,0.0,0.0
0.0,60.0,0.0,15.0,0.0,0.0,0.0,0.0
0.0,60.0,0.0,11.0,0.0,0.0,0.0,0.0
0.0,120.0,0.0,16.0,0.0,0.0,0.0,0.0
0.0,30.0,0.0,9.0,0.0,36.0,0.0,0.0
0.0,60.0,0.0,7.0,0.0,0.0,0.0,0.0
0.0,120.0,0.0,7.0,0.0,0.0,0.0,0.0
0.0,150.0,0.0,22.0,0.0,0.0,0.0,0.0
0.0,60.0,0.0,10.0,0.0,0.0,0.0,0.0
0.0,200.0,0.0,12.0,0.0,0.0,0.0,0.0
0.0,30.0,0.0,19.0,0.0,835.0,0.0,0.0
0.0,30.0,0.0,21.0,0.0,0.0,0.0,0.0
0.0,200.0,0.0,14.0,0.0,0.0,0.0,0.0
0.0,200.0,0.0,16.0,0.0,0.0,0.0,0.0
0.0,120.0,0.0,21.0,0.0,0.0,0.0,0.0
0.0,200.0,0.0,8.0,0.0,0.0,0.0,0.0
0.0,60.0,0.0,13.0,0.0,2436.0,0.0,0.0
0.0,60.0,0.0,11.0,0.0,0.0,0.0,0.0
0.0,150.0,0.0,14.0,0.0,0.0,0.0,0.0
0.0,60.0,0.0,21.0,0.0,0.0,0.0,0.0
0.0,200.0,0.0,16.0,0.0,0.0,0.0,0.0
0.0,200.0,0.0,11.0,0.0,0.0,0.0,0.0
0.0,60.0,0.0,7.0,0.0,0.0,0.0,0.0
0.0,200.0,0.0,9.0,0.0,0.0,0.0,0.0
0.0,200.0,0.0,12.0,0.0,0.0,0.0,0.0
0.0,200.0,0.0,13.0,0.0,0.0,0.0,0.0
0.0,200.0,0.0,9.0,0.0,0.0,0.0,0.0
0.0,200.0,0.0,7.0,0.0,0.0,0.0,0.0
0.0,30.0,0.0,12.0,0.0,0.0,0.0,0.0
0.0,200.0,0.0,15.0,0.0,0.0,0.0,0.0
0.0,200.0,0.0,18.0,0.0,0.0,0.0,0.0
0.0,200.0,0.0,8.0,0.0,0.0,0.0,0.0
0.0,90.0,0.0,9.0,0.0,0.0,0.0,0.0
0.0,200.0,0.0,20.0,0.0,0.0,0.0,0.0
0.0,30.0,0.0,12.0,0.0,25.0,0.0,0.0
0.0,200.0,0.0,17.0,0.0,0.0,0.0,0.0
0.0,60.0,0.0,13.0,0.0,1.0,0.0,0.0
0.0,200.0,0.0,8.0,0.0,0.0,0.0,0.0
0.0,200.0,0.0,20.0,0.0,0.0,0.0,0.0
0.0,30.0,0.0,15.0,0.0,0.0,0.0,0.0
0.0,200.0,0.0,16.0,0.0,0.0,0.0,0.0
0.0,200.0,0.0,7.0,0.0,0.0,0.0,0.0
0.0,200.0,0.0,17.0,0.0,0.0,0.0,0.0
0.0,30.0,0.0,22.0,0.0,0.0,0.0,0.0
0.0,60.0,0.0,13.0,0.0,0.0,0.0,0.0
0.0,200.0,0.0,11.0,0.0,0.0,0.0,0.0
0.0,200.0,0.0,16.0,0.0,0.0,0.0,0.0
0.0,30.0,0.0,10.0,0.0,0.0,0.0,0.0
0.0,180.0,0.0,18.0,0.0,0.0,0.0,0.0
0.0,200.0,0.0,8.0,0.0,0.0,0.0,0.0
0.0,30.0,0.0,13.0,0.0,0.0,0.0,0.0
0.0,200.0,0.0,18.0,0.0,0.0,0.0,0.0
0.0,200.0,0.0,14.0,0.0,0.0,0.0,0.0
0.0,200.0,0.0,19.0,0.0,0.0,0.0,0.0
0.0,200.0,0.0,10.0,0.0,0.0,0.0,0.0
0.0,30.0,0.0,8.0,0.0,0.0,0.0,0.0
0.0,200.0,0.0,19.0,0.0,0.0,0.0,0.0
0.0,60.0,0.0,15.0,0.0,0.0,0.0,0.0
0.0,30.0,0.0,22.0,0.0,0.0,0.0,0.0
0.0,200.0,0.0,13.0,0.0,0.0,0.0,0.0
0.0,200.0,0.0,10.0,0.0,0.0,0.0,0.0
0.0,30.0,0.0,21.0,0.0,0.0,0.0,0.0
0.0,200.0,0.0,15.0,0.0,0.0,0.0,0.0
0.0,60.0,0.0,8.0,0.0,0.0,0.0,0.0
1.0,30.0,0.0,7.0,0.0,1.0,0.0,0.0
0.0,200.0,0.0,21.0,0.0,0.0,0.0,0.0
0.0,30.0,0.0,9.0,0.0,0.0,0.0,0.0
0.0,30.0,0.0,20.0,0.0,7200.0,0.0,0.0
0.0,30.0,0.0,13.0,0.0,0.0,0.0,0.0
0.0,200.0,0.0,12.0,0.0,0.0,0.0,0.0
0.0,30.0,0.0,7.0,0.0,0.0,0.0,0.0
0.0,30.0,0.0,22.0,0.0,0.0,0.0,0.0
0.0,200.0,0.0,13.0,0.0,0.0,0.0,0.0
0.0,120.0,0.0,19.0,0.0,0.0,0.0,0.0
0.0,200.0,0.0,13.0,0.0,0.0,0.0,0.0
0.0,90.0,0.0,21.0,0.0,0.0,0.0,0.0
0.0,30.0,0.0,19.0,1.0,7200.0,60.0,0.0
0.0,200.0,0.0,7.0,0.0,0.0,0.0,0.0
0.0,30.0,0.0,19.0,0.0,0.0,0.0,0.0
0.0,200.0,0.0,22.0,0.0,0.0,0.0,0.0
0.0,200.0,0.0,22.0,0.0,0.0,0.0,0.0
0.0,200.0,0.0,16.0,0.0,0.0,0.0,0.0
0.0,200.0,0.0,12.0,0.0,0.0,0.0,0.0
0.0,60.0,0.0,14.0,0.0,19.0,0.0,0.0
0.0,90.0,0.0,17.0,0.0,0.0,0.0,0.0
0.0,150.0,0.0,7.0,0.0,0.0,0.0,0.0
0.0,200.0,0.0,14.0,0.0,0.0,0.0,0.0
0.0,200.0,0.0,14.0,0.0,0.0,0.0,0.0
0.0,150.0,0.0,17.0,0.0,0.0,0.0,0.0
0.0,200.0,0.0,16.0,0.0,0.0,0.0,0.0
0.0,150.0,0.0,17.0,0.0,0.0,0.0,0.0
0.0,120.0,0.0,15.0,0.0,0.0,0.0,0.0
0.0,90.0,0.0,11.0,0.0,0.0,0.0,0.0
0.0,120.0,0.0,22.0,0.0,1295.0,0.0,0.0
0.0,200.0,0.0,9.0,0.0,0.0,0.0,0.0
0.0,200.0,0.0,12.0,0.0,0.0,0.0,0.0
0.0,60.0,0.0,18.0,0.0,0.0,0.0,0.0
0.0,200.0,0.0,20.0,0.0,0.0,0.0,0.0
0.0,30.0,0.0,21.0,0.0,0.0,9.0,0.0
0.0,200.0,0.0,17.0,0.0,0.0,0.0,0.0
0.0,60.0,0.0,8.0,0.0,0.0,0.0,0.0
0.0,30.0,0.0,21.0,0.0,0.0,0.0,0.0
0.0,30.0,0.0,15.0,0.0,31.0,0.0,0.0
0.0,30.0,0.0,14.0,0.0,0.0,0.0,0.0
0.0,200.0,0.0,16.0,0.0,0.0,0.0,0.0
0.0,30.0,0.0,10.0,0.0,7200.0,0.0,0.0
0.0,200.0,0.0,16.0,0.0,0.0,0.0,0.0
0.0,30.0,0.0,15.0,0.0,10.0,0.0,0.0
0.0,200.0,0.0,17.0,0.0,0.0,0.0,0.0
0.0,200.0,0.0,7.0,0.0,0.0,0.0,0.0
0.0,60.0,0.0,18.0,0.0,0.0,0.0,0.0
0.0,200.0,0.0,22.0,0.0,0.0,0.0,0.0
0.0,200.0,0.0,12.0,0.0,0.0,0.0,0.0
0.0,200.0,0.0,10.0,0.0,0.0,0.0,0.0
0.0,200.0,0.0,12.0,0.0,0.0,0.0,0.0
0.0,200.0,0.0,21.0,0.0,0.0,0.0,0.0
0.0,30.0,0.0,16.0,0.0,0.0,0.0,0.0
0.0,200.0,0.0,17.0,0.0,0.0,0.0,0.0
0.0,200.0,0.0,7.0,0.0,0.0,0.0,0.0
0.0,90.0,0.0,9.0,0.0,0.0,0.0,0.0
0.0,30.0,0.0,22.0,0.0,23.0,0.0,0.0
0.0,200.0,0.0,12.0,0.0,0.0,0.0,0.0
0.0,90.0,0.0,9.0,0.0,0.0,0.0,0.0
0.0,200.0,0.0,8.0,0.0,0.0,0.0,0.0
0.0,200.0,0.0,16.0,0.0,0.0,0.0,0.0
0.0,30.0,0.0,19.0,0.0,0.0,0.0,0.0
0.0,200.0,0.0,17.0,0.0,0.0,0.0,0.0
0.0,60.0,0.0,16.0,0.0,0.0,0.0,0.0
0.0,180.0,0.0,21.0,0.0,0.0,0.0,0.0
0.0,200.0,0.0,14.0,0.0,0.0,0.0,0.0
0.0,30.0,0.0,11.0,0.0,0.0,0.0,0.0
0.0,200.0,0.0,15.0,0.0,0.0,0.0,0.0
0.0,200.0,0.0,7.0,0.0,0.0,0.0,0.0
0.0,30.0,0.0,11.0,0.0,7200.0,0.0,0.0
0.0,60.0,0.0,22.0,0.0,0.0,0.0,0.0
0.0,200.0,0.0,9.0,0.0,0.0,0.0,0.0
0.0,200.0,0.0,19.0,0.0,0.0,0.0,0.0
0.0,30.0,0.0,10.0,0.0,129.0,3.0,0.0
0.0,200.0,0.0,17.0,0.0,0.0,0.0,0.0
0.0,200.0,0.0,15.0,0.0,0.0,0.0,0.0
0.0,60.0,0.0,21.0,0.0,0.0,0.0,0.0
0.0,30.0,0.0,12.0,0.0,20.0,0.0,0.0
0.0,180.0,0.0,9.0,0.0,3404.0,0.0,0.0
0.0,200.0,0.0,18.0,0.0,0.0,0.0,0.0
0.0,30.0,0.0,22.0,0.0,31.0,0.0,0.0
0.0,200.0,0.0,17.0,0.0,0.0,0.0,0.0
0.0,200.0,0.0,17.0,0.0,0.0,0.0,0.0
0.0,30.0,0.0,19.0,0.0,0.0,0.0,0.0
0.0,60.0,0.0,19.0,0.0,0.0,0.0,0.0
0.0,200.0,0.0,13.0,0.0,0.0,0.0,0.0
0.0,200.0,0.0,16.0,0.0,0.0,0.0,0.0
0.0,30.0,0.0,16.0,0.0,0.0,0.0,0.0
0.0,30.0,0.0,9.0,0.0,0.0,0.0,0.0
0.0,200.0,0.0,11.0,0.0,0.0,0.0,0.0
0.0,200.0,0.0,14.0,0.0,0.0,0.0,0.0
0.0,60.0,0.0,21.0,0.0,0.0,1.0,0.0
0.0,90.0,0.0,10.0,0.0,0.0,0.0,0.0
0.0,200.0,0.0,17.0,0.0,0.0,0.0,0.0
0.0,200.0,0.0,13.0,0.0,0.0,0.0,0.0
0.0,120.0,0.0,19.0,0.0,0.0,0.0,0.0
0.0,150.0,0.0,21.0,0.0,0.0,0.0,0.0
0.0,30.0,0.0,14.0,0.0,0.0,0.0,0.0
0.0,200.0,0.0,12.0,0.0,0.0,0.0,0.0
0.0,200.0,0.0,9.0,0.0,0.0,0.0,0.0
0.0,200.0,0.0,22.0,0.0,0.0,0.0,0.0
0.0,200.0,0.0,13.0,0.0,0.0,0.0,0.0
0.0,30.0,0.0,11.0,0.0,7.0,0.0,0.0
0.0,120.0,0.0,11.0,0.0,0.0,0.0,0.0
0.0,30.0,0.0,11.0,0.0,0.0,0.0,0.0
0.0,30.0,0.0,19.0,0.0,0.0,0.0,0.0
0.0,30.0,0.0,20.0,0.0,0.0,0.0,0.0
0.0,150.0,0.0,13.0,0.0,0.0,0.0,0.0
0.0,90.0,0.0,8.0,0.0,0.0,0.0,0.0
0.0,60.0,0.0,12.0,0.0,0.0,0.0,0.0
0.0,180.0,0.0,21.0,0.0,0.0,0.0,0.0
0.0,30.0,0.0,9.0,0.0,0.0,0.0,0.0
0.0,200.0,0.0,13.0,0.0,0.0,0.0,0.0
0.0,200.0,0.0,16.0,0.0,0.0,0.0,0.0
0.0,120.0,0.0,15.0,0.0,0.0,0.0,0.0
0.0,200.0,0.0,15.0,0.0,0.0,0.0,0.0
0.0,60.0,0.0,12.0,0.0,0.0,1.0,0.0
0.0,200.0,0.0,7.0,0.0,0.0,0.0,0.0
0.0,200.0,0.0,8.0,0.0,0.0,0.0,0.0
0.0,200.0,0.0,14.0,0.0,0.0,0.0,0.0
0.0,90.0,0.0,15.0,0.0,0.0,0.0,0.0
0.0,30.0,0.0,20.0,0.0,1465.0,0.0,0.0
0.0,30.0,0.0,16.0,0.0,0.0,0.0,0.0
0.0,60.0,0.0,18.0,0.0,0.0,0.0,0.0
0.0,30.0,0.0,13.0,0.0,0.0,0.0,0.0
0.0,200.0,0.0,11.0,0.0,0.0,0.0,0.0
0.0,200.0,0.0,16.0,0.0,0.0,0.0,0.0
0.0,200.0,0.0,19.0,0.0,0.0,0.0,0.0
0.0,200.0,0.0,13.0,0.0,0.0,0.0,0.0
0.0,30.0,0.0,8.0,0.0,4.0,0.0,0.0
0.0,200.0,0.0,20.0,0.0,0.0,0.0,0.0
0.0,30.0,0.0,9.0,0.0,0.0,0.0,0.0
0.0,30.0,0.0,11.0,0.0,2.0,0.0,0.0
0.0,200.0,0.0,11.0,0.0,0.0,0.0,0.0
0.0,30.0,0.0,18.0,0.0,0.0,1.0,0.0
0.0,200.0,0.0,20.0,0.0,0.0,0.0,0.0
0.0,30.0,0.0,15.0,0.0,3.0,0.0,0.0
0.0,150.0,0.0,19.0,0.0,0.0,0.0,0.0
0.0,200.0,0.0,18.0,0.0,0.0,0.0,0.0
0.0,30.0,0.0,15.0,0.0,0.0,0.0,0.0
0.0,30.0,0.0,15.0,0.0,1.0,0.0,0.0
0.0,60.0,0.0,19.0,0.0,0.0,0.0,0.0
0.0,30.0,0.0,14.0,0.0,10.0,0.0,0.0
0.0,30.0,0.0,11.0,0.0,0.0,0.0,0.0
0.0,200.0,0.0,7.0,0.0,0.0,0.0,0.0
0.0,120.0,0.0,19.0,0.0,7200.0,0.0,0.0
0.0,200.0,0.0,11.0,0.0,0.0,0.0,0.0
0.0,30.0,0.0,11.0,0.0,0.0,0.0,0.0
0.0,200.0,0.0,12.0,0.0,0.0,0.0,0.0
0.0,200.0,0.0,9.0,0.0,0.0,0.0,0.0
0.0,200.0,0.0,15.0,0.0,0.0,0.0,0.0
0.0,30.0,0.0,10.0,0.0,1.0,0.0,0.0
0.0,60.0,0.0,20.0,0.0,1.0,0.0,0.0
0.0,200.0,0.0,17.0,0.0,0.0,0.0,0.0
0.0,200.0,0.0,17.0,0.0,0.0,0.0,0.0
0.0,200.0,0.0,12.0,0.0,0.0,0.0,0.0
0.0,200.0,1.0,12.0,0.0,0.0,0.0,0.0
0.0,60.0,0.0,10.0,0.0,0.0,0.0,0.0
0.0,30.0,0.0,8.0,0.0,0.0,0.0,0.0
0.0,60.0,0.0,8.0,0.0,0.0,0.0,0.0
0.0,60.0,0.0,8.0,0.0,0.0,0.0,0.0
0.0,200.0,0.0,19.0,0.0,0.0,0.0,0.0
0.0,200.0,0.0,8.0,0.0,0.0,0.0,0.0
0.0,150.0,0.0,10.0,0.0,0.0,0.0,0.0
0.0,200.0,0.0,8.0,0.0,0.0,0.0,0.0
0.0,200.0,0.0,7.0,0.0,0.0,0.0,0.0
0.0,90.0,0.0,11.0,0.0,0.0,0.0,0.0
0.0,180.0,0.0,15.0,0.0,0.0,0.0,0.0
0.0,60.0,0.0,22.0,0.0,0.0,0.0,0.0
0.0,200.0,0.0,21.0,0.0,0.0,0.0,0.0
0.0,30.0,0.0,7.0,0.0,0.0,0.0,0.0
0.0,200.0,0.0,14.0,0.0,0.0,0.0,0.0
0.0,30.0,0.0,13.0,0.0,7200.0,0.0,0.0
0.0,60.0,0.0,19.0,0.0,0.0,0.0,0.0
0.0,120.0,0.0,16.0,0.0,0.0,0.0,0.0
0.0,200.0,0.0,16.0,0.0,0.0,0.0,0.0
0.0,200.0,0.0,13.0,0.0,0.0,0.0,0.0
0.0,30.0,0.0,12.0,0.0,1.0,0.0,0.0
0.0,200.0,0.0,13.0,0.0,0.0,0.0,0.0
0.0,200.0,0.0,12.0,0.0,0.0,0.0,0.0
0.0,30.0,0.0,15.0,0.0,31.0,0.0,0.0
0.0,150.0,0.0,7.0,0.0,0.0,0.0,0.0
0.0,90.0,0.0,10.0,0.0,0.0,0.0,0.0
0.0,30.0,0.0,20.0,0.0,0.0,0.0,0.0
0.0,60.0,0.0,17.0,0.0,0.0,0.0,0.0
0.0,30.0,0.0,19.0,0.0,0.0,0.0,0.0
0.0,200.0,0.0,10.0,0.0,0.0,0.0,0.0
0.0,30.0,0.0,22.0,0.0,32.0,0.0,0.0
0.0,30.0,0.0,20.0,0.0,4304.0,0.0,0.0
0.0,30.0,0.0,18.0,0.0,0.0,0.0,0.0
0.0,60.0,0.0,17.0,0.0,0.0,0.0,0.0
0.0,200.0,0.0,22.0,0.0,0.0,0.0,0.0
0.0,180.0,0.0,7.0,0.0,0.0,0.0,0.0
0.0,120.0,0.0,9.0,0.0,0.0,0.0,0.0
0.0,60.0,0.0,10.0,0.0,0.0,0.0,0.0
0.0,60.0,0.0,13.0,0.0,0.0,0.0,0.0
0.0,200.0,0.0,14.0,0.0,0.0,0.0,0.0
0.0,200.0,0.0,8.0,0.0,0.0,0.0,0.0
0.0,30.0,0.0,19.0,0.0,829.0,0.0,0.0
0.0,200.0,0.0,21.0,0.0,0.0,0.0,0.0
0.0,150.0,0.0,18.0,0.0,0.0,0.0,0.0
0.0,60.0,0.0,12.0,0.0,0.0,0.0,0.0
0.0,180.0,0.0,15.0,0.0,0.0,0.0,0.0
0.0,90.0,0.0,11.0,0.0,0.0,0.0,0.0
0.0,150.0,0.0,11.0,0.0,0.0,0.0,0.0
0.0,180.0,0.0,11.0,0.0,0.0,0.0,0.0
0.0,200.0,0.0,18.0,0.0,0.0,0.0,0.0
0.0,30.0,0.0,17.0,0.0,0.0,0.0,0.0
0.0,200.0,0.0,7.0,0.0,0.0,0.0,0.0
0.0,30.0,0.0,7.0,0.0,0.0,0.0,0.0
0.0,200.0,0.0,21.0,0.0,0.0,0.0,0.0
0.0,30.0,0.0,11.0,0.0,0.0,0.0,0.0
0.0,120.0,0.0,17.0,0.0,0.0,0.0,0.0
0.0,200.0,0.0,18.0,0.0,0.0,0.0,0.0
0.0,200.0,0.0,9.0,0.0,0.0,0.0,0.0
0.0,30.0,0.0,8.0,0.0,3143.0,0.0,0.0
0.0,30.0,0.0,14.0,0.0,0.0,0.0,0.0
0.0,30.0,0.0,20.0,0.0,7200.0,0.0,0.0
0.0,30.0,0.0,22.0,0.0,0.0,0.0,0.0
0.0,200.0,0.0,20.0,0.0,0.0,0.0,0.0
0.0,200.0,0.0,17.0,0.0,0.0,0.0,0.0
0.0,30.0,0.0,12.0,0.0,0.0,0.0,0.0
0.0,60.0,0.0,17.0,0.0,0.0,0.0,0.0
0.0,200.0,0.0,20.0,0.0,0.0,0.0,0.0
0.0,60.0,0.0,20.0,0.0,0.0,0.0,0.0
0.0,180.0,0.0,16.0,0.0,0.0,0.0,0.0
0.0,30.0,0.0,17.0,0.0,0.0,0.0,0.0
0.0,30.0,0.0,8.0,0.0,3.0,0.0,0.0
0.0,30.0,0.0,7.0,0.0,0.0,0.0,0.0
0.0,200.0,0.0,19.0,0.0,0.0,0.0,0.0
0.0,30.0,0.0,10.0,0.0,0.0,0.0,0.0
0.0,150.0,0.0,8.0,0.0,0.0,0.0,0.0
0.0,200.0,0.0,19.0,0.0,0.0,0.0,0.0
0.0,150.0,0.0,17.0,0.0,0.0,0.0,0.0
0.0,60.0,0.0,7.0,0.0,0.0,0.0,0.0
0.0,60.0,0.0,10.0,0.0,0.0,0.0,0.0
0.0,60.0,0.0,16.0,0.0,0.0,0.0,0.0
0.0,30.0,0.0,22.0,0.0,0.0,0.0,0.0
0.0,90.0,0.0,8.0,0.0,0.0,0.0,0.0
0.0,200.0,0.0,16.0,0.0,0.0,0.0,0.0
0.0,200.0,0.0,18.0,0.0,0.0,0.0,0.0
0.0,30.0,0.0,10.0,0.0,0.0,0.0,0.0
0.0,200.0,0.0,10.0,0.0,0.0,0.0,0.0
0.0,200.0,0.0,10.0,0.0,0.0,0.0,0.0
0.0,60.0,0.0,14.0,0.0,0.0,0.0,0.0
0.0,200.0,0.0,14.0,0.0,0.0,0.0,0.0
0.0,200.0,0.0,14.0,0.0,0.0,0.0,0.0
0.0,30.0,0.0,15.0,0.0,0.0,0.0,0.0
0.0,200.0,0.0,17.0,0.0,0.0,0.0,0.0
0.0,30.0,0.0,14.0,0.0,0.0,0.0,0.0
0.0,120.0,0.0,18.0,0.0,0.0,0.0,0.0
0.0,200.0,0.0,16.0,0.0,0.0,0.0,0.0
0.0,60.0,0.0,18.0,0.0,0.0,0.0,0.0
0.0,200.0,0.0,13.0,0.0,0.0,0.0,0.0
0.0,120.0,0.0,18.0,0.0,0.0,0.0,0.0
0.0,30.0,0.0,7.0,0.0,0.0,0.0,0.0
0.0,200.0,0.0,14.0,0.0,0.0,0.0,0.0
0.0,200.0,0.0,8.0,0.0,0.0,0.0,0.0
0.0,120.0,0.0,14.0,0.0,0.0,0.0,0.0
0.0,200.0,0.0,7.0,0.0,0.0,0.0,0.0
0.0,90.0,0.0,16.0,0.0,0.0,0.0,0.0
0.0,30.0,0.0,22.0,0.0,1.0,0.0,0.0
0.0,60.0,0.0,10.0,0.0,2.0,0.0,0.0
0.0,30.0,0.0,14.0,0.0,0.0,0.0,0.0
0.0,90.0,0.0,13.0,0.0,0.0,0.0,0.0
0.0,30.0,0.0,17.0,0.0,0.0,0.0,0.0
0.0,60.0,0.0,12.0,0.0,0.0,0.0,0.0
0.0,200.0,0.0,16.0,0.0,0.0,0.0,0.0
0.0,90.0,0.0,18.0,0.0,0.0,0.0,0.0
0.0,200.0,0.0,9.0,0.0,0.0,0.0,0.0
0.0,120.0,0.0,21.0,0.0,0.0,0.0,0.0
0.0,30.0,0.0,11.0,0.0,0.0,0.0,0.0
0.0,30.0,0.0,17.0,0.0,0.0,0.0,0.0
0.0,200.0,0.0,7.0,0.0,0.0,0.0,0.0
0.0,200.0,0.0,7.0,0.0,0.0,0.0,0.0
0.0,30.0,0.0,15.0,0.0,0.0,0.0,0.0
0.0,30.0,0.0,15.0,0.0,5629.0,0.0,0.0
0.0,120.0,0.0,12.0,0.0,0.0,0.0,0.0
0.0,30.0,0.0,16.0,0.0,0.0,0.0,0.0
0.0,180.0,0.0,20.0,0.0,0.0,0.0,0.0
0.0,200.0,0.0,9.0,0.0,0.0,0.0,0.0
0.0,90.0,0.0,22.0,0.0,0.0,0.0,0.0
0.0,200.0,0.0,13.0,0.0,0.0,0.0,0.0
0.0,180.0,0.0,13.0,0.0,0.0,0.0,0.0
0.0,120.0,0.0,12.0,0.0,0.0,0.0,0.0
0.0,60.0,0.0,20.0,0.0,0.0,0.0,0.0
0.0,200.0,0.0,16.0,0.0,0.0,0.0,0.0
0.0,30.0,0.0,13.0,0.0,0.0,0.0,0.0
0.0,200.0,0.0,20.0,0.0,0.0,0.0,0.0
0.0,200.0,0.0,19.0,0.0,0.0,0.0,0.0
0.0,200.0,0.0,17.0,0.0,0.0,0.0,0.0
0.0,90.0,0.0,9.0,0.0,0.0,0.0,0.0
0.0,200.0,0.0,19.0,0.0,0.0,0.0,0.0
0.0,200.0,0.0,7.0,0.0,0.0,0.0,0.0
0.0,90.0,0.0,9.0,0.0,0.0,0.0,0.0
0.0,60.0,0.0,11.0,0.0,0.0,0.0,0.0
0.0,200.0,0.0,17.0,0.0,0.0,0.0,0.0
0.0,30.0,0.0,16.0,0.0,0.0,0.0,0.0
0.0,30.0,0.0,13.0,0.0,0.0,0.0,0.0
0.0,60.0,0.0,15.0,0.0,0.0,0.0,0.0
0.0,30.0,0.0,17.0,0.0,0.0,0.0,0.0
0.0,30.0,0.0,9.0,0.0,5.0,0.0,0.0
0.0,60.0,0.0,22.0,0.0,0.0,0.0,0.0
0.0,150.0,0.0,12.0,0.0,0.0,0.0,0.0
0.0,30.0,0.0,19.0,0.0,0.0,0.0,0.0
0.0,200.0,0.0,13.0,0.0,0.0,0.0,0.0
0.0,120.0,0.0,8.0,0.0,0.0,0.0,0.0
0.0,30.0,0.0,14.0,0.0,0.0,0.0,0.0
0.0,30.0,0.0,16.0,0.0,0.0,0.0,0.0
0.0,90.0,0.0,22.0,0.0,0.0,0.0,0.0
0.0,30.0,0.0,19.0,0.0,0.0,0.0,0.0
0.0,30.0,0.0,14.0,0.0,0.0,0.0,0.0
0.0,60.0,0.0,19.0,0.0,0.0,0.0,0.0
0.0,200.0,0.0,7.0,0.0,0.0,0.0,0.0
0.0,30.0,0.0,21.0,0.0,26.0,0.0,0.0
0.0,200.0,0.0,16.0,0.0,0.0,0.0,0.0
0.0,180.0,0.0,13.0,0.0,0.0,0.0,0.0
0.0,30.0,0.0,16.0,0.0,1.0,0.0,0.0
0.0,60.0,0.0,12.0,0.0,0.0,0.0,0.0
0.0,200.0,0.0,22.0,0.0,0.0,0.0,0.0
0.0,200.0,0.0,11.0,0.0,0.0,0.0,0.0
0.0,30.0,0.0,19.0,0.0,0.0,0.0,0.0
0.0,200.0,0.0,14.0,0.0,0.0,0.0,0.0
0.0,30.0,0.0,11.0,0.0,0.0,0.0,0.0
0.0,120.0,0.0,16.0,0.0,0.0,0.0,0.0
0.0,120.0,0.0,9.0,0.0,0.0,0.0,0.0
0.0,30.0,0.0,19.0,0.0,0.0,0.0,0.0
0.0,180.0,0.0,22.0,0.0,0.0,0.0,0.0
0.0,60.0,0.0,20.0,0.0,0.0,0.0,0.0
0.0,30.0,0.0,22.0,0.0,0.0,0.0,0.0
0.0,200.0,0.0,10.0,0.0,0.0,0.0,0.0
0.0,30.0,0.0,11.0,0.0,0.0,0.0,0.0
0.0,30.0,0.0,18.0,0.0,0.0,0.0,0.0
0.0,30.0,0.0,13.0,0.0,0.0,0.0,0.0
0.0,30.0,0.0,10.0,0.0,0.0,0.0,0.0
0.0,200.0,0.0,12.0,0.0,0.0,0.0,0.0
0.0,200.0,0.0,15.0,0.0,0.0,0.0,0.0
0.0,30.0,0.0,9.0,0.0,0.0,0.0,0.0
0.0,30.0,0.0,12.0,0.0,0.0,0.0,0.0
0.0,60.0,0.0,21.0,0.0,0.0,0.0,0.0
0.0,60.0,0.0,18.0,0.0,0.0,0.0,0.0
0.0,200.0,0.0,14.0,0.0,0.0,0.0,0.0
0.0,30.0,0.0,9.0,0.0,2545.0,0.0,0.0
0.0,200.0,0.0,16.0,0.0,0.0,0.0,0.0
0.0,200.0,0.0,22.0,0.0,0.0,0.0,0.0
0.0,200.0,0.0,12.0,0.0,0.0,0.0,0.0
0.0,180.0,0.0,12.0,0.0,0.0,0.0,0.0
0.0,200.0,0.0,21.0,0.0,0.0,0.0,0.0
0.0,200.0,0.0,17.0,0.0,0.0,0.0,0.0
0.0,200.0,0.0,15.0,0.0,0.0,0.0,0.0
0.0,200.0,0.0,8.0,0.0,0.0,0.0,0.0
0.0,30.0,0.0,15.0,0.0,4.0,0.0,0.0
0.0,200.0,0.0,15.0,0.0,0.0,0.0,0.0
0.0,60.0,0.0,14.0,0.0,0.0,0.0,0.0
0.0,200.0,0.0,19.0,0.0,0.0,0.0,0.0
0.0,200.0,0.0,9.0,0.0,0.0,0.0,0.0
0.0,30.0,0.0,19.0,0.0,0.0,0.0,0.0
0.0,60.0,0.0,19.0,0.0,0.0,0.0,0.0
0.0,30.0,0.0,18.0,0.0,0.0,0.0,0.0
0.0,120.0,0.0,7.0,0.0,0.0,0.0,0.0
0.0,200.0,0.0,18.0,0.0,0.0,0.0,0.0
0.0,30.0,0.0,17.0,0.0,36.0,0.0,0.0
0.0,90.0,0.0,20.0,0.0,0.0,0.0,0.0
0.0,180.0,0.0,17.0,0.0,3.0,0.0,0.0
0.0,120.0,0.0,21.0,0.0,0.0,0.0,0.0
0.0,200.0,0.0,7.0,0.0,0.0,0.0,0.0
0.0,30.0,0.0,18.0,0.0,0.0,0.0,0.0
0.0,200.0,0.0,22.0,0.0,0.0,0.0,0.0
0.0,60.0,0.0,16.0,0.0,0.0,0.0,0.0
0.0,30.0,0.0,18.0,0.0,0.0,0.0,0.0
0.0,30.0,0.0,9.0,0.0,0.0,0.0,0.0
0.0,200.0,0.0,7.0,0.0,0.0,0.0,0.0
0.0,30.0,0.0,17.0,0.0,0.0,0.0,0.0
0.0,200.0,0.0,17.0,0.0,0.0,0.0,0.0
0.0,90.0,0.0,16.0,0.0,0.0,0.0,0.0
0.0,30.0,0.0,17.0,0.0,1.0,0.0,0.0
0.0,200.0,0.0,10.0,0.0,0.0,0.0,0.0
0.0,60.0,0.0,19.0,0.0,0.0,0.0,0.0
0.0,60.0,0.0,18.0,0.0,0.0,0.0,0.0
0.0,30.0,0.0,12.0,0.0,0.0,0.0,0.0
0.0,200.0,0.0,17.0,0.0,0.0,0.0,0.0
0.0,200.0,0.0,18.0,0.0,0.0,0.0,0.0
0.0,200.0,0.0,8.0,0.0,0.0,0.0,0.0
0.0,200.0,0.0,11.0,0.0,0.0,0.0,0.0
0.0,90.0,0.0,8.0,0.0,0.0,0.0,0.0
0.0,60.0,0.0,15.0,0.0,0.0,0.0,0.0
0.0,150.0,0.0,7.0,0.0,0.0,0.0,0.0
0.0,150.0,0.0,11.0,0.0,0.0,0.0,0.0
0.0,200.0,0.0,17.0,0.0,0.0,0.0,0.0
0.0,150.0,0.0,14.0,0.0,0.0,0.0,0.0
0.0,200.0,0.0,18.0,0.0,0.0,0.0,0.0
0.0,30.0,0.0,13.0,0.0,9.0,0.0,0.0
0.0,200.0,0.0,16.0,0.0,0.0,0.0,0.0
0.0,200.0,0.0,18.0,0.0,0.0,0.0,0.0
0.0,60.0,0.0,16.0,0.0,0.0,0.0,0.0
0.0,200.0,0.0,22.0,0.0,0.0,0.0,0.0
0.0,90.0,0.0,14.0,0.0,0.0,0.0,0.0
0.0,200.0,0.0,17.0,0.0,0.0,0.0,0.0
0.0,200.0,0.0,18.0,0.0,0.0,0.0,0.0
0.0,200.0,0.0,10.0,0.0,0.0,0.0,0.0
0.0,30.0,0.0,9.0,0.0,0.0,0.0,0.0
0.0,200.0,0.0,10.0,0.0,0.0,0.0,0.0
0.0,30.0,0.0,10.0,0.0,23.0,0.0,0.0
0.0,30.0,0.0,20.0,0.0,0.0,0.0,0.0
0.0,30.0,0.0,17.0,0.0,0.0,0.0,0.0
0.0,200.0,0.0,20.0,0.0,0.0,0.0,0.0
0.0,30.0,0.0,16.0,0.0,0.0,0.0,0.0
0.0,200.0,0.0,15.0,0.0,0.0,0.0,0.0
0.0,30.0,0.0,12.0,0.0,0.0,0.0,0.0
0.0,120.0,0.0,16.0,0.0,0.0,0.0,0.0
0.0,200.0,0.0,9.0,0.0,0.0,0.0,0.0
0.0,30.0,0.0,10.0,0.0,0.0,0.0,0.0
0.0,200.0,0.0,19.0,0.0,0.0,0.0,0.0
0.0,90.0,0.0,18.0,0.0,0.0,0.0,0.0
0.0,30.0,0.0,15.0,0.0,0.0,0.0,0.0
0.0,200.0,0.0,14.0,0.0,0.0,0.0,0.0
0.0,180.0,0.0,7.0,0.0,0.0,0.0,0.0
0.0,90.0,0.0,14.0,0.0,0.0,0.0,0.0
0.0,200.0,0.0,22.0,0.0,0.0,0.0,0.0
0.0,200.0,0.0,15.0,0.0,0.0,0.0,0.0
0.0,60.0,0.0,20.0,0.0,1.0,0.0,0.0
0.0,60.0,0.0,10.0,0.0,0.0,0.0,0.0
0.0,150.0,0.0,10.0,0.0,0.0,0.0,0.0
0.0,30.0,0.0,17.0,0.0,0.0,0.0,0.0
0.0,30.0,0.0,7.0,0.0,1.0,0.0,0.0
0.0,60.0,0.0,20.0,0.0,0.0,0.0,0.0
0.0,150.0,0.0,19.0,0.0,0.0,0.0,0.0
0.0,120.0,0.0,14.0,0.0,0.0,0.0,0.0
0.0,120.0,0.0,16.0,0.0,0.0,0.0,0.0
0.0,60.0,0.0,18.0,0.0,0.0,0.0,0.0
0.0,60.0,0.0,15.0,0.0,0.0,0.0,0.0
0.0,30.0,0.0,15.0,0.0,0.0,0.0,0.0
0.0,90.0,0.0,21.0,0.0,0.0,0.0,0.0
0.0,90.0,0.0,13.0,0.0,0.0,0.0,0.0
0.0,200.0,0.0,11.0,0.0,0.0,0.0,0.0
0.0,200.0,0.0,22.0,0.0,0.0,0.0,0.0
0.0,200.0,0.0,16.0,0.0,0.0,0.0,0.0
0.0,200.0,0.0,20.0,0.0,0.0,0.0,0.0
0.0,180.0,0.0,13.0,0.0,169.0,0.0,0.0
0.0,90.0,0.0,20.0,0.0,0.0,0.0,0.0
0.0,180.0,0.0,10.0,0.0,0.0,0.0,0.0
0.0,30.0,0.0,18.0,0.0,0.0,0.0,0.0
0.0,30.0,0.0,21.0,0.0,0.0,0.0,0.0
0.0,200.0,0.0,21.0,0.0,0.0,0.0,0.0
0.0,200.0,0.0,16.0,0.0,0.0,0.0,0.0
0.0,30.0,0.0,17.0,0.0,2630.0,0.0,0.0
0.0,30.0,0.0,19.0,0.0,2.0,2.0,0.0
0.0,30.0,0.0,17.0,0.0,2.0,0.0,0.0
0.0,60.0,0.0,13.0,0.0,0.0,0.0,0.0
0.0,200.0,0.0,19.0,0.0,0.0,0.0,0.0
0.0,200.0,0.0,7.0,0.0,0.0,0.0,0.0
0.0,30.0,0.0,21.0,0.0,0.0,0.0,0.0
0.0,200.0,0.0,7.0,0.0,0.0,0.0,0.0
0.0,200.0,0.0,15.0,0.0,0.0,0.0,0.0
0.0,200.0,0.0,14.0,0.0,10.0,0.0,0.0
0.0,30.0,0.0,13.0,0.0,0.0,0.0,0.0
0.0,200.0,0.0,18.0,0.0,0.0,0.0,0.0
0.0,60.0,0.0,21.0,0.0,0.0,0.0,0.0
0.0,200.0,0.0,13.0,0.0,0.0,0.0,0.0
0.0,30.0,0.0,18.0,0.0,0.0,0.0,0.0
0.0,120.0,0.0,7.0,0.0,3034.0,0.0,0.0
0.0,30.0,0.0,11.0,0.0,0.0,0.0,0.0
0.0,60.0,0.0,10.0,0.0,0.0,0.0,0.0
0.0,180.0,0.0,17.0,0.0,0.0,0.0,0.0
0.0,30.0,0.0,13.0,0.0,27.0,0.0,0.0
0.0,200.0,0.0,22.0,0.0,0.0,0.0,0.0
0.0,60.0,0.0,7.0,0.0,0.0,0.0,0.0
0.0,90.0,0.0,15.0,0.0,0.0,0.0,0.0
0.0,90.0,0.0,18.0,0.0,0.0,0.0,0.0
0.0,200.0,0.0,13.0,0.0,0.0,0.0,0.0
0.0,200.0,0.0,11.0,0.0,0.0,0.0,0.0
0.0,200.0,0.0,20.0,0.0,0.0,0.0,0.0
0.0,200.0,0.0,21.0,0.0,0.0,0.0,0.0
0.0,60.0,0.0,17.0,0.0,0.0,0.0,0.0
0.0,200.0,0.0,16.0,0.0,0.0,0.0,0.0
0.0,150.0,0.0,12.0,0.0,0.0,0.0,0.0
0.0,200.0,0.0,11.0,0.0,0.0,0.0,0.0
0.0,200.0,0.0,14.0,0.0,0.0,0.0,0.0
0.0,30.0,0.0,21.0,0.0,32.0,0.0,0.0
0.0,30.0,0.0,19.0,0.0,0.0,0.0,0.0
0.0,60.0,0.0,15.0,0.0,0.0,0.0,0.0
0.0,200.0,0.0,17.0,0.0,0.0,0.0,0.0
0.0,90.0,0.0,18.0,0.0,0.0,0.0,0.0
0.0,200.0,0.0,15.0,0.0,0.0,0.0,0.0
0.0,200.0,0.0,18.0,0.0,0.0,0.0,0.0
0.0,30.0,0.0,15.0,0.0,5.0,0.0,0.0
0.0,60.0,0.0,18.0,0.0,3.0,0.0,0.0
0.0,200.0,0.0,18.0,0.0,0.0,0.0,0.0
0.0,200.0,0.0,9.0,0.0,0.0,0.0,0.0
0.0,60.0,0.0,14.0,0.0,0.0,0.0,0.0
0.0,30.0,0.0,14.0,0.0,0.0,0.0,0.0
0.0,60.0,0.0,22.0,0.0,0.0,9.0,0.0
0.0,120.0,0.0,19.0,0.0,0.0,0.0,0.0
0.0,200.0,0.0,20.0,0.0,0.0,0.0,0.0
0.0,30.0,0.0,10.0,0.0,0.0,0.0,0.0
0.0,30.0,0.0,13.0,0.0,0.0,0.0,0.0
0.0,150.0,0.0,20.0,0.0,0.0,0.0,0.0
0.0,150.0,0.0,18.0,0.0,0.0,0.0,0.0
0.0,150.0,0.0,14.0,0.0,0.0,0.0,0.0
0.0,180.0,0.0,21.0,0.0,0.0,0.0,0.0
0.0,60.0,0.0,10.0,0.0,0.0,0.0,0.0
0.0,180.0,0.0,8.0,0.0,0.0,0.0,0.0
0.0,30.0,0.0,21.0,0.0,0.0,0.0,0.0
0.0,30.0,0.0,21.0,0.0,0.0,0.0,0.0
0.0,200.0,0.0,20.0,0.0,0.0,0.0,0.0
0.0,200.0,0.0,10.0,0.0,0.0,0.0,0.0
0.0,200.0,0.0,20.0,0.0,0.0,0.0,0.0
0.0,200.0,0.0,21.0,0.0,0.0,0.0,0.0
0.0,200.0,0.0,20.0,0.0,0.0,0.0,0.0
0.0,30.0,0.0,10.0,0.0,0.0,0.0,0.0
0.0,200.0,0.0,9.0,0.0,0.0,0.0,0.0
0.0,200.0,0.0,18.0,0.0,0.0,0.0,0.0
0.0,30.0,0.0,11.0,0.0,1.0,0.0,0.0
0.0,120.0,0.0,18.0,0.0,0.0,0.0,0.0
0.0,90.0,0.0,20.0,0.0,0.0,0.0,0.0
0.0,30.0,0.0,13.0,0.0,0.0,0.0,0.0
0.0,30.0,0.0,12.0,0.0,0.0,0.0,0.0
0.0,200.0,0.0,22.0,0.0,0.0,0.0,0.0
0.0,60.0,0.0,12.0,0.0,1.0,0.0,0.0
0.0,200.0,0.0,18.0,0.0,0.0,0.0,0.0
0.0,150.0,0.0,15.0,0.0,0.0,0.0,0.0
0.0,200.0,0.0,17.0,0.0,0.0,0.0,0.0
0.0,30.0,0.0,16.0,0.0,2638.0,0.0,0.0
0.0,30.0,0.0,19.0,0.0,0.0,0.0,0.0
0.0,30.0,0.0,18.0,0.0,0.0,0.0,0.0
0.0,200.0,0.0,13.0,0.0,0.0,0.0,0.0
0.0,200.0,0.0,15.0,0.0,0.0,0.0,0.0
0.0,180.0,0.0,12.0,0.0,0.0,0.0,0.0
0.0,30.0,0.0,17.0,0.0,3.0,0.0,0.0
0.0,30.0,0.0,13.0,0.0,912.0,0.0,0.0
0.0,30.0,0.0,16.0,0.0,0.0,6.0,0.0
0.0,200.0,0.0,9.0,0.0,0.0,0.0,0.0
0.0,30.0,0.0,18.0,0.0,0.0,0.0,0.0
0.0,200.0,0.0,20.0,0.0,0.0,0.0,0.0
0.0,200.0,0.0,13.0,0.0,0.0,0.0,0.0
0.0,30.0,0.0,13.0,0.0,4.0,0.0,0.0
0.0,60.0,0.0,11.0,0.0,0.0,0.0,0.0
0.0,60.0,0.0,21.0,0.0,0.0,0.0,0.0
0.0,120.0,0.0,11.0,0.0,0.0,0.0,0.0
0.0,200.0,0.0,18.0,0.0,0.0,0.0,0.0
0.0,30.0,0.0,13.0,0.0,135.0,0.0,0.0
0.0,60.0,0.0,14.0,0.0,0.0,0.0,0.0
0.0,200.0,0.0,17.0,0.0,0.0,0.0,0.0
0.0,30.0,0.0,15.0,0.0,0.0,0.0,0.0
0.0,120.0,0.0,8.0,0.0,0.0,0.0,0.0
0.0,200.0,0.0,20.0,0.0,0.0,0.0,0.0
0.0,30.0,0.0,16.0,0.0,0.0,0.0,0.0
0.0,200.0,0.0,12.0,0.0,0.0,0.0,0.0
0.0,30.0,0.0,7.0,0.0,6.0,0.0,0.0
0.0,30.0,0.0,8.0,0.0,0.0,0.0,0.0
0.0,30.0,0.0,8.0,0.0,186.0,0.0,0.0
0.0,90.0,0.0,14.0,0.0,0.0,0.0,0.0
0.0,30.0,0.0,17.0,0.0,0.0,0.0,0.0
0.0,200.0,0.0,14.0,0.0,0.0,0.0,0.0
0.0,30.0,0.0,10.0,0.0,0.0,0.0,0.0
0.0,200.0,0.0,11.0,0.0,0.0,0.0,0.0
0.0,30.0,0.0,19.0,0.0,0.0,0.0,0.0
0.0,30.0,0.0,14.0,0.0,1.0,0.0,0.0
0.0,200.0,0.0,15.0,0.0,0.0,0.0,0.0
0.0,120.0,0.0,11.0,0.0,0.0,0.0,0.0
0.0,30.0,0.0,10.0,0.0,0.0,0.0,0.0
1.0,30.0,0.0,11.0,0.0,4.0,0.0,0.0
0.0,30.0,0.0,15.0,0.0,0.0,0.0,0.0
0.0,200.0,0.0,22.0,0.0,0.0,0.0,0.0
0.0,30.0,0.0,8.0,0.0,0.0,0.0,0.0
0.0,30.0,0.0,21.0,0.0,0.0,0.0,0.0
0.0,200.0,0.0,18.0,0.0,0.0,0.0,0.0
0.0,30.0,0.0,21.0,0.0,0.0,0.0,0.0
0.0,200.0,0.0,12.0,0.0,0.0,0.0,0.0
0.0,90.0,0.0,20.0,0.0,0.0,0.0,0.0
0.0,30.0,0.0,15.0,0.0,24.0,0.0,0.0
0.0,200.0,0.0,19.0,0.0,0.0,0.0,0.0
0.0,120.0,0.0,9.0,0.0,0.0,0.0,0.0
0.0,30.0,0.0,10.0,0.0,0.0,0.0,0.0
0.0,90.0,0.0,8.0,0.0,0.0,0.0,0.0
0.0,150.0,0.0,14.0,0.0,0.0,0.0,0.0
0.0,30.0,0.0,19.0,0.0,0.0,0.0,0.0
0.0,200.0,0.0,7.0,0.0,0.0,0.0,0.0
0.0,200.0,0.0,12.0,0.0,0.0,0.0,0.0
0.0,30.0,0.0,9.0,0.0,0.0,0.0,0.0
0.0,200.0,0.0,12.0,0.0,0.0,0.0,0.0
0.0,30.0,0.0,15.0,0.0,0.0,0.0,0.0
0.0,120.0,0.0,22.0,0.0,0.0,0.0,0.0
0.0,200.0,0.0,16.0,0.0,0.0,0.0,0.0
0.0,30.0,0.0,8.0,0.0,0.0,0.0,0.0
0.0,30.0,0.0,15.0,0.0,0.0,0.0,0.0
0.0,200.0,0.0,9.0,0.0,0.0,0.0,0.0
0.0,200.0,0.0,20.0,0.0,0.0,0.0,0.0
0.0,30.0,0.0,19.0,0.0,0.0,0.0,0.0
0.0,200.0,0.0,16.0,0.0,0.0,0.0,0.0
0.0,200.0,0.0,8.0,0.0,0.0,0.0,0.0
0.0,120.0,0.0,21.0,0.0,0.0,0.0,0.0
0.0,200.0,0.0,20.0,0.0,0.0,0.0,0.0
0.0,180.0,0.0,18.0,0.0,0.0,0.0,0.0
0.0,200.0,0.0,18.0,0.0,0.0,0.0,0.0
0.0,30.0,0.0,15.0,0.0,6.0,0.0,0.0
0.0,200.0,0.0,19.0,0.0,0.0,0.0,0.0
0.0,200.0,0.0,8.0,0.0,0.0,0.0,0.0
0.0,90.0,0.0,19.0,0.0,0.0,0.0,0.0
0.0,200.0,0.0,18.0,0.0,0.0,0.0,0.0
0.0,30.0,0.0,10.0,0.0,0.0,0.0,0.0
0.0,30.0,0.0,22.0,0.0,7200.0,0.0,0.0
0.0,200.0,0.0,9.0,0.0,0.0,0.0,0.0
0.0,60.0,0.0,12.0,0.0,0.0,0.0,0.0
0.0,200.0,0.0,17.0,0.0,0.0,0.0,0.0
0.0,200.0,0.0,15.0,0.0,0.0,0.0,0.0
0.0,200.0,0.0,11.0,0.0,0.0,0.0,0.0
0.0,200.0,0.0,20.0,0.0,0.0,0.0,0.0
0.0,200.0,0.0,8.0,0.0,0.0,0.0,0.0
0.0,30.0,0.0,13.0,0.0,0.0,0.0,0.0
0.0,200.0,0.0,22.0,0.0,0.0,0.0,0.0
0.0,200.0,0.0,18.0,0.0,0.0,0.0,0.0
0.0,200.0,0.0,11.0,0.0,0.0,0.0,0.0
0.0,30.0,0.0,12.0,0.0,0.0,0.0,0.0
0.0,30.0,0.0,19.0,0.0,0.0,0.0,0.0
0.0,30.0,0.0,17.0,0.0,1.0,0.0,0.0
0.0,90.0,0.0,9.0,0.0,0.0,0.0,0.0
0.0,30.0,0.0,11.0,0.0,0.0,0.0,0.0
0.0,60.0,0.0,16.0,0.0,0.0,0.0,0.0
0.0,30.0,0.0,12.0,0.0,0.0,0.0,0.0
0.0,30.0,0.0,13.0,0.0,0.0,0.0,0.0
0.0,60.0,0.0,7.0,0.0,0.0,0.0,0.0
0.0,30.0,0.0,8.0,0.0,0.0,0.0,0.0
0.0,30.0,0.0,8.0,0.0,0.0,0.0,0.0
0.0,30.0,0.0,18.0,0.0,0.0,0.0,0.0
0.0,200.0,0.0,14.0,0.0,0.0,0.0,0.0
0.0,30.0,0.0,11.0,0.0,1.0,0.0,0.0
0.0,200.0,0.0,8.0,0.0,0.0,0.0,0.0
0.0,200.0,0.0,13.0,0.0,0.0,0.0,0.0
0.0,200.0,0.0,18.0,0.0,0.0,0.0,0.0
0.0,30.0,0.0,7.0,0.0,1.0,0.0,0.0
0.0,30.0,0.0,11.0,0.0,0.0,0.0,0.0
0.0,60.0,0.0,21.0,0.0,0.0,0.0,0.0
0.0,60.0,0.0,8.0,0.0,0.0,0.0,0.0
0.0,200.0,0.0,9.0,0.0,0.0,0.0,0.0
0.0,30.0,0.0,13.0,0.0,0.0,0.0,0.0
0.0,200.0,0.0,11.0,0.0,0.0,0.0,0.0
0.0,30.0,0.0,13.0,0.0,1111.0,0.0,0.0
0.0,120.0,0.0,17.0,0.0,0.0,0.0,0.0
0.0,200.0,0.0,19.0,0.0,0.0,0.0,0.0
0.0,200.0,0.0,13.0,0.0,0.0,0.0,0.0
0.0,200.0,0.0,7.0,0.0,0.0,0.0,0.0
0.0,60.0,0.0,7.0,0.0,0.0,0.0,0.0
0.0,120.0,0.0,11.0,0.0,0.0,0.0,0.0
0.0,200.0,0.0,14.0,0.0,0.0,0.0,0.0
0.0,90.0,0.0,9.0,0.0,0.0,0.0,0.0
0.0,30.0,0.0,13.0,0.0,0.0,0.0,0.0
0.0,200.0,0.0,17.0,0.0,0.0,0.0,0.0
0.0,200.0,0.0,8.0,0.0,0.0,0.0,0.0
0.0,200.0,0.0,9.0,0.0,0.0,0.0,0.0
0.0,60.0,0.0,9.0,0.0,0.0,0.0,0.0
0.0,30.0,0.0,19.0,0.0,0.0,0.0,0.0
0.0,200.0,0.0,15.0,0.0,0.0,0.0,0.0
0.0,200.0,0.0,9.0,0.0,0.0,0.0,0.0
0.0,200.0,0.0,11.0,0.0,0.0,0.0,0.0
0.0,30.0,0.0,16.0,0.0,2.0,0.0,0.0
0.0,60.0,0.0,13.0,0.0,0.0,0.0,0.0
0.0,30.0,0.0,12.0,0.0,0.0,0.0,0.0
0.0,30.0,0.0,17.0,0.0,0.0,0.0,0.0
0.0,200.0,0.0,14.0,0.0,5.0,0.0,0.0
0.0,200.0,0.0,19.0,0.0,0.0,0.0,0.0
0.0,200.0,0.0,9.0,0.0,0.0,0.0,0.0
0.0,60.0,0.0,11.0,0.0,0.0,0.0,0.0
0.0,30.0,0.0,21.0,0.0,2.0,0.0,0.0
0.0,200.0,0.0,16.0,0.0,0.0,0.0,0.0
0.0,30.0,0.0,18.0,0.0,0.0,0.0,0.0
0.0,200.0,0.0,10.0,0.0,0.0,0.0,0.0
0.0,30.0,0.0,9.0,0.0,0.0,0.0,0.0
0.0,150.0,0.0,15.0,0.0,0.0,0.0,0.0
0.0,30.0,0.0,18.0,0.0,2.0,0.0,0.0
0.0,30.0,0.0,14.0,0.0,0.0,0.0,0.0
0.0,200.0,0.0,20.0,0.0,0.0,0.0,0.0
0.0,200.0,0.0,7.0,0.0,0.0,0.0,0.0
0.0,30.0,0.0,8.0,0.0,306.0,0.0,0.0
0.0,90.0,0.0,9.0,0.0,0.0,0.0,0.0
0.0,200.0,0.0,9.0,0.0,0.0,0.0,0.0
0.0,30.0,0.0,9.0,0.0,9.0,0.0,0.0
0.0,90.0,0.0,12.0,0.0,0.0,0.0,0.0
0.0,200.0,0.0,18.0,0.0,0.0,0.0,0.0
0.0,200.0,0.0,22.0,0.0,0.0,0.0,0.0
0.0,200.0,0.0,10.0,0.0,0.0,0.0,0.0
0.0,200.0,0.0,11.0,0.0,0.0,0.0,0.0
0.0,30.0,0.0,19.0,0.0,2.0,0.0,0.0
0.0,30.0,0.0,11.0,0.0,0.0,0.0,0.0
0.0,60.0,0.0,12.0,0.0,0.0,0.0,0.0
0.0,200.0,0.0,13.0,0.0,0.0,0.0,0.0
0.0,200.0,0.0,20.0,0.0,0.0,0.0,0.0
0.0,200.0,0.0,16.0,0.0,0.0,0.0,0.0
0.0,90.0,0.0,12.0,0.0,0.0,0.0,0.0
0.0,30.0,0.0,14.0,0.0,0.0,0.0,0.0
0.0,30.0,0.0,16.0,0.0,0.0,0.0,0.0
0.0,180.0,0.0,15.0,0.0,0.0,0.0,0.0
0.0,200.0,0.0,19.0,0.0,0.0,0.0,0.0
0.0,200.0,0.0,7.0,0.0,0.0,0.0,0.0
0.0,180.0,0.0,19.0,0.0,0.0,0.0,0.0
0.0,200.0,0.0,12.0,0.0,0.0,0.0,0.0
0.0,200.0,0.0,12.0,0.0,0.0,0.0,0.0
0.0,200.0,0.0,18.0,0.0,0.0,0.0,0.0
0.0,30.0,0.0,10.0,0.0,0.0,0.0,0.0
0.0,200.0,0.0,17.0,0.0,0.0,0.0,0.0
0.0,150.0,0.0,8.0,0.0,0.0,0.0,0.0
0.0,200.0,0.0,9.0,0.0,0.0,0.0,0.0
0.0,200.0,0.0,20.0,0.0,0.0,0.0,0.0
0.0,30.0,0.0,10.0,0.0,0.0,0.0,0.0
0.0,150.0,0.0,12.0,0.0,0.0,0.0,0.0
0.0,150.0,0.0,21.0,0.0,0.0,0.0,0.0
0.0,30.0,0.0,18.0,0.0,0.0,0.0,0.0
0.0,90.0,0.0,14.0,0.0,0.0,0.0,0.0
0.0,200.0,0.0,13.0,0.0,0.0,0.0,0.0
0.0,30.0,0.0,9.0,0.0,0.0,0.0,0.0
0.0,30.0,0.0,20.0,0.0,1.0,0.0,0.0
0.0,150.0,0.0,9.0,0.0,0.0,0.0,0.0
0.0,60.0,0.0,22.0,0.0,0.0,0.0,0.0
0.0,200.0,0.0,12.0,0.0,0.0,0.0,0.0
0.0,60.0,0.0,20.0,0.0,0.0,0.0,0.0
0.0,90.0,0.0,10.0,0.0,0.0,0.0,0.0
0.0,60.0,0.0,13.0,0.0,0.0,0.0,0.0
0.0,200.0,0.0,21.0,0.0,0.0,0.0,0.0
0.0,30.0,0.0,17.0,0.0,0.0,0.0,0.0
0.0,200.0,0.0,9.0,0.0,0.0,0.0,0.0
0.0,60.0,0.0,17.0,0.0,0.0,0.0,0.0
0.0,120.0,0.0,9.0,0.0,0.0,0.0,0.0
0.0,30.0,0.0,8.0,0.0,0.0,0.0,0.0
0.0,180.0,0.0,17.0,0.0,0.0,0.0,0.0
0.0,200.0,0.0,20.0,0.0,0.0,0.0,0.0
0.0,200.0,0.0,21.0,0.0,0.0,0.0,0.0
0.0,30.0,0.0,9.0,0.0,0.0,0.0,0.0
0.0,200.0,0.0,10.0,0.0,0.0,0.0,0.0
0.0,150.0,0.0,19.0,0.0,29.0,0.0,0.0
0.0,200.0,0.0,16.0,0.0,0.0,0.0,0.0
0.0,200.0,0.0,9.0,0.0,0.0,0.0,0.0
0.0,30.0,0.0,12.0,0.0,0.0,0.0,0.0
0.0,90.0,0.0,18.0,0.0,0.0,0.0,0.0
0.0,200.0,0.0,12.0,0.0,0.0,0.0,0.0
0.0,120.0,0.0,16.0,0.0,0.0,0.0,0.0
0.0,60.0,0.0,14.0,0.0,0.0,0.0,0.0
0.0,200.0,0.0,12.0,0.0,0.0,0.0,0.0
0.0,30.0,0.0,16.0,0.0,0.0,0.0,0.0
0.0,30.0,0.0,13.0,0.0,28.0,0.0,0.0
0.0,200.0,0.0,14.0,0.0,0.0,0.0,0.0
0.0,200.0,0.0,11.0,0.0,0.0,0.0,0.0
0.0,200.0,0.0,19.0,0.0,0.0,0.0,0.0
0.0,30.0,0.0,16.0,0.0,0.0,0.0,0.0
0.0,30.0,0.0,20.0,0.0,2.0,0.0,0.0
0.0,200.0,0.0,21.0,0.0,0.0,0.0,0.0
0.0,200.0,0.0,10.0,0.0,0.0,0.0,0.0
0.0,200.0,0.0,18.0,0.0,0.0,0.0,0.0
0.0,120.0,0.0,17.0,0.0,0.0,0.0,0.0
0.0,200.0,0.0,20.0,0.0,0.0,0.0,0.0
0.0,200.0,0.0,11.0,0.0,0.0,0.0,0.0
0.0,60.0,0.0,19.0,0.0,0.0,0.0,0.0
0.0,150.0,0.0,20.0,0.0,0.0,0.0,0.0
0.0,200.0,0.0,7.0,0.0,0.0,0.0,0.0
0.0,200.0,0.0,13.0,0.0,0.0,0.0,0.0
0.0,200.0,0.0,12.0,0.0,0.0,0.0,0.0
0.0,30.0,0.0,11.0,0.0,0.0,0.0,0.0
0.0,200.0,0.0,14.0,0.0,0.0,0.0,0.0
0.0,120.0,0.0,18.0,0.0,0.0,0.0,0.0
0.0,30.0,0.0,7.0,0.0,0.0,0.0,0.0
0.0,60.0,0.0,14.0,0.0,0.0,0.0,0.0
0.0,200.0,0.0,19.0,0.0,0.0,0.0,0.0
0.0,200.0,0.0,13.0,0.0,0.0,0.0,0.0
0.0,200.0,0.0,18.0,0.0,0.0,0.0,0.0
0.0,60.0,0.0,17.0,0.0,0.0,0.0,0.0
0.0,30.0,0.0,8.0,0.0,0.0,0.0,0.0
0.0,30.0,0.0,16.0,0.0,1.0,0.0,0.0
0.0,60.0,0.0,11.0,0.0,0.0,0.0,0.0
0.0,60.0,0.0,22.0,0.0,0.0,0.0,0.0
0.0,200.0,0.0,8.0,0.0,0.0,0.0,0.0
0.0,200.0,0.0,9.0,0.0,0.0,0.0,0.0
0.0,60.0,0.0,15.0,0.0,0.0,0.0,0.0
0.0,180.0,0.0,14.0,0.0,0.0,0.0,0.0
0.0,90.0,0.0,16.0,0.0,0.0,0.0,0.0
0.0,60.0,0.0,18.0,0.0,0.0,0.0,0.0
0.0,30.0,0.0,8.0,0.0,0.0,0.0,0.0
0.0,200.0,0.0,15.0,0.0,0.0,0.0,0.0
0.0,200.0,0.0,17.0,0.0,0.0,0.0,0.0
0.0,200.0,0.0,18.0,0.0,0.0,0.0,0.0
0.0,200.0,0.0,12.0,0.0,0.0,0.0,0.0
0.0,30.0,0.0,11.0,0.0,0.0,0.0,0.0
0.0,60.0,0.0,9.0,0.0,0.0,0.0,0.0
0.0,90.0,0.0,14.0,0.0,0.0,0.0,0.0
0.0,30.0,0.0,9.0,0.0,0.0,0.0,0.0
0.0,200.0,0.0,9.0,0.0,0.0,0.0,0.0
0.0,30.0,0.0,22.0,0.0,0.0,0.0,0.0
0.0,200.0,0.0,14.0,0.0,0.0,0.0,0.0
0.0,30.0,0.0,18.0,0.0,5.0,0.0,0.0
0.0,200.0,0.0,15.0,0.0,0.0,0.0,0.0
0.0,200.0,0.0,22.0,0.0,0.0,0.0,0.0
0.0,90.0,0.0,11.0,0.0,0.0,0.0,0.0
0.0,200.0,0.0,8.0,0.0,0.0,0.0,0.0
0.0,120.0,0.0,9.0,0.0,0.0,0.0,0.0
0.0,200.0,0.0,18.0,0.0,0.0,0.0,0.0
0.0,150.0,0.0,18.0,0.0,0.0,0.0,0.0
0.0,150.0,0.0,19.0,0.0,0.0,0.0,0.0
0.0,30.0,0.0,8.0,0.0,6.0,0.0,0.0
0.0,30.0,0.0,8.0,0.0,0.0,0.0,0.0
0.0,60.0,0.0,11.0,0.0,27.0,0.0,0.0
0.0,30.0,0.0,13.0,0.0,0.0,0.0,0.0
0.0,60.0,0.0,21.0,0.0,2.0,0.0,0.0
0.0,90.0,0.0,15.0,0.0,0.0,0.0,0.0
0.0,200.0,0.0,11.0,0.0,0.0,0.0,0.0
0.0,30.0,0.0,12.0,0.0,0.0,0.0,0.0
0.0,120.0,0.0,17.0,0.0,0.0,0.0,0.0
0.0,200.0,0.0,12.0,0.0,0.0,0.0,0.0
0.0,200.0,0.0,21.0,0.0,0.0,0.0,0.0
0.0,60.0,0.0,8.0,0.0,1.0,0.0,0.0
0.0,30.0,0.0,10.0,0.0,32.0,0.0,0.0
0.0,60.0,0.0,19.0,0.0,0.0,0.0,0.0
0.0,200.0,0.0,16.0,0.0,0.0,0.0,0.0
0.0,180.0,0.0,16.0,0.0,0.0,0.0,0.0
0.0,60.0,0.0,15.0,0.0,0.0,0.0,0.0
0.0,200.0,0.0,22.0,0.0,0.0,0.0,0.0
0.0,30.0,0.0,13.0,0.0,0.0,0.0,0.0
0.0,30.0,0.0,22.0,0.0,10.0,0.0,0.0
0.0,30.0,0.0,14.0,0.0,0.0,0.0,0.0
0.0,30.0,0.0,14.0,0.0,0.0,0.0,0.0
0.0,200.0,0.0,9.0,0.0,0.0,0.0,0.0
0.0,200.0,0.0,7.0,0.0,0.0,0.0,0.0
0.0,200.0,0.0,21.0,0.0,0.0,0.0,0.0
0.0,200.0,0.0,20.0,0.0,0.0,0.0,0.0
0.0,200.0,0.0,8.0,0.0,0.0,0.0,0.0
0.0,200.0,0.0,18.0,0.0,0.0,0.0,0.0
0.0,150.0,0.0,8.0,0.0,0.0,0.0,0.0
0.0,30.0,0.0,13.0,0.0,0.0,0.0,0.0
0.0,120.0,0.0,13.0,0.0,6715.0,0.0,0.0
0.0,200.0,0.0,18.0,0.0,0.0,0.0,0.0
0.0,30.0,0.0,14.0,0.0,349.0,0.0,0.0
0.0,200.0,0.0,20.0,0.0,0.0,0.0,0.0
0.0,200.0,0.0,7.0,0.0,0.0,0.0,0.0
0.0,200.0,0.0,16.0,0.0,0.0,0.0,0.0
0.0,200.0,0.0,13.0,0.0,0.0,0.0,0.0
0.0,200.0,0.0,20.0,0.0,0.0,0.0,0.0
0.0,200.0,0.0,7.0,0.0,0.0,0.0,0.0
0.0,200.0,0.0,13.0,0.0,0.0,0.0,0.0
0.0,200.0,0.0,20.0,0.0,0.0,0.0,0.0
0.0,60.0,0.0,14.0,0.0,0.0,0.0,0.0
0.0,200.0,0.0,10.0,0.0,0.0,0.0,0.0
0.0,200.0,0.0,15.0,0.0,0.0,0.0,0.0
0.0,30.0,0.0,13.0,0.0,30.0,0.0,0.0
0.0,30.0,0.0,19.0,0.0,0.0,0.0,0.0
0.0,200.0,0.0,17.0,0.0,0.0,0.0,0.0
0.0,180.0,0.0,9.0,0.0,0.0,0.0,0.0
0.0,60.0,0.0,13.0,0.0,0.0,9.0,0.0
0.0,200.0,0.0,20.0,0.0,0.0,0.0,0.0
0.0,30.0,0.0,10.0,0.0,0.0,0.0,0.0
0.0,200.0,0.0,9.0,0.0,0.0,0.0,0.0
0.0,200.0,0.0,14.0,0.0,0.0,0.0,0.0
0.0,90.0,0.0,11.0,0.0,0.0,0.0,0.0
0.0,200.0,0.0,14.0,0.0,0.0,0.0,0.0
0.0,150.0,0.0,7.0,0.0,1995.0,0.0,0.0
0.0,200.0,0.0,22.0,0.0,0.0,0.0,0.0
0.0,200.0,0.0,15.0,0.0,0.0,0.0,0.0
0.0,200.0,0.0,15.0,0.0,0.0,0.0,0.0
0.0,200.0,0.0,13.0,0.0,0.0,0.0,0.0
0.0,30.0,0.0,21.0,0.0,0.0,0.0,0.0
0.0,200.0,0.0,15.0,0.0,0.0,0.0,0.0
0.0,60.0,0.0,7.0,0.0,0.0,0.0,0.0
0.0,200.0,0.0,18.0,0.0,0.0,0.0,0.0
0.0,200.0,0.0,22.0,0.0,0.0,0.0,0.0
0.0,30.0,0.0,18.0,0.0,1.0,0.0,0.0
0.0,30.0,0.0,11.0,0.0,7200.0,2.0,0.0
0.0,60.0,0.0,11.0,0.0,0.0,0.0,0.0
0.0,200.0,0.0,13.0,0.0,0.0,0.0,0.0
0.0,200.0,0.0,9.0,0.0,0.0,0.0,0.0
0.0,150.0,0.0,8.0,0.0,0.0,0.0,0.0
0.0,60.0,0.0,20.0,0.0,0.0,0.0,0.0
0.0,200.0,0.0,8.0,0.0,0.0,0.0,0.0
0.0,200.0,0.0,7.0,0.0,0.0,0.0,0.0
0.0,200.0,0.0,17.0,0.0,0.0,0.0,0.0
0.0,120.0,0.0,19.0,0.0,0.0,0.0,0.0
0.0,200.0,0.0,22.0,0.0,0.0,0.0,0.0
0.0,60.0,0.0,7.0,0.0,0.0,0.0,0.0
0.0,150.0,0.0,22.0,0.0,0.0,0.0,0.0
0.0,180.0,0.0,18.0,0.0,1125.0,0.0,0.0
0.0,200.0,0.0,8.0,0.0,0.0,0.0,0.0
0.0,60.0,0.0,20.0,0.0,0.0,0.0,0.0
0.0,30.0,0.0,20.0,0.0,0.0,0.0,0.0
0.0,60.0,0.0,8.0,0.0,4852.0,0.0,0.0
0.0,200.0,0.0,14.0,0.0,0.0,0.0,0.0
0.0,200.0,0.0,8.0,0.0,0.0,0.0,0.0
0.0,30.0,0.0,8.0,0.0,1.0,0.0,0.0
0.0,150.0,0.0,9.0,0.0,0.0,0.0,0.0
0.0,30.0,0.0,21.0,0.0,0.0,0.0,0.0
0.0,60.0,0.0,9.0,0.0,0.0,0.0,0.0
0.0,30.0,0.0,16.0,0.0,0.0,0.0,0.0
0.0,30.0,0.0,20.0,0.0,7200.0,0.0,0.0
0.0,200.0,0.0,13.0,0.0,0.0,0.0,0.0
0.0,200.0,0.0,12.0,0.0,0.0,0.0,0.0
0.0,30.0,0.0,22.0,0.0,0.0,0.0,0.0
0.0,200.0,0.0,20.0,0.0,0.0,0.0,0.0
0.0,30.0,0.0,15.0,0.0,0.0,0.0,0.0
0.0,30.0,0.0,14.0,0.0,9.0,0.0,0.0
0.0,200.0,0.0,8.0,0.0,0.0,0.0,0.0
0.0,30.0,0.0,11.0,0.0,0.0,0.0,0.0
0.0,200.0,0.0,22.0,0.0,0.0,0.0,0.0
0.0,200.0,0.0,19.0,0.0,0.0,0.0,0.0
0.0,200.0,0.0,10.0,0.0,0.0,0.0,0.0
0.0,150.0,0.0,8.0,0.0,0.0,0.0,0.0
0.0,30.0,0.0,20.0,0.0,0.0,0.0,0.0
0.0,30.0,0.0,10.0,0.0,1.0,0.0,0.0
0.0,30.0,0.0,12.0,0.0,2.0,0.0,0.0
0.0,200.0,0.0,11.0,0.0,0.0,0.0,0.0
0.0,120.0,0.0,17.0,0.0,0.0,0.0,0.0
0.0,120.0,0.0,14.0,0.0,3660.0,0.0,0.0
0.0,30.0,0.0,9.0,0.0,0.0,0.0,0.0
0.0,30.0,0.0,18.0,0.0,0.0,0.0,0.0
0.0,60.0,0.0,11.0,0.0,0.0,0.0,0.0
0.0,30.0,0.0,7.0,0.0,0.0,0.0,0.0
0.0,180.0,0.0,15.0,0.0,0.0,0.0,0.0
0.0,60.0,0.0,11.0,0.0,0.0,0.0,0.0
0.0,200.0,0.0,9.0,0.0,0.0,0.0,0.0
0.0,200.0,0.0,22.0,0.0,0.0,0.0,0.0
0.0,30.0,0.0,11.0,0.0,0.0,0.0,0.0
0.0,60.0,0.0,11.0,0.0,1.0,0.0,0.0
0.0,200.0,0.0,22.0,0.0,0.0,0.0,0.0
0.0,200.0,0.0,8.0,0.0,0.0,0.0,0.0
0.0,200.0,0.0,8.0,0.0,0.0,0.0,0.0
0.0,90.0,0.0,22.0,0.0,0.0,0.0,0.0
0.0,30.0,0.0,15.0,0.0,3.0,0.0,0.0
0.0,200.0,0.0,17.0,0.0,0.0,0.0,0.0
0.0,30.0,0.0,9.0,0.0,0.0,0.0,0.0
0.0,30.0,0.0,11.0,0.0,2.0,0.0,0.0
0.0,30.0,0.0,9.0,0.0,4028.0,0.0,0.0
0.0,180.0,0.0,8.0,0.0,0.0,0.0,0.0
0.0,200.0,0.0,16.0,0.0,0.0,0.0,0.0
0.0,200.0,0.0,20.0,0.0,0.0,0.0,0.0
0.0,200.0,0.0,17.0,0.0,0.0,0.0,0.0
0.0,200.0,0.0,18.0,0.0,0.0,0.0,0.0
0.0,200.0,0.0,16.0,0.0,0.0,0.0,0.0
0.0,90.0,0.0,11.0,0.0,0.0,0.0,0.0
0.0,200.0,0.0,22.0,0.0,0.0,0.0,0.0
0.0,150.0,0.0,17.0,0.0,0.0,0.0,0.0
0.0,30.0,0.0,12.0,0.0,0.0,0.0,0.0
0.0,200.0,0.0,9.0,0.0,0.0,0.0,0.0
0.0,200.0,0.0,16.0,0.0,0.0,0.0,0.0
0.0,30.0,0.0,18.0,0.0,0.0,0.0,0.0
0.0,200.0,0.0,15.0,0.0,0.0,0.0,0.0
0.0,200.0,0.0,18.0,0.0,0.0,0.0,0.0
0.0,200.0,0.0,14.0,0.0,0.0,0.0,0.0
0.0,200.0,0.0,20.0,0.0,0.0,0.0,0.0
0.0,60.0,0.0,10.0,0.0,0.0,0.0,0.0
0.0,120.0,0.0,9.0,0.0,0.0,0.0,0.0
0.0,180.0,0.0,9.0,0.0,0.0,0.0,0.0
0.0,150.0,0.0,10.0,0.0,0.0,0.0,0.0
0.0,30.0,0.0,19.0,0.0,0.0,0.0,0.0
0.0,90.0,0.0,19.0,0.0,0.0,0.0,0.0
0.0,30.0,0.0,14.0,0.0,0.0,0.0,0.0
0.0,150.0,0.0,16.0,0.0,0.0,0.0,0.0
0.0,200.0,0.0,15.0,0.0,0.0,0.0,0.0
0.0,30.0,0.0,10.0,0.0,5634.0,0.0,0.0
0.0,30.0,0.0,7.0,0.0,0.0,0.0,0.0
0.0,200.0,0.0,12.0,0.0,0.0,0.0,0.0
0.0,200.0,0.0,9.0,0.0,0.0,0.0,0.0
0.0,90.0,0.0,8.0,0.0,0.0,0.0,0.0
0.0,90.0,0.0,21.0,0.0,0.0,0.0,0.0
0.0,200.0,0.0,18.0,0.0,0.0,0.0,0.0
0.0,30.0,0.0,11.0,0.0,12.0,0.0,0.0
0.0,30.0,0.0,8.0,0.0,0.0,0.0,0.0
0.0,200.0,0.0,15.0,0.0,0.0,0.0,0.0
0.0,60.0,0.0,10.0,0.0,28.0,0.0,0.0
0.0,200.0,0.0,19.0,0.0,0.0,0.0,0.0
0.0,30.0,0.0,22.0,0.0,0.0,0.0,0.0
0.0,30.0,0.0,18.0,0.0,0.0,0.0,0.0
0.0,30.0,0.0,10.0,0.0,0.0,0.0,0.0
0.0,200.0,0.0,17.0,0.0,0.0,0.0,0.0
0.0,200.0,0.0,10.0,0.0,0.0,0.0,0.0
0.0,180.0,0.0,15.0,0.0,0.0,0.0,0.0
0.0,180.0,0.0,13.0,0.0,0.0,0.0,0.0
0.0,90.0,0.0,22.0,0.0,0.0,0.0,0.0
0.0,150.0,0.0,11.0,0.0,0.0,0.0,0.0
0.0,200.0,0.0,14.0,0.0,0.0,0.0,0.0
0.0,60.0,0.0,18.0,0.0,0.0,0.0,0.0
0.0,30.0,0.0,19.0,0.0,0.0,0.0,0.0
0.0,60.0,0.0,18.0,0.0,3968.0,0.0,0.0
0.0,30.0,0.0,22.0,0.0,10.0,0.0,0.0
0.0,60.0,0.0,13.0,0.0,0.0,0.0,0.0
0.0,30.0,0.0,18.0,0.0,27.0,0.0,0.0
0.0,120.0,0.0,7.0,0.0,0.0,0.0,0.0
0.0,30.0,0.0,15.0,0.0,13.0,0.0,0.0
0.0,180.0,0.0,21.0,0.0,0.0,0.0,0.0
0.0,200.0,0.0,13.0,0.0,0.0,0.0,0.0
0.0,60.0,0.0,7.0,0.0,0.0,0.0,0.0
0.0,200.0,0.0,12.0,0.0,0.0,0.0,0.0
0.0,180.0,0.0,14.0,0.0,0.0,0.0,0.0
0.0,200.0,0.0,11.0,0.0,0.0,0.0,0.0
0.0,120.0,0.0,10.0,0.0,0.0,0.0,0.0
0.0,30.0,0.0,11.0,0.0,0.0,0.0,0.0
0.0,30.0,0.0,20.0,0.0,0.0,0.0,0.0
0.0,200.0,0.0,9.0,0.0,0.0,0.0,0.0
0.0,200.0,0.0,10.0,0.0,0.0,0.0,0.0
0.0,200.0,0.0,7.0,0.0,0.0,0.0,0.0
0.0,180.0,0.0,18.0,0.0,0.0,0.0,0.0
0.0,200.0,0.0,21.0,0.0,0.0,0.0,0.0
0.0,30.0,0.0,22.0,0.0,7200.0,0.0,0.0
0.0,200.0,0.0,16.0,0.0,0.0,0.0,0.0
0.0,200.0,0.0,7.0,0.0,0.0,0.0,0.0
0.0,30.0,0.0,19.0,0.0,0.0,0.0,0.0
0.0,30.0,0.0,8.0,0.0,0.0,0.0,0.0
0.0,60.0,0.0,18.0,0.0,0.0,0.0,0.0
0.0,90.0,0.0,12.0,0.0,0.0,0.0,0.0
0.0,200.0,0.0,7.0,0.0,0.0,0.0,0.0
0.0,200.0,0.0,11.0,0.0,0.0,0.0,0.0
0.0,30.0,0.0,21.0,0.0,28.0,0.0,0.0
0.0,150.0,0.0,11.0,0.0,0.0,0.0,0.0
0.0,30.0,0.0,11.0,0.0,21.0,0.0,0.0
0.0,200.0,0.0,7.0,0.0,0.0,0.0,0.0
0.0,120.0,0.0,22.0,0.0,0.0,0.0,0.0
0.0,30.0,0.0,16.0,0.0,1.0,0.0,0.0
0.0,200.0,0.0,12.0,0.0,0.0,0.0,0.0
0.0,60.0,0.0,19.0,0.0,0.0,0.0,0.0
0.0,200.0,0.0,7.0,0.0,0.0,0.0,0.0
0.0,30.0,0.0,7.0,0.0,5419.0,0.0,0.0
0.0,200.0,0.0,11.0,0.0,0.0,0.0,0.0
0.0,200.0,0.0,15.0,0.0,0.0,0.0,0.0
0.0,200.0,0.0,20.0,0.0,0.0,0.0,0.0
0.0,200.0,0.0,20.0,0.0,0.0,0.0,0.0
0.0,30.0,0.0,11.0,0.0,3.0,0.0,0.0
0.0,200.0,0.0,19.0,0.0,0.0,0.0,0.0
0.0,200.0,0.0,15.0,0.0,0.0,0.0,0.0
0.0,200.0,0.0,20.0,0.0,0.0,0.0,0.0
0.0,180.0,0.0,7.0,0.0,0.0,0.0,0.0
0.0,30.0,0.0,12.0,0.0,0.0,0.0,0.0
0.0,200.0,0.0,18.0,0.0,0.0,0.0,0.0
0.0,180.0,0.0,8.0,0.0,0.0,0.0,0.0
0.0,200.0,0.0,14.0,0.0,0.0,0.0,0.0
0.0,30.0,0.0,15.0,0.0,0.0,0.0,0.0
0.0,30.0,0.0,22.0,0.0,5.0,0.0,0.0
0.0,30.0,0.0,12.0,0.0,0.0,0.0,0.0
0.0,30.0,0.0,18.0,0.0,0.0,0.0,0.0
0.0,200.0,0.0,10.0,0.0,0.0,0.0,0.0
0.0,30.0,0.0,12.0,0.0,0.0,0.0,0.0
0.0,200.0,0.0,20.0,0.0,0.0,0.0,0.0
0.0,200.0,0.0,15.0,0.0,0.0,0.0,0.0
0.0,30.0,0.0,17.0,0.0,0.0,0.0,0.0
0.0,30.0,0.0,7.0,0.0,0.0,9.0,0.0
0.0,90.0,0.0,16.0,0.0,0.0,0.0,0.0
0.0,90.0,0.0,16.0,0.0,0.0,0.0,0.0
0.0,30.0,0.0,21.0,0.0,0.0,0.0,0.0
0.0,200.0,0.0,18.0,0.0,0.0,0.0,0.0
0.0,200.0,0.0,10.0,0.0,0.0,0.0,0.0
0.0,200.0,0.0,21.0,0.0,0.0,0.0,0.0
0.0,30.0,0.0,10.0,0.0,0.0,0.0,0.0
0.0,200.0,0.0,19.0,0.0,0.0,0.0,0.0
0.0,30.0,0.0,11.0,0.0,0.0,9.0,0.0
0.0,120.0,0.0,12.0,0.0,0.0,0.0,0.0
0.0,30.0,0.0,11.0,0.0,2.0,0.0,0.0
0.0,30.0,0.0,15.0,0.0,0.0,0.0,0.0
0.0,180.0,0.0,22.0,0.0,0.0,0.0,0.0
0.0,200.0,0.0,18.0,0.0,0.0,0.0,0.0
0.0,120.0,0.0,7.0,0.0,0.0,0.0,0.0
0.0,200.0,0.0,9.0,0.0,0.0,0.0,0.0
0.0,200.0,0.0,19.0,0.0,0.0,0.0,0.0
0.0,30.0,0.0,15.0,0.0,0.0,0.0,0.0
0.0,60.0,0.0,20.0,0.0,0.0,0.0,0.0
0.0,200.0,0.0,22.0,0.0,0.0,0.0,0.0
0.0,200.0,0.0,16.0,0.0,0.0,0.0,0.0
0.0,200.0,0.0,9.0,0.0,0.0,0.0,0.0
0.0,200.0,0.0,8.0,0.0,0.0,0.0,0.0
0.0,200.0,0.0,9.0,0.0,0.0,0.0,0.0
0.0,200.0,0.0,22.0,0.0,0.0,0.0,0.0
0.0,200.0,0.0,15.0,0.0,0.0,0.0,0.0
0.0,200.0,0.0,9.0,0.0,0.0,0.0,0.0
0.0,30.0,0.0,13.0,0.0,3720.0,0.0,0.0
0.0,200.0,0.0,15.0,0.0,0.0,0.0,0.0
0.0,60.0,0.0,12.0,0.0,0.0,0.0,0.0
0.0,150.0,0.0,22.0,0.0,0.0,0.0,0.0
0.0,60.0,0.0,16.0,0.0,0.0,0.0,0.0
0.0,90.0,0.0,20.0,0.0,0.0,0.0,0.0
0.0,30.0,0.0,10.0,0.0,0.0,0.0,0.0
0.0,30.0,0.0,10.0,0.0,0.0,0.0,0.0
0.0,30.0,0.0,14.0,0.0,0.0,0.0,0.0
0.0,200.0,0.0,22.0,0.0,0.0,0.0,0.0
0.0,200.0,0.0,11.0,0.0,0.0,0.0,0.0
0.0,30.0,0.0,7.0,0.0,0.0,0.0,0.0
0.0,60.0,0.0,13.0,0.0,0.0,0.0,0.0
0.0,200.0,0.0,22.0,0.0,0.0,0.0,0.0
0.0,30.0,0.0,16.0,0.0,0.0,0.0,0.0
0.0,120.0,0.0,12.0,0.0,0.0,0.0,0.0
0.0,200.0,0.0,8.0,0.0,0.0,0.0,0.0
0.0,200.0,0.0,13.0,0.0,0.0,0.0,0.0
0.0,200.0,0.0,11.0,0.0,0.0,0.0,0.0
0.0,150.0,0.0,20.0,0.0,0.0,0.0,0.0
0.0,200.0,0.0,22.0,0.0,0.0,0.0,0.0
0.0,120.0,0.0,12.0,0.0,0.0,0.0,0.0
0.0,200.0,0.0,20.0,0.0,0.0,0.0,0.0
0.0,200.0,0.0,13.0,0.0,0.0,0.0,0.0
0.0,200.0,0.0,19.0,0.0,0.0,0.0,0.0
0.0,30.0,0.0,21.0,0.0,0.0,0.0,0.0
0.0,200.0,0.0,9.0,0.0,0.0,0.0,0.0
0.0,30.0,0.0,11.0,0.0,1.0,0.0,0.0
0.0,200.0,0.0,18.0,0.0,0.0,0.0,0.0
0.0,200.0,0.0,10.0,0.0,0.0,0.0,0.0
0.0,90.0,0.0,7.0,0.0,0.0,0.0,0.0
0.0,200.0,0.0,12.0,0.0,0.0,0.0,0.0
0.0,200.0,0.0,11.0,0.0,0.0,0.0,0.0
0.0,30.0,0.0,18.0,0.0,0.0,0.0,0.0
0.0,60.0,0.0,18.0,0.0,13.0,0.0,0.0
0.0,120.0,0.0,22.0,0.0,0.0,0.0,0.0
0.0,200.0,0.0,21.0,0.0,0.0,0.0,0.0
0.0,200.0,0.0,20.0,0.0,0.0,0.0,0.0
0.0,30.0,0.0,9.0,0.0,0.0,0.0,0.0
0.0,200.0,0.0,12.0,0.0,0.0,0.0,0.0
0.0,30.0,0.0,11.0,0.0,0.0,0.0,0.0
0.0,200.0,0.0,15.0,0.0,0.0,0.0,0.0
0.0,200.0,0.0,22.0,0.0,0.0,0.0,0.0
0.0,30.0,0.0,22.0,0.0,0.0,0.0,0.0
0.0,200.0,0.0,17.0,0.0,0.0,0.0,0.0
0.0,30.0,0.0,19.0,0.0,1.0,0.0,0.0
0.0,30.0,0.0,16.0,0.0,0.0,0.0,0.0
0.0,200.0,0.0,19.0,0.0,0.0,0.0,0.0
0.0,30.0,0.0,20.0,0.0,0.0,0.0,0.0
0.0,30.0,0.0,9.0,0.0,0.0,0.0,0.0
0.0,30.0,0.0,17.0,0.0,1.0,0.0,0.0
0.0,200.0,0.0,20.0,0.0,0.0,0.0,0.0
0.0,200.0,0.0,14.0,0.0,0.0,0.0,0.0
0.0,200.0,0.0,17.0,0.0,0.0,0.0,0.0
0.0,200.0,0.0,12.0,0.0,0.0,0.0,0.0
0.0,30.0,0.0,22.0,0.0,0.0,0.0,0.0
0.0,30.0,0.0,22.0,0.0,0.0,0.0,0.0
0.0,200.0,0.0,17.0,0.0,0.0,0.0,0.0
0.0,60.0,0.0,20.0,0.0,1184.0,0.0,0.0
0.0,200.0,0.0,20.0,0.0,0.0,0.0,0.0
0.0,30.0,0.0,9.0,0.0,0.0,0.0,0.0
0.0,120.0,0.0,17.0,0.0,0.0,0.0,0.0
0.0,60.0,0.0,10.0,0.0,0.0,0.0,0.0
0.0,30.0,0.0,18.0,0.0,0.0,0.0,0.0
0.0,200.0,0.0,8.0,0.0,0.0,0.0,0.0
0.0,30.0,0.0,20.0,0.0,0.0,0.0,0.0
0.0,30.0,0.0,22.0,0.0,0.0,0.0,0.0
0.0,30.0,0.0,10.0,0.0,0.0,0.0,0.0
0.0,60.0,0.0,22.0,0.0,0.0,0.0,0.0
0.0,30.0,0.0,18.0,0.0,0.0,0.0,0.0
0.0,200.0,0.0,11.0,0.0,0.0,0.0,0.0
0.0,30.0,0.0,19.0,0.0,1.0,0.0,0.0
0.0,30.0,0.0,11.0,0.0,2.0,0.0,0.0
0.0,200.0,0.0,18.0,0.0,0.0,0.0,0.0
0.0,200.0,0.0,10.0,0.0,0.0,0.0,0.0
0.0,60.0,0.0,7.0,0.0,0.0,0.0,0.0
0.0,200.0,0.0,20.0,0.0,0.0,0.0,0.0
0.0,200.0,0.0,17.0,0.0,0.0,0.0,0.0
0.0,150.0,0.0,13.0,0.0,0.0,0.0,0.0
0.0,200.0,0.0,10.0,0.0,0.0,0.0,0.0
0.0,60.0,0.0,11.0,0.0,0.0,0.0,0.0
0.0,200.0,0.0,10.0,0.0,0.0,0.0,0.0
0.0,60.0,0.0,21.0,0.0,0.0,0.0,0.0
0.0,30.0,0.0,10.0,0.0,0.0,0.0,0.0
0.0,180.0,0.0,7.0,0.0,0.0,0.0,0.0
0.0,200.0,0.0,7.0,0.0,0.0,0.0,0.0
0.0,200.0,0.0,22.0,0.0,0.0,0.0,0.0
0.0,90.0,0.0,22.0,0.0,0.0,0.0,0.0
0.0,30.0,0.0,11.0,0.0,0.0,0.0,0.0
0.0,30.0,0.0,7.0,1.0,0.0,60.0,0.0
0.0,60.0,0.0,10.0,0.0,0.0,0.0,0.0
0.0,200.0,0.0,17.0,0.0,0.0,0.0,0.0
0.0,200.0,0.0,19.0,0.0,0.0,0.0,0.0
0.0,90.0,0.0,11.0,0.0,1.0,0.0,0.0
0.0,60.0,0.0,14.0,0.0,0.0,0.0,0.0
0.0,200.0,0.0,22.0,0.0,0.0,0.0,0.0
0.0,120.0,0.0,15.0,0.0,0.0,0.0,0.0
0.0,30.0,0.0,11.0,0.0,0.0,0.0,0.0
0.0,30.0,0.0,8.0,0.0,0.0,0.0,0.0
0.0,30.0,0.0,7.0,0.0,30.0,0.0,0.0
0.0,200.0,0.0,15.0,0.0,0.0,0.0,0.0
0.0,200.0,0.0,13.0,0.0,0.0,0.0,0.0
0.0,30.0,0.0,13.0,0.0,0.0,0.0,0.0
0.0,60.0,0.0,21.0,0.0,0.0,0.0,0.0
0.0,30.0,0.0,11.0,0.0,5.0,0.0,0.0
0.0,30.0,0.0,14.0,0.0,0.0,0.0,0.0
0.0,30.0,0.0,13.0,0.0,5.0,0.0,0.0
0.0,200.0,0.0,7.0,0.0,0.0,0.0,0.0
0.0,30.0,0.0,22.0,0.0,0.0,0.0,0.0
0.0,200.0,0.0,11.0,0.0,0.0,0.0,0.0
0.0,200.0,0.0,17.0,0.0,0.0,0.0,0.0
0.0,200.0,0.0,11.0,0.0,0.0,0.0,0.0
0.0,30.0,0.0,12.0,0.0,0.0,0.0,0.0
0.0,200.0,0.0,13.0,0.0,0.0,0.0,0.0
0.0,30.0,0.0,11.0,0.0,0.0,0.0,0.0
0.0,200.0,0.0,21.0,0.0,0.0,0.0,0.0
0.0,30.0,0.0,11.0,0.0,0.0,0.0,0.0
0.0,150.0,0.0,20.0,0.0,0.0,0.0,0.0
0.0,120.0,0.0,17.0,0.0,0.0,0.0,0.0
0.0,30.0,0.0,10.0,0.0,264.0,0.0,0.0
0.0,30.0,0.0,9.0,0.0,0.0,0.0,0.0
0.0,30.0,0.0,22.0,0.0,1619.0,0.0,0.0
0.0,120.0,0.0,14.0,0.0,0.0,0.0,0.0
0.0,30.0,0.0,10.0,0.0,1.0,0.0,0.0
0.0,200.0,0.0,13.0,0.0,0.0,0.0,0.0
0.0,150.0,0.0,19.0,0.0,0.0,0.0,0.0
0.0,90.0,0.0,9.0,0.0,2431.0,0.0,0.0
0.0,200.0,0.0,11.0,0.0,0.0,0.0,0.0
0.0,150.0,0.0,11.0,0.0,0.0,0.0,0.0
0.0,30.0,0.0,19.0,0.0,0.0,0.0,0.0
0.0,200.0,0.0,19.0,0.0,0.0,0.0,0.0
0.0,90.0,0.0,10.0,0.0,0.0,0.0,0.0
0.0,60.0,0.0,21.0,0.0,0.0,0.0,0.0
0.0,60.0,0.0,10.0,0.0,0.0,0.0,0.0
0.0,30.0,0.0,11.0,0.0,0.0,0.0,0.0
0.0,30.0,0.0,20.0,0.0,3.0,0.0,0.0
0.0,30.0,0.0,11.0,0.0,0.0,0.0,0.0
0.0,30.0,0.0,21.0,0.0,0.0,0.0,0.0
0.0,120.0,0.0,7.0,0.0,0.0,0.0,0.0
0.0,200.0,0.0,22.0,0.0,0.0,0.0,0.0
0.0,120.0,0.0,14.0,0.0,0.0,0.0,0.0
0.0,120.0,0.0,14.0,0.0,0.0,0.0,0.0
0.0,60.0,0.0,7.0,0.0,0.0,0.0,0.0
0.0,200.0,0.0,9.0,0.0,0.0,0.0,0.0
0.0,200.0,0.0,19.0,0.0,0.0,0.0,0.0
0.0,200.0,0.0,18.0,0.0,0.0,0.0,0.0
0.0,90.0,0.0,12.0,0.0,0.0,0.0,0.0
0.0,200.0,0.0,12.0,0.0,0.0,0.0,0.0
0.0,60.0,0.0,10.0,0.0,385.0,0.0,0.0
0.0,60.0,0.0,18.0,0.0,0.0,0.0,0.0
0.0,200.0,0.0,22.0,0.0,0.0,0.0,0.0
0.0,200.0,0.0,16.0,0.0,0.0,0.0,0.0
0.0,30.0,0.0,20.0,0.0,0.0,0.0,0.0
0.0,200.0,0.0,8.0,0.0,0.0,0.0,0.0
0.0,30.0,0.0,7.0,0.0,0.0,0.0,0.0
0.0,30.0,0.0,10.0,0.0,12.0,0.0,0.0
0.0,30.0,0.0,20.0,0.0,0.0,0.0,0.0
0.0,180.0,0.0,12.0,0.0,0.0,0.0,0.0
0.0,200.0,0.0,8.0,0.0,0.0,0.0,0.0
0.0,200.0,0.0,9.0,0.0,0.0,0.0,0.0
0.0,200.0,0.0,18.0,0.0,0.0,0.0,0.0
0.0,60.0,0.0,7.0,0.0,0.0,0.0,0.0
0.0,90.0,0.0,13.0,0.0,0.0,0.0,0.0
0.0,180.0,0.0,19.0,0.0,0.0,0.0,0.0
0.0,180.0,0.0,20.0,0.0,0.0,0.0,0.0
0.0,120.0,0.0,8.0,0.0,0.0,0.0,0.0
0.0,60.0,0.0,11.0,0.0,14.0,0.0,0.0
0.0,60.0,0.0,16.0,0.0,0.0,0.0,0.0
0.0,60.0,0.0,15.0,0.0,0.0,0.0,0.0
0.0,30.0,0.0,12.0,0.0,0.0,0.0,0.0
0.0,200.0,0.0,22.0,0.0,0.0,0.0,0.0
0.0,30.0,0.0,16.0,0.0,0.0,0.0,0.0
0.0,120.0,0.0,9.0,0.0,0.0,0.0,0.0
0.0,30.0,0.0,11.0,0.0,14.0,0.0,0.0
0.0,200.0,0.0,22.0,0.0,0.0,0.0,0.0
0.0,30.0,0.0,8.0,0.0,0.0,0.0,0.0
0.0,200.0,0.0,15.0,0.0,0.0,0.0,0.0
0.0,200.0,0.0,10.0,0.0,0.0,0.0,0.0
0.0,90.0,0.0,13.0,0.0,0.0,0.0,0.0
0.0,30.0,0.0,14.0,0.0,0.0,0.0,0.0
0.0,30.0,0.0,19.0,0.0,24.0,0.0,0.0
0.0,200.0,0.0,7.0,0.0,0.0,0.0,0.0
0.0,200.0,0.0,11.0,0.0,0.0,0.0,0.0
0.0,200.0,0.0,12.0,0.0,0.0,0.0,0.0
0.0,200.0,0.0,8.0,0.0,0.0,0.0,0.0
0.0,60.0,0.0,9.0,0.0,0.0,0.0,0.0
0.0,30.0,0.0,21.0,0.0,0.0,0.0,0.0
0.0,200.0,0.0,15.0,0.0,0.0,0.0,0.0
0.0,150.0,0.0,22.0,0.0,0.0,0.0,0.0
0.0,90.0,0.0,16.0,0.0,0.0,0.0,0.0
0.0,120.0,0.0,14.0,0.0,0.0,0.0,0.0
0.0,200.0,0.0,13.0,0.0,0.0,0.0,0.0
0.0,200.0,0.0,9.0,0.0,0.0,0.0,0.0
0.0,30.0,0.0,13.0,0.0,8.0,0.0,0.0
0.0,200.0,0.0,18.0,0.0,0.0,0.0,0.0
0.0,200.0,0.0,17.0,0.0,0.0,0.0,0.0
0.0,200.0,0.0,14.0,0.0,0.0,0.0,0.0
0.0,30.0,0.0,10.0,0.0,0.0,0.0,0.0
0.0,200.0,0.0,8.0,0.0,0.0,0.0,0.0
0.0,30.0,0.0,15.0,0.0,0.0,0.0,0.0
0.0,60.0,0.0,20.0,0.0,0.0,0.0,0.0
0.0,150.0,0.0,10.0,0.0,0.0,0.0,0.0
0.0,30.0,0.0,19.0,0.0,21.0,0.0,0.0
0.0,60.0,0.0,11.0,0.0,0.0,0.0,0.0
0.0,30.0,0.0,19.0,0.0,7055.0,0.0,0.0
0.0,120.0,0.0,8.0,0.0,0.0,0.0,0.0
0.0,30.0,0.0,18.0,0.0,0.0,0.0,0.0
0.0,90.0,0.0,13.0,0.0,0.0,0.0,0.0
0.0,30.0,0.0,16.0,0.0,0.0,0.0,0.0
0.0,200.0,0.0,21.0,0.0,0.0,0.0,0.0
0.0,30.0,0.0,8.0,0.0,0.0,0.0,0.0
0.0,90.0,0.0,20.0,0.0,0.0,0.0,0.0
0.0,30.0,0.0,12.0,0.0,0.0,0.0,0.0
0.0,200.0,0.0,16.0,0.0,0.0,0.0,0.0
0.0,120.0,0.0,16.0,0.0,0.0,0.0,0.0
0.0,30.0,0.0,12.0,0.0,2.0,0.0,0.0
0.0,200.0,0.0,9.0,0.0,0.0,0.0,0.0
0.0,60.0,0.0,8.0,0.0,0.0,0.0,0.0
0.0,200.0,0.0,22.0,0.0,0.0,0.0,0.0
0.0,30.0,0.0,19.0,0.0,0.0,0.0,0.0
0.0,30.0,0.0,9.0,0.0,0.0,0.0,0.0
0.0,200.0,0.0,13.0,0.0,0.0,0.0,0.0
0.0,90.0,0.0,22.0,0.0,0.0,0.0,0.0
0.0,200.0,0.0,17.0,0.0,0.0,0.0,0.0
0.0,200.0,0.0,16.0,0.0,0.0,0.0,0.0
0.0,200.0,0.0,18.0,0.0,0.0,0.0,0.0
0.0,90.0,0.0,18.0,0.0,0.0,0.0,0.0
0.0,30.0,0.0,20.0,0.0,0.0,0.0,0.0
0.0,30.0,0.0,19.0,0.0,0.0,0.0,0.0
0.0,30.0,0.0,8.0,0.0,0.0,0.0,0.0
0.0,30.0,0.0,18.0,0.0,0.0,0.0,0.0
0.0,60.0,0.0,7.0,0.0,8.0,0.0,0.0
0.0,30.0,0.0,16.0,0.0,1185.0,0.0,0.0
0.0,90.0,0.0,18.0,0.0,0.0,0.0,0.0
0.0,30.0,0.0,19.0,0.0,0.0,0.0,0.0
0.0,30.0,0.0,19.0,0.0,1.0,0.0,0.0
0.0,30.0,0.0,22.0,0.0,2.0,0.0,0.0
0.0,200.0,0.0,22.0,0.0,0.0,0.0,0.0
0.0,30.0,0.0,18.0,0.0,0.0,0.0,0.0
0.0,30.0,0.0,7.0,0.0,0.0,0.0,0.0
0.0,200.0,0.0,19.0,0.0,0.0,0.0,0.0
0.0,200.0,0.0,13.0,0.0,0.0,0.0,0.0
0.0,200.0,0.0,18.0,0.0,0.0,0.0,0.0
0.0,200.0,0.0,19.0,0.0,0.0,0.0,0.0
0.0,200.0,0.0,8.0,0.0,0.0,0.0,0.0
0.0,200.0,0.0,8.0,0.0,0.0,0.0,0.0
0.0,200.0,0.0,7.0,0.0,0.0,0.0,0.0
0.0,200.0,0.0,21.0,0.0,0.0,0.0,0.0
0.0,120.0,0.0,7.0,0.0,0.0,0.0,0.0
0.0,30.0,0.0,13.0,0.0,0.0,0.0,0.0
0.0,30.0,0.0,15.0,0.0,3.0,0.0,0.0
0.0,30.0,0.0,17.0,0.0,0.0,0.0,0.0
0.0,200.0,0.0,7.0,0.0,0.0,0.0,0.0
0.0,200.0,0.0,11.0,0.0,0.0,0.0,0.0
0.0,120.0,0.0,8.0,0.0,0.0,0.0,0.0
0.0,30.0,0.0,9.0,0.0,0.0,0.0,0.0
0.0,200.0,0.0,8.0,0.0,0.0,0.0,0.0
0.0,150.0,0.0,18.0,0.0,0.0,0.0,0.0
0.0,200.0,0.0,7.0,0.0,0.0,0.0,0.0
0.0,200.0,0.0,20.0,0.0,0.0,0.0,0.0
0.0,30.0,0.0,21.0,0.0,0.0,0.0,0.0
0.0,200.0,0.0,9.0,0.0,0.0,0.0,0.0
0.0,30.0,0.0,20.0,0.0,0.0,0.0,0.0
0.0,200.0,0.0,16.0,0.0,0.0,0.0,0.0
0.0,30.0,0.0,21.0,0.0,0.0,0.0,0.0
0.0,30.0,0.0,12.0,0.0,3.0,0.0,0.0
0.0,200.0,0.0,20.0,0.0,0.0,0.0,0.0
0.0,30.0,0.0,18.0,0.0,0.0,0.0,0.0
0.0,120.0,0.0,9.0,0.0,0.0,0.0,0.0
0.0,200.0,0.0,9.0,0.0,0.0,0.0,0.0
0.0,200.0,0.0,14.0,0.0,0.0,0.0,0.0
0.0,200.0,0.0,20.0,0.0,0.0,0.0,0.0
0.0,30.0,0.0,20.0,0.0,0.0,0.0,0.0
0.0,30.0,0.0,15.0,0.0,0.0,0.0,0.0
0.0,200.0,0.0,17.0,0.0,0.0,0.0,0.0
0.0,30.0,0.0,12.0,0.0,2.0,0.0,0.0
0.0,120.0,0.0,12.0,0.0,0.0,0.0,0.0
0.0,200.0,0.0,11.0,0.0,0.0,0.0,0.0
0.0,200.0,0.0,19.0,0.0,0.0,0.0,0.0
0.0,200.0,0.0,17.0,0.0,0.0,0.0,0.0
0.0,30.0,0.0,19.0,0.0,0.0,0.0,0.0
0.0,200.0,0.0,19.0,0.0,0.0,0.0,0.0
0.0,200.0,0.0,19.0,0.0,0.0,0.0,0.0
0.0,30.0,0.0,17.0,0.0,0.0,0.0,0.0
0.0,30.0,0.0,22.0,0.0,1.0,0.0,0.0
0.0,200.0,0.0,19.0,0.0,0.0,0.0,0.0
0.0,200.0,0.0,20.0,0.0,0.0,0.0,0.0
0.0,90.0,0.0,13.0,0.0,0.0,0.0,0.0
0.0,60.0,0.0,18.0,0.0,0.0,0.0,0.0
0.0,200.0,0.0,7.0,0.0,0.0,0.0,0.0
0.0,30.0,0.0,21.0,0.0,0.0,0.0,0.0
0.0,200.0,0.0,14.0,0.0,0.0,0.0,0.0
0.0,200.0,0.0,18.0,0.0,0.0,0.0,0.0
0.0,30.0,0.0,19.0,0.0,2.0,0.0,0.0
0.0,30.0,0.0,21.0,0.0,0.0,0.0,0.0
0.0,90.0,0.0,20.0,0.0,0.0,0.0,0.0
0.0,200.0,0.0,14.0,0.0,0.0,0.0,0.0
0.0,30.0,0.0,18.0,0.0,0.0,0.0,0.0
0.0,150.0,0.0,20.0,0.0,0.0,0.0,0.0
0.0,30.0,0.0,18.0,0.0,0.0,0.0,0.0
0.0,200.0,0.0,18.0,0.0,0.0,0.0,0.0
0.0,150.0,0.0,13.0,0.0,0.0,0.0,0.0
0.0,200.0,0.0,12.0,0.0,0.0,0.0,0.0
0.0,30.0,0.0,16.0,0.0,0.0,0.0,0.0
0.0,30.0,0.0,12.0,0.0,0.0,0.0,0.0
0.0,30.0,0.0,20.0,0.0,0.0,0.0,0.0
0.0,60.0,0.0,7.0,0.0,0.0,0.0,0.0
0.0,30.0,0.0,21.0,0.0,0.0,0.0,0.0
0.0,30.0,0.0,16.0,0.0,3.0,0.0,0.0
0.0,30.0,0.0,8.0,0.0,0.0,0.0,0.0
0.0,60.0,0.0,10.0,0.0,0.0,0.0,0.0
0.0,150.0,0.0,11.0,0.0,1040.0,0.0,0.0
0.0,150.0,0.0,18.0,0.0,0.0,0.0,0.0
0.0,200.0,0.0,9.0,0.0,0.0,0.0,0.0
0.0,90.0,0.0,15.0,0.0,0.0,0.0,0.0
0.0,60.0,0.0,10.0,0.0,0.0,0.0,0.0
0.0,30.0,0.0,7.0,0.0,0.0,0.0,0.0
0.0,200.0,0.0,8.0,0.0,0.0,0.0,0.0
0.0,200.0,0.0,8.0,0.0,0.0,0.0,0.0
0.0,200.0,0.0,10.0,0.0,0.0,0.0,0.0
0.0,90.0,0.0,22.0,0.0,0.0,0.0,0.0
0.0,30.0,0.0,12.0,0.0,0.0,0.0,0.0
0.0,30.0,0.0,7.0,0.0,4.0,0.0,0.0
0.0,30.0,0.0,16.0,0.0,0.0,0.0,0.0
0.0,30.0,0.0,14.0,0.0,0.0,0.0,0.0
0.0,60.0,0.0,22.0,0.0,0.0,0.0,0.0
0.0,200.0,0.0,13.0,0.0,0.0,0.0,0.0
0.0,90.0,0.0,12.0,0.0,0.0,0.0,0.0
0.0,30.0,0.0,14.0,0.0,1.0,0.0,0.0
0.0,200.0,0.0,20.0,0.0,0.0,0.0,0.0
0.0,30.0,0.0,19.0,0.0,0.0,0.0,0.0
0.0,200.0,0.0,19.0,0.0,0.0,0.0,0.0
0.0,200.0,0.0,19.0,0.0,0.0,0.0,0.0
0.0,90.0,0.0,22.0,0.0,4834.0,0.0,0.0
0.0,200.0,0.0,10.0,0.0,0.0,0.0,0.0
0.0,60.0,0.0,10.0,0.0,0.0,0.0,0.0
0.0,60.0,0.0,9.0,0.0,0.0,0.0,0.0
0.0,200.0,0.0,15.0,0.0,0.0,0.0,0.0
0.0,200.0,0.0,15.0,0.0,0.0,0.0,0.0
0.0,30.0,0.0,19.0,0.0,0.0,0.0,0.0
0.0,30.0,0.0,16.0,0.0,1.0,0.0,0.0
0.0,150.0,0.0,20.0,0.0,2.0,0.0,0.0
0.0,60.0,0.0,13.0,0.0,0.0,0.0,0.0
0.0,200.0,0.0,20.0,0.0,0.0,0.0,0.0
0.0,30.0,0.0,15.0,0.0,0.0,0.0,0.0
0.0,200.0,0.0,21.0,0.0,0.0,0.0,0.0
0.0,30.0,0.0,18.0,0.0,0.0,6.0,0.0
0.0,200.0,0.0,15.0,0.0,0.0,0.0,0.0
0.0,200.0,0.0,7.0,0.0,0.0,0.0,0.0
0.0,60.0,0.0,20.0,0.0,0.0,1.0,0.0
0.0,30.0,0.0,17.0,0.0,0.0,0.0,0.0
0.0,200.0,0.0,16.0,0.0,0.0,0.0,0.0
0.0,60.0,0.0,17.0,0.0,0.0,0.0,0.0
0.0,30.0,0.0,10.0,0.0,0.0,0.0,0.0
0.0,30.0,0.0,8.0,0.0,1574.0,0.0,0.0
0.0,200.0,0.0,19.0,0.0,0.0,0.0,0.0
0.0,200.0,0.0,11.0,0.0,0.0,0.0,0.0
0.0,150.0,0.0,9.0,0.0,0.0,0.0,0.0
0.0,200.0,0.0,22.0,0.0,0.0,0.0,0.0
0.0,30.0,0.0,10.0,0.0,0.0,0.0,0.0
0.0,60.0,0.0,18.0,0.0,0.0,0.0,0.0
0.0,200.0,0.0,8.0,0.0,0.0,0.0,0.0
0.0,90.0,0.0,22.0,0.0,0.0,0.0,0.0
0.0,30.0,0.0,20.0,0.0,0.0,0.0,0.0
0.0,180.0,0.0,7.0,0.0,0.0,0.0,0.0
0.0,200.0,0.0,17.0,0.0,0.0,0.0,0.0
0.0,30.0,0.0,22.0,0.0,0.0,0.0,0.0
0.0,30.0,0.0,13.0,0.0,0.0,0.0,0.0
0.0,180.0,0.0,22.0,0.0,0.0,0.0,0.0
0.0,200.0,0.0,11.0,0.0,0.0,0.0,0.0
0.0,30.0,0.0,13.0,0.0,0.0,0.0,0.0
0.0,30.0,0.0,21.0,0.0,0.0,0.0,0.0
0.0,200.0,0.0,17.0,0.0,0.0,0.0,0.0
0.0,60.0,0.0,9.0,0.0,0.0,0.0,0.0
0.0,90.0,0.0,22.0,0.0,0.0,0.0,0.0
0.0,30.0,0.0,19.0,0.0,944.0,0.0,0.0
0.0,30.0,0.0,20.0,0.0,13.0,0.0,0.0
0.0,120.0,0.0,9.0,0.0,0.0,0.0,0.0
0.0,60.0,0.0,20.0,0.0,0.0,0.0,0.0
0.0,200.0,0.0,16.0,0.0,0.0,0.0,0.0
0.0,30.0,0.0,12.0,0.0,0.0,0.0,0.0
0.0,30.0,0.0,8.0,0.0,0.0,0.0,0.0
0.0,30.0,0.0,13.0,0.0,0.0,0.0,0.0
0.0,200.0,0.0,15.0,0.0,0.0,0.0,0.0
0.0,200.0,0.0,9.0,0.0,0.0,0.0,0.0
0.0,200.0,0.0,14.0,0.0,0.0,0.0,0.0
0.0,200.0,0.0,12.0,0.0,0.0,0.0,0.0
0.0,30.0,0.0,12.0,0.0,11.0,0.0,0.0
0.0,30.0,0.0,18.0,0.0,0.0,0.0,0.0
0.0,200.0,0.0,8.0,0.0,0.0,0.0,0.0
0.0,30.0,0.0,17.0,0.0,1.0,0.0,0.0
0.0,200.0,0.0,9.0,0.0,0.0,0.0,0.0
0.0,200.0,0.0,21.0,0.0,0.0,0.0,0.0
0.0,30.0,0.0,20.0,0.0,0.0,0.0,0.0
0.0,200.0,0.0,20.0,0.0,0.0,0.0,0.0
0.0,200.0,0.0,22.0,0.0,0.0,0.0,0.0
0.0,90.0,0.0,9.0,0.0,0.0,0.0,0.0
0.0,60.0,0.0,17.0,0.0,0.0,0.0,0.0
0.0,200.0,0.0,17.0,0.0,0.0,0.0,0.0
0.0,30.0,0.0,16.0,0.0,2474.0,0.0,0.0
0.0,30.0,0.0,15.0,0.0,0.0,0.0,0.0
0.0,30.0,0.0,20.0,0.0,0.0,0.0,0.0
0.0,60.0,0.0,22.0,0.0,0.0,0.0,0.0
0.0,200.0,0.0,7.0,0.0,0.0,0.0,0.0
0.0,30.0,0.0,16.0,0.0,0.0,0.0,0.0
0.0,200.0,0.0,15.0,0.0,0.0,0.0,0.0
0.0,200.0,0.0,12.0,0.0,0.0,0.0,0.0
0.0,200.0,0.0,11.0,0.0,0.0,0.0,0.0
0.0,200.0,0.0,15.0,0.0,0.0,0.0,0.0
0.0,200.0,0.0,19.0,0.0,0.0,0.0,0.0
0.0,120.0,0.0,12.0,0.0,2225.0,0.0,0.0
0.0,30.0,0.0,16.0,0.0,6764.0,0.0,0.0
0.0,60.0,0.0,20.0,0.0,0.0,0.0,0.0
0.0,200.0,0.0,16.0,0.0,0.0,0.0,0.0
0.0,30.0,0.0,11.0,0.0,0.0,0.0,0.0
0.0,200.0,0.0,7.0,0.0,0.0,0.0,0.0
0.0,120.0,0.0,17.0,0.0,0.0,0.0,0.0
0.0,200.0,0.0,7.0,0.0,0.0,0.0,0.0
0.0,200.0,0.0,18.0,0.0,0.0,0.0,0.0
0.0,30.0,0.0,20.0,0.0,0.0,0.0,0.0
0.0,30.0,0.0,21.0,0.0,0.0,0.0,0.0
0.0,120.0,0.0,10.0,0.0,0.0,0.0,0.0
0.0,30.0,0.0,17.0,0.0,0.0,0.0,0.0
0.0,30.0,0.0,12.0,0.0,0.0,0.0,0.0
0.0,30.0,0.0,13.0,0.0,0.0,0.0,0.0
0.0,200.0,0.0,14.0,0.0,0.0,0.0,0.0
0.0,30.0,0.0,14.0,0.0,1.0,0.0,0.0
0.0,60.0,0.0,14.0,0.0,0.0,0.0,0.0
0.0,200.0,0.0,14.0,0.0,0.0,0.0,0.0
0.0,200.0,0.0,7.0,0.0,0.0,0.0,0.0
0.0,200.0,0.0,19.0,0.0,0.0,0.0,0.0
0.0,30.0,0.0,21.0,0.0,0.0,0.0,0.0
0.0,200.0,0.0,22.0,0.0,0.0,0.0,0.0
0.0,30.0,0.0,22.0,0.0,0.0,0.0,0.0
0.0,200.0,0.0,8.0,0.0,0.0,0.0,0.0
0.0,30.0,0.0,15.0,0.0,0.0,0.0,0.0
0.0,200.0,0.0,14.0,0.0,0.0,0.0,0.0
0.0,30.0,0.0,10.0,0.0,0.0,0.0,0.0
0.0,200.0,0.0,8.0,0.0,0.0,0.0,0.0
0.0,30.0,0.0,17.0,0.0,0.0,0.0,0.0
0.0,200.0,0.0,18.0,0.0,0.0,0.0,0.0
0.0,200.0,0.0,18.0,0.0,0.0,0.0,0.0
0.0,180.0,0.0,18.0,0.0,0.0,0.0,0.0
0.0,30.0,0.0,18.0,0.0,0.0,0.0,0.0
0.0,30.0,0.0,13.0,0.0,0.0,0.0,0.0
0.0,30.0,0.0,19.0,0.0,0.0,0.0,0.0
0.0,200.0,0.0,7.0,0.0,0.0,0.0,0.0
0.0,30.0,0.0,17.0,0.0,0.0,0.0,0.0
0.0,30.0,0.0,11.0,0.0,38.0,0.0,0.0
0.0,200.0,0.0,10.0,0.0,0.0,0.0,0.0
0.0,60.0,0.0,8.0,0.0,0.0,0.0,0.0
0.0,180.0,0.0,14.0,0.0,0.0,0.0,0.0
0.0,30.0,0.0,11.0,0.0,0.0,0.0,0.0
0.0,90.0,0.0,12.0,0.0,0.0,0.0,0.0
0.0,200.0,0.0,15.0,0.0,0.0,0.0,0.0
0.0,200.0,0.0,10.0,0.0,0.0,0.0,0.0
0.0,60.0,0.0,10.0,0.0,0.0,0.0,0.0
0.0,30.0,0.0,17.0,0.0,0.0,0.0,0.0
0.0,60.0,0.0,17.0,0.0,0.0,0.0,0.0
0.0,30.0,0.0,8.0,0.0,2.0,0.0,0.0
0.0,30.0,0.0,10.0,0.0,0.0,0.0,0.0
0.0,30.0,0.0,22.0,0.0,0.0,0.0,0.0
0.0,30.0,0.0,8.0,0.0,0.0,9.0,0.0
0.0,200.0,0.0,22.0,0.0,0.0,0.0,0.0
0.0,200.0,0.0,11.0,0.0,0.0,0.0,0.0
0.0,60.0,0.0,11.0,0.0,0.0,0.0,0.0
0.0,200.0,0.0,14.0,0.0,0.0,0.0,0.0
0.0,120.0,0.0,9.0,0.0,0.0,0.0,0.0
0.0,30.0,0.0,14.0,0.0,0.0,0.0,0.0
0.0,180.0,0.0,12.0,0.0,0.0,0.0,0.0
0.0,30.0,0.0,19.0,0.0,0.0,0.0,0.0
0.0,200.0,0.0,21.0,0.0,0.0,0.0,0.0
0.0,200.0,0.0,8.0,0.0,0.0,0.0,0.0
0.0,60.0,0.0,12.0,0.0,0.0,0.0,0.0
0.0,60.0,0.0,10.0,0.0,0.0,0.0,0.0
0.0,60.0,0.0,7.0,0.0,0.0,0.0,0.0
0.0,200.0,0.0,9.0,0.0,0.0,0.0,0.0
0.0,30.0,0.0,9.0,0.0,0.0,0.0,0.0
0.0,200.0,0.0,21.0,0.0,0.0,0.0,0.0
0.0,30.0,0.0,10.0,0.0,0.0,0.0,0.0
0.0,200.0,0.0,11.0,0.0,0.0,0.0,0.0
0.0,200.0,0.0,8.0,0.0,0.0,0.0,0.0
0.0,60.0,0.0,22.0,0.0,0.0,0.0,0.0
0.0,30.0,0.0,7.0,0.0,0.0,0.0,0.0
0.0,200.0,0.0,11.0,0.0,0.0,0.0,0.0
0.0,60.0,0.0,20.0,0.0,0.0,0.0,0.0
0.0,200.0,0.0,12.0,0.0,0.0,0.0,0.0
0.0,30.0,0.0,15.0,0.0,1.0,0.0,0.0
0.0,200.0,0.0,10.0,0.0,0.0,0.0,0.0
0.0,30.0,0.0,22.0,0.0,0.0,0.0,0.0
0.0,180.0,0.0,13.0,0.0,0.0,0.0,0.0
0.0,150.0,0.0,12.0,0.0,0.0,0.0,0.0
0.0,60.0,0.0,18.0,0.0,0.0,0.0,0.0
0.0,120.0,0.0,18.0,0.0,0.0,0.0,0.0
0.0,30.0,0.0,12.0,0.0,0.0,0.0,0.0
0.0,60.0,0.0,9.0,0.0,0.0,0.0,0.0
0.0,200.0,0.0,20.0,0.0,0.0,0.0,0.0
0.0,30.0,0.0,22.0,0.0,0.0,0.0,0.0
0.0,30.0,0.0,9.0,0.0,5595.0,0.0,0.0
0.0,150.0,0.0,21.0,0.0,0.0,0.0,0.0
0.0,30.0,0.0,22.0,0.0,1.0,0.0,0.0
0.0,30.0,0.0,18.0,0.0,0.0,0.0,0.0
0.0,200.0,0.0,14.0,0.0,0.0,0.0,0.0
0.0,200.0,0.0,21.0,0.0,0.0,0.0,0.0
0.0,200.0,0.0,7.0,0.0,0.0,0.0,0.0
0.0,200.0,0.0,12.0,0.0,0.0,0.0,0.0
0.0,200.0,0.0,7.0,0.0,0.0,0.0,0.0
0.0,200.0,0.0,19.0,0.0,0.0,0.0,0.0
0.0,30.0,0.0,21.0,0.0,5.0,0.0,0.0
0.0,200.0,0.0,10.0,0.0,0.0,0.0,0.0
0.0,200.0,0.0,17.0,0.0,0.0,0.0,0.0
0.0,200.0,0.0,10.0,0.0,0.0,0.0,0.0
0.0,30.0,0.0,17.0,0.0,0.0,0.0,0.0
0.0,120.0,0.0,9.0,0.0,0.0,0.0,0.0
0.0,30.0,0.0,15.0,0.0,8.0,0.0,0.0
0.0,200.0,0.0,18.0,0.0,0.0,0.0,0.0
0.0,200.0,0.0,22.0,0.0,0.0,0.0,0.0
0.0,120.0,0.0,21.0,0.0,0.0,0.0,0.0
0.0,30.0,0.0,22.0,0.0,0.0,0.0,0.0
0.0,180.0,0.0,22.0,0.0,0.0,0.0,0.0
0.0,200.0,0.0,17.0,0.0,0.0,0.0,0.0
0.0,90.0,0.0,10.0,0.0,0.0,0.0,0.0
0.0,200.0,0.0,8.0,0.0,0.0,0.0,0.0
0.0,30.0,0.0,15.0,0.0,0.0,0.0,0.0
0.0,30.0,0.0,8.0,0.0,0.0,0.0,0.0
0.0,180.0,0.0,8.0,0.0,0.0,0.0,0.0
0.0,200.0,0.0,18.0,0.0,0.0,0.0,0.0
0.0,200.0,0.0,7.0,0.0,0.0,0.0,0.0
0.0,200.0,0.0,11.0,0.0,0.0,0.0,0.0
0.0,200.0,0.0,14.0,0.0,0.0,0.0,0.0
0.0,30.0,0.0,16.0,0.0,0.0,0.0,0.0
0.0,60.0,0.0,12.0,0.0,0.0,0.0,0.0
0.0,200.0,0.0,7.0,0.0,0.0,0.0,0.0
0.0,200.0,0.0,7.0,0.0,0.0,0.0,0.0
0.0,200.0,0.0,22.0,0.0,0.0,0.0,0.0
0.0,200.0,0.0,12.0,0.0,0.0,0.0,0.0
0.0,30.0,0.0,21.0,0.0,0.0,0.0,0.0
0.0,200.0,0.0,15.0,0.0,0.0,0.0,0.0
0.0,200.0,0.0,14.0,0.0,0.0,0.0,0.0
0.0,60.0,0.0,20.0,0.0,0.0,0.0,0.0
0.0,30.0,0.0,7.0,0.0,0.0,0.0,0.0
0.0,200.0,0.0,17.0,0.0,0.0,0.0,0.0
0.0,200.0,0.0,17.0,0.0,0.0,0.0,0.0
0.0,200.0,0.0,16.0,0.0,0.0,0.0,0.0
0.0,30.0,0.0,8.0,0.0,0.0,0.0,0.0
0.0,200.0,0.0,15.0,0.0,0.0,0.0,0.0
0.0,30.0,0.0,20.0,0.0,0.0,0.0,0.0
0.0,30.0,0.0,7.0,0.0,0.0,0.0,0.0
0.0,30.0,0.0,13.0,0.0,0.0,0.0,0.0
0.0,150.0,0.0,10.0,0.0,0.0,0.0,0.0
0.0,200.0,0.0,20.0,0.0,0.0,0.0,0.0
0.0,150.0,0.0,18.0,0.0,0.0,0.0,0.0
0.0,200.0,0.0,9.0,0.0,0.0,0.0,0.0
0.0,200.0,0.0,17.0,0.0,0.0,0.0,0.0
0.0,30.0,0.0,16.0,0.0,0.0,0.0,0.0
0.0,30.0,0.0,21.0,0.0,0.0,0.0,0.0
0.0,30.0,0.0,7.0,0.0,0.0,0.0,0.0
0.0,120.0,0.0,8.0,0.0,0.0,0.0,0.0
0.0,200.0,0.0,19.0,0.0,0.0,0.0,0.0
0.0,30.0,0.0,12.0,0.0,0.0,0.0,0.0
0.0,200.0,0.0,18.0,0.0,0.0,0.0,0.0
0.0,30.0,0.0,15.0,0.0,0.0,0.0,0.0
0.0,200.0,0.0,14.0,0.0,0.0,0.0,0.0
0.0,30.0,0.0,20.0,0.0,15.0,0.0,0.0
0.0,200.0,0.0,12.0,0.0,0.0,0.0,0.0
0.0,30.0,0.0,17.0,0.0,0.0,0.0,0.0
0.0,200.0,0.0,7.0,0.0,0.0,0.0,0.0
0.0,30.0,0.0,10.0,0.0,1.0,0.0,0.0
0.0,30.0,0.0,11.0,0.0,0.0,0.0,0.0
0.0,200.0,0.0,12.0,0.0,0.0,0.0,0.0
0.0,150.0,0.0,16.0,0.0,0.0,0.0,0.0
0.0,200.0,0.0,11.0,0.0,0.0,0.0,0.0
0.0,60.0,0.0,16.0,0.0,0.0,0.0,0.0
0.0,200.0,0.0,9.0,0.0,0.0,0.0,0.0
0.0,200.0,0.0,19.0,0.0,0.0,0.0,0.0
0.0,60.0,0.0,13.0,0.0,0.0,0.0,0.0
0.0,200.0,0.0,16.0,0.0,0.0,0.0,0.0
0.0,30.0,0.0,17.0,0.0,2.0,0.0,0.0
0.0,120.0,0.0,8.0,0.0,0.0,0.0,0.0
0.0,200.0,0.0,19.0,0.0,0.0,0.0,0.0
0.0,200.0,0.0,12.0,0.0,0.0,0.0,0.0
0.0,150.0,0.0,20.0,0.0,0.0,0.0,0.0
0.0,30.0,0.0,18.0,0.0,0.0,0.0,0.0
0.0,200.0,0.0,9.0,0.0,0.0,0.0,0.0
0.0,200.0,0.0,10.0,0.0,0.0,0.0,0.0
0.0,30.0,0.0,15.0,0.0,20.0,0.0,0.0
0.0,60.0,0.0,21.0,0.0,0.0,0.0,0.0
0.0,90.0,0.0,17.0,0.0,0.0,0.0,0.0
0.0,200.0,0.0,18.0,0.0,0.0,0.0,0.0
0.0,200.0,0.0,17.0,0.0,0.0,0.0,0.0
0.0,200.0,0.0,10.0,0.0,0.0,0.0,0.0
0.0,200.0,0.0,8.0,0.0,0.0,0.0,0.0
0.0,200.0,0.0,22.0,0.0,0.0,0.0,0.0
0.0,200.0,0.0,12.0,0.0,0.0,0.0,0.0
0.0,30.0,0.0,11.0,0.0,1.0,0.0,0.0
0.0,90.0,0.0,10.0,0.0,0.0,0.0,0.0
0.0,90.0,0.0,17.0,0.0,0.0,0.0,0.0
0.0,30.0,0.0,20.0,0.0,0.0,0.0,0.0
0.0,30.0,0.0,9.0,0.0,0.0,0.0,0.0
0.0,200.0,0.0,21.0,0.0,0.0,0.0,0.0
0.0,60.0,0.0,8.0,0.0,0.0,0.0,0.0
0.0,30.0,0.0,18.0,0.0,32.0,0.0,0.0
0.0,200.0,0.0,12.0,0.0,0.0,0.0,0.0
0.0,30.0,0.0,9.0,0.0,26.0,0.0,0.0
0.0,150.0,0.0,10.0,0.0,0.0,0.0,0.0
0.0,200.0,0.0,7.0,0.0,0.0,0.0,0.0
0.0,200.0,0.0,19.0,0.0,0.0,0.0,0.0
0.0,120.0,0.0,15.0,0.0,7200.0,0.0,0.0
0.0,200.0,0.0,21.0,0.0,0.0,0.0,0.0
0.0,200.0,0.0,14.0,0.0,0.0,0.0,0.0
0.0,30.0,0.0,11.0,0.0,5.0,0.0,0.0
0.0,200.0,0.0,7.0,0.0,0.0,0.0,0.0
0.0,120.0,0.0,12.0,0.0,2230.0,0.0,0.0
0.0,200.0,0.0,21.0,0.0,0.0,0.0,0.0
0.0,200.0,0.0,20.0,0.0,0.0,0.0,0.0
0.0,60.0,0.0,10.0,0.0,0.0,0.0,0.0
0.0,30.0,0.0,21.0,0.0,1.0,0.0,0.0
0.0,200.0,0.0,12.0,0.0,0.0,0.0,0.0
0.0,60.0,0.0,15.0,0.0,0.0,0.0,0.0
0.0,30.0,0.0,20.0,0.0,0.0,0.0,0.0
0.0,200.0,0.0,11.0,0.0,0.0,0.0,0.0
0.0,120.0,0.0,14.0,0.0,0.0,0.0,0.0
0.0,30.0,0.0,10.0,0.0,2.0,0.0,0.0
0.0,30.0,0.0,9.0,0.0,0.0,0.0,0.0
0.0,30.0,0.0,16.0,0.0,3.0,0.0,0.0
0.0,120.0,0.0,16.0,0.0,0.0,0.0,0.0
0.0,200.0,0.0,17.0,0.0,0.0,0.0,0.0
0.0,200.0,0.0,16.0,0.0,0.0,0.0,0.0
0.0,30.0,0.0,17.0,0.0,7.0,0.0,0.0
0.0,30.0,0.0,15.0,0.0,1.0,0.0,0.0
0.0,30.0,0.0,14.0,0.0,0.0,0.0,0.0
0.0,30.0,0.0,17.0,0.0,15.0,0.0,0.0
0.0,200.0,0.0,7.0,0.0,0.0,0.0,0.0
0.0,60.0,0.0,9.0,0.0,0.0,0.0,0.0
0.0,200.0,0.0,16.0,0.0,0.0,0.0,0.0
0.0,200.0,0.0,12.0,0.0,0.0,0.0,0.0
0.0,200.0,0.0,22.0,0.0,0.0,0.0,0.0
0.0,200.0,0.0,20.0,0.0,0.0,0.0,0.0
0.0,200.0,0.0,17.0,0.0,0.0,0.0,0.0
0.0,200.0,0.0,21.0,0.0,0.0,0.0,0.0
0.0,60.0,0.0,11.0,0.0,0.0,0.0,0.0
0.0,200.0,0.0,11.0,0.0,0.0,0.0,0.0
0.0,150.0,0.0,8.0,0.0,0.0,0.0,0.0
0.0,200.0,0.0,9.0,0.0,0.0,0.0,0.0
0.0,60.0,0.0,12.0,0.0,0.0,1.0,0.0
0.0,30.0,0.0,18.0,0.0,0.0,0.0,0.0
0.0,200.0,0.0,13.0,0.0,0.0,0.0,0.0
0.0,30.0,0.0,13.0,0.0,0.0,0.0,0.0
0.0,200.0,0.0,14.0,0.0,0.0,0.0,0.0
0.0,200.0,0.0,17.0,0.0,0.0,0.0,0.0
0.0,200.0,0.0,18.0,0.0,0.0,0.0,0.0
0.0,200.0,0.0,16.0,0.0,0.0,0.0,0.0
0.0,30.0,0.0,22.0,0.0,0.0,0.0,0.0
0.0,200.0,0.0,12.0,0.0,0.0,0.0,0.0
0.0,200.0,0.0,7.0,0.0,0.0,0.0,0.0
0.0,180.0,0.0,10.0,0.0,0.0,0.0,0.0
0.0,30.0,0.0,17.0,0.0,3.0,0.0,0.0
0.0,200.0,0.0,10.0,0.0,0.0,0.0,0.0
0.0,60.0,0.0,11.0,0.0,0.0,0.0,0.0
0.0,30.0,0.0,10.0,0.0,0.0,0.0,0.0
0.0,200.0,0.0,13.0,0.0,0.0,0.0,0.0
0.0,200.0,0.0,17.0,0.0,0.0,0.0,0.0
0.0,180.0,0.0,14.0,0.0,0.0,0.0,0.0
0.0,30.0,0.0,15.0,0.0,0.0,0.0,0.0
0.0,30.0,0.0,21.0,0.0,0.0,0.0,0.0
0.0,30.0,0.0,10.0,0.0,0.0,0.0,0.0
0.0,30.0,0.0,14.0,0.0,0.0,0.0,0.0
0.0,60.0,0.0,19.0,0.0,0.0,0.0,0.0
0.0,200.0,0.0,8.0,0.0,0.0,0.0,0.0
0.0,60.0,0.0,15.0,0.0,0.0,0.0,0.0
0.0,30.0,0.0,18.0,0.0,0.0,0.0,0.0
0.0,30.0,0.0,16.0,0.0,140.0,0.0,0.0
0.0,120.0,0.0,12.0,0.0,7055.0,0.0,0.0
0.0,200.0,0.0,16.0,0.0,0.0,0.0,0.0
0.0,200.0,0.0,17.0,0.0,0.0,0.0,0.0
0.0,30.0,0.0,19.0,0.0,0.0,0.0,0.0
0.0,30.0,0.0,9.0,0.0,0.0,0.0,0.0
0.0,60.0,0.0,22.0,0.0,0.0,0.0,0.0
0.0,30.0,0.0,11.0,0.0,5.0,0.0,0.0
0.0,30.0,0.0,7.0,0.0,7.0,0.0,0.0
0.0,200.0,0.0,21.0,0.0,0.0,0.0,0.0
0.0,200.0,0.0,16.0,0.0,0.0,0.0,0.0
0.0,90.0,0.0,7.0,0.0,0.0,0.0,0.0
0.0,200.0,0.0,11.0,0.0,0.0,0.0,0.0
0.0,200.0,0.0,17.0,0.0,0.0,0.0,0.0
0.0,200.0,0.0,9.0,0.0,0.0,0.0,0.0
0.0,200.0,0.0,21.0,0.0,0.0,0.0,0.0
0.0,30.0,0.0,7.0,0.0,0.0,0.0,0.0
0.0,60.0,0.0,16.0,0.0,0.0,0.0,0.0
0.0,60.0,0.0,20.0,0.0,0.0,0.0,0.0
0.0,180.0,0.0,13.0,0.0,0.0,0.0,0.0
0.0,90.0,0.0,15.0,0.0,0.0,0.0,0.0
0.0,200.0,0.0,16.0,0.0,0.0,0.0,0.0
0.0,30.0,0.0,7.0,0.0,1.0,0.0,0.0
0.0,200.0,0.0,8.0,0.0,0.0,0.0,0.0
0.0,60.0,0.0,9.0,0.0,0.0,0.0,0.0
0.0,200.0,0.0,19.0,0.0,0.0,0.0,0.0
0.0,200.0,0.0,12.0,0.0,0.0,0.0,0.0
0.0,60.0,0.0,16.0,0.0,0.0,0.0,0.0
0.0,180.0,0.0,14.0,0.0,0.0,0.0,0.0
0.0,60.0,0.0,20.0,0.0,0.0,0.0,0.0
0.0,200.0,0.0,8.0,0.0,0.0,0.0,0.0
0.0,180.0,0.0,17.0,0.0,0.0,0.0,0.0
0.0,200.0,0.0,14.0,0.0,0.0,0.0,0.0
0.0,60.0,0.0,18.0,0.0,0.0,0.0,0.0
0.0,30.0,0.0,10.0,0.0,0.0,0.0,0.0
0.0,200.0,0.0,19.0,0.0,0.0,0.0,0.0
0.0,30.0,0.0,16.0,0.0,0.0,0.0,0.0
0.0,30.0,0.0,8.0,0.0,0.0,0.0,0.0
0.0,60.0,0.0,22.0,0.0,0.0,0.0,0.0
0.0,60.0,0.0,14.0,0.0,0.0,0.0,0.0
0.0,200.0,0.0,20.0,0.0,0.0,0.0,0.0
0.0,30.0,0.0,12.0,0.0,0.0,0.0,0.0
0.0,90.0,0.0,8.0,0.0,0.0,0.0,0.0
0.0,30.0,0.0,11.0,0.0,0.0,0.0,0.0
0.0,60.0,0.0,22.0,0.0,0.0,1.0,0.0
0.0,90.0,0.0,15.0,0.0,2.0,0.0,0.0
0.0,200.0,0.0,10.0,0.0,0.0,0.0,0.0
0.0,200.0,0.0,17.0,0.0,0.0,0.0,0.0
0.0,150.0,0.0,8.0,0.0,0.0,0.0,0.0
0.0,200.0,0.0,8.0,0.0,0.0,0.0,0.0
0.0,200.0,0.0,19.0,0.0,0.0,0.0,0.0
0.0,200.0,0.0,17.0,0.0,0.0,0.0,0.0
0.0,30.0,0.0,16.0,0.0,1985.0,0.0,0.0
0.0,200.0,0.0,7.0,0.0,0.0,0.0,0.0
0.0,200.0,0.0,21.0,0.0,0.0,0.0,0.0
0.0,200.0,0.0,21.0,0.0,0.0,0.0,0.0
0.0,200.0,0.0,8.0,0.0,0.0,0.0,0.0
0.0,150.0,0.0,20.0,0.0,0.0,0.0,0.0
0.0,60.0,0.0,15.0,0.0,0.0,0.0,0.0
0.0,30.0,0.0,18.0,0.0,911.0,0.0,0.0
0.0,30.0,0.0,7.0,0.0,0.0,0.0,0.0
0.0,200.0,0.0,16.0,0.0,0.0,0.0,0.0
0.0,60.0,0.0,10.0,0.0,0.0,0.0,0.0
0.0,30.0,0.0,14.0,0.0,24.0,0.0,0.0
0.0,30.0,0.0,22.0,0.0,252.0,0.0,0.0
0.0,200.0,0.0,12.0,0.0,0.0,0.0,0.0
0.0,30.0,0.0,12.0,0.0,7200.0,0.0,0.0
0.0,60.0,0.0,7.0,0.0,0.0,0.0,0.0
0.0,200.0,0.0,17.0,0.0,0.0,0.0,0.0
0.0,200.0,0.0,14.0,0.0,0.0,0.0,0.0
0.0,200.0,0.0,16.0,0.0,0.0,0.0,0.0
0.0,30.0,0.0,22.0,0.0,0.0,0.0,0.0
0.0,200.0,0.0,8.0,0.0,0.0,0.0,0.0
0.0,30.0,0.0,7.0,0.0,0.0,0.0,0.0
0.0,30.0,0.0,9.0,0.0,0.0,0.0,0.0
0.0,200.0,0.0,17.0,0.0,0.0,0.0,0.0
0.0,200.0,0.0,20.0,0.0,0.0,0.0,0.0
0.0,30.0,0.0,16.0,0.0,0.0,5.0,0.0
0.0,60.0,0.0,15.0,0.0,2.0,0.0,0.0
0.0,30.0,0.0,11.0,0.0,0.0,0.0,0.0
0.0,30.0,0.0,18.0,0.0,0.0,0.0,0.0
0.0,200.0,0.0,8.0,0.0,0.0,0.0,0.0
0.0,200.0,0.0,7.0,0.0,0.0,0.0,0.0
0.0,200.0,0.0,19.0,0.0,0.0,0.0,0.0
0.0,200.0,0.0,17.0,0.0,0.0,0.0,0.0
0.0,30.0,0.0,16.0,0.0,0.0,0.0,0.0
0.0,90.0,0.0,8.0,0.0,297.0,0.0,0.0
0.0,60.0,0.0,8.0,0.0,0.0,0.0,0.0
0.0,30.0,0.0,22.0,0.0,0.0,0.0,0.0
0.0,200.0,0.0,11.0,0.0,0.0,0.0,0.0
0.0,30.0,0.0,14.0,0.0,0.0,0.0,0.0
0.0,200.0,0.0,12.0,0.0,0.0,0.0,0.0
0.0,200.0,0.0,18.0,0.0,0.0,0.0,0.0
0.0,200.0,0.0,18.0,0.0,0.0,0.0,0.0
0.0,200.0,0.0,9.0,0.0,0.0,0.0,0.0
0.0,200.0,0.0,9.0,0.0,0.0,0.0,0.0
0.0,60.0,0.0,20.0,0.0,0.0,0.0,0.0
0.0,180.0,0.0,21.0,0.0,0.0,0.0,0.0
0.0,30.0,0.0,14.0,0.0,0.0,0.0,0.0
0.0,200.0,0.0,21.0,0.0,0.0,0.0,0.0
0.0,30.0,0.0,22.0,0.0,0.0,9.0,0.0
0.0,200.0,0.0,16.0,0.0,0.0,0.0,0.0
0.0,60.0,0.0,11.0,0.0,0.0,0.0,0.0
0.0,200.0,0.0,9.0,0.0,0.0,0.0,0.0
0.0,200.0,0.0,9.0,0.0,0.0,0.0,0.0
0.0,200.0,0.0,15.0,0.0,0.0,0.0,0.0
0.0,30.0,0.0,19.0,0.0,0.0,0.0,0.0
0.0,200.0,0.0,20.0,0.0,0.0,0.0,0.0
0.0,200.0,0.0,19.0,0.0,0.0,0.0,0.0
0.0,200.0,0.0,11.0,0.0,0.0,0.0,0.0
0.0,90.0,0.0,22.0,0.0,0.0,0.0,0.0
0.0,200.0,0.0,15.0,0.0,0.0,0.0,0.0
0.0,200.0,0.0,16.0,0.0,0.0,0.0,0.0
0.0,30.0,0.0,22.0,0.0,20.0,0.0,0.0
0.0,30.0,0.0,20.0,0.0,0.0,0.0,0.0
0.0,30.0,0.0,11.0,0.0,6011.0,0.0,0.0
0.0,30.0,0.0,18.0,0.0,0.0,0.0,0.0
0.0,200.0,0.0,7.0,0.0,0.0,0.0,0.0
0.0,60.0,0.0,17.0,0.0,0.0,0.0,0.0
0.0,200.0,0.0,15.0,0.0,0.0,0.0,0.0
0.0,200.0,0.0,19.0,0.0,0.0,0.0,0.0
0.0,200.0,0.0,8.0,0.0,0.0,0.0,0.0
0.0,60.0,0.0,8.0,0.0,0.0,0.0,0.0
0.0,30.0,0.0,9.0,0.0,0.0,0.0,0.0
0.0,200.0,0.0,15.0,0.0,0.0,0.0,0.0
0.0,200.0,0.0,17.0,0.0,0.0,0.0,0.0
0.0,60.0,0.0,11.0,0.0,0.0,0.0,0.0
0.0,200.0,0.0,22.0,0.0,0.0,0.0,0.0
0.0,200.0,0.0,20.0,0.0,0.0,0.0,0.0
0.0,150.0,0.0,14.0,0.0,0.0,0.0,0.0
0.0,200.0,0.0,11.0,0.0,0.0,0.0,0.0
0.0,30.0,0.0,17.0,0.0,0.0,0.0,0.0
0.0,200.0,0.0,18.0,0.0,0.0,0.0,0.0
0.0,200.0,0.0,14.0,0.0,0.0,0.0,0.0
0.0,200.0,0.0,13.0,0.0,0.0,0.0,0.0
0.0,150.0,0.0,9.0,0.0,0.0,0.0,0.0
0.0,30.0,0.0,9.0,0.0,0.0,0.0,0.0
0.0,200.0,0.0,14.0,0.0,0.0,0.0,0.0
0.0,30.0,0.0,7.0,0.0,0.0,0.0,0.0
0.0,200.0,0.0,22.0,0.0,0.0,0.0,0.0
0.0,30.0,0.0,13.0,0.0,0.0,0.0,0.0
0.0,120.0,0.0,17.0,0.0,0.0,0.0,0.0
0.0,30.0,0.0,10.0,0.0,0.0,0.0,0.0
0.0,30.0,0.0,10.0,0.0,0.0,0.0,0.0
0.0,200.0,0.0,11.0,0.0,0.0,0.0,0.0
0.0,200.0,0.0,22.0,0.0,0.0,0.0,0.0
0.0,200.0,0.0,8.0,0.0,0.0,0.0,0.0
0.0,60.0,0.0,17.0,0.0,0.0,0.0,0.0
0.0,90.0,0.0,9.0,0.0,0.0,0.0,0.0
0.0,200.0,0.0,10.0,0.0,0.0,0.0,0.0
0.0,60.0,0.0,13.0,0.0,0.0,0.0,0.0
0.0,120.0,0.0,14.0,0.0,0.0,0.0,0.0
0.0,30.0,0.0,17.0,0.0,0.0,0.0,0.0
0.0,200.0,0.0,9.0,0.0,0.0,0.0,0.0
0.0,30.0,0.0,16.0,0.0,0.0,0.0,0.0
0.0,120.0,0.0,19.0,0.0,7200.0,0.0,0.0
0.0,30.0,0.0,18.0,0.0,210.0,0.0,0.0
0.0,200.0,0.0,15.0,0.0,0.0,0.0,0.0
0.0,30.0,0.0,9.0,0.0,1.0,0.0,0.0
0.0,200.0,0.0,16.0,0.0,0.0,0.0,0.0
0.0,30.0,0.0,15.0,0.0,0.0,0.0,0.0
0.0,30.0,0.0,7.0,0.0,0.0,0.0,0.0
0.0,180.0,0.0,21.0,0.0,0.0,0.0,0.0
0.0,60.0,0.0,16.0,0.0,0.0,0.0,0.0
0.0,30.0,0.0,21.0,0.0,0.0,0.0,0.0
0.0,30.0,0.0,15.0,0.0,0.0,0.0,0.0
0.0,60.0,0.0,7.0,0.0,0.0,0.0,0.0
0.0,90.0,0.0,20.0,0.0,0.0,0.0,0.0
0.0,30.0,0.0,16.0,0.0,0.0,0.0,0.0
0.0,30.0,0.0,9.0,0.0,0.0,0.0,0.0
0.0,120.0,0.0,10.0,0.0,0.0,0.0,0.0
0.0,30.0,0.0,7.0,0.0,3.0,0.0,0.0
0.0,30.0,0.0,15.0,0.0,7200.0,0.0,0.0
0.0,200.0,0.0,10.0,0.0,0.0,0.0,0.0
0.0,90.0,0.0,10.0,0.0,0.0,0.0,0.0
0.0,30.0,0.0,11.0,0.0,236.0,0.0,0.0
0.0,30.0,0.0,22.0,0.0,688.0,0.0,0.0
0.0,200.0,0.0,8.0,0.0,0.0,0.0,0.0
0.0,30.0,0.0,9.0,0.0,0.0,0.0,0.0
0.0,60.0,0.0,22.0,0.0,0.0,1.0,0.0
0.0,60.0,0.0,8.0,0.0,0.0,0.0,0.0
0.0,180.0,0.0,22.0,0.0,0.0,0.0,0.0
0.0,30.0,0.0,8.0,0.0,0.0,0.0,0.0
0.0,200.0,0.0,12.0,0.0,0.0,0.0,0.0
0.0,90.0,0.0,8.0,0.0,0.0,0.0,0.0
0.0,180.0,0.0,21.0,0.0,0.0,0.0,0.0
0.0,150.0,0.0,10.0,0.0,0.0,0.0,0.0
0.0,200.0,0.0,12.0,0.0,0.0,0.0,0.0
0.0,150.0,0.0,17.0,0.0,0.0,0.0,0.0
0.0,120.0,0.0,13.0,0.0,0.0,0.0,0.0
0.0,30.0,0.0,16.0,0.0,0.0,0.0,0.0
0.0,200.0,0.0,21.0,0.0,0.0,0.0,0.0
0.0,200.0,0.0,20.0,0.0,0.0,0.0,0.0
0.0,60.0,0.0,10.0,0.0,7.0,0.0,0.0
0.0,120.0,0.0,8.0,0.0,0.0,0.0,0.0
0.0,200.0,0.0,11.0,0.0,0.0,0.0,0.0
0.0,200.0,0.0,15.0,0.0,0.0,0.0,0.0
0.0,60.0,0.0,12.0,0.0,0.0,0.0,0.0
0.0,30.0,0.0,21.0,0.0,0.0,0.0,0.0
0.0,200.0,0.0,22.0,0.0,0.0,0.0,0.0
0.0,200.0,0.0,18.0,0.0,0.0,0.0,0.0
0.0,200.0,0.0,9.0,0.0,0.0,0.0,0.0
0.0,200.0,0.0,10.0,0.0,0.0,0.0,0.0
0.0,30.0,0.0,17.0,0.0,0.0,0.0,0.0
0.0,200.0,0.0,21.0,0.0,0.0,0.0,0.0
0.0,30.0,0.0,10.0,0.0,10.0,0.0,0.0
0.0,30.0,0.0,18.0,0.0,15.0,0.0,0.0
0.0,90.0,0.0,21.0,0.0,0.0,0.0,0.0
0.0,30.0,0.0,11.0,0.0,0.0,0.0,0.0
0.0,30.0,0.0,18.0,0.0,0.0,0.0,0.0
0.0,30.0,0.0,7.0,0.0,10.0,0.0,0.0
0.0,60.0,0.0,13.0,0.0,0.0,0.0,0.0
0.0,30.0,0.0,11.0,0.0,5.0,0.0,0.0
0.0,30.0,0.0,8.0,0.0,0.0,0.0,0.0
0.0,200.0,0.0,9.0,0.0,0.0,0.0,0.0
0.0,30.0,0.0,8.0,0.0,3.0,0.0,0.0
0.0,200.0,0.0,10.0,0.0,0.0,0.0,0.0
0.0,200.0,0.0,22.0,0.0,0.0,0.0,0.0
0.0,180.0,0.0,8.0,0.0,0.0,0.0,0.0
0.0,200.0,0.0,11.0,0.0,0.0,0.0,0.0
0.0,30.0,0.0,21.0,0.0,0.0,0.0,0.0
0.0,200.0,0.0,7.0,0.0,0.0,0.0,0.0
0.0,30.0,0.0,15.0,0.0,0.0,0.0,0.0
0.0,200.0,0.0,9.0,0.0,0.0,0.0,0.0
0.0,30.0,0.0,19.0,0.0,138.0,0.0,0.0
0.0,200.0,0.0,14.0,0.0,0.0,0.0,0.0
0.0,30.0,0.0,9.0,0.0,0.0,0.0,0.0
0.0,30.0,0.0,21.0,0.0,6484.0,0.0,0.0
0.0,200.0,0.0,19.0,0.0,0.0,0.0,0.0
0.0,200.0,0.0,10.0,0.0,0.0,0.0,0.0
0.0,200.0,0.0,7.0,0.0,0.0,0.0,0.0
0.0,200.0,0.0,13.0,0.0,0.0,0.0,0.0
0.0,200.0,0.0,12.0,0.0,0.0,0.0,0.0
0.0,30.0,0.0,14.0,0.0,0.0,0.0,0.0
0.0,30.0,0.0,15.0,0.0,0.0,0.0,0.0
0.0,30.0,0.0,11.0,0.0,0.0,0.0,0.0
0.0,60.0,0.0,21.0,0.0,0.0,0.0,0.0
0.0,30.0,0.0,9.0,0.0,7200.0,0.0,0.0
0.0,200.0,0.0,7.0,0.0,0.0,0.0,0.0
0.0,30.0,0.0,22.0,0.0,1.0,0.0,0.0
0.0,60.0,0.0,16.0,0.0,0.0,0.0,0.0
0.0,90.0,0.0,8.0,0.0,0.0,0.0,0.0
0.0,120.0,0.0,14.0,0.0,0.0,0.0,0.0
0.0,30.0,0.0,9.0,0.0,0.0,0.0,0.0
0.0,200.0,0.0,12.0,0.0,0.0,0.0,0.0
0.0,90.0,0.0,22.0,0.0,0.0,0.0,0.0
0.0,180.0,0.0,11.0,0.0,0.0,0.0,0.0
0.0,30.0,0.0,21.0,0.0,1940.0,0.0,0.0
0.0,30.0,0.0,8.0,0.0,2.0,0.0,0.0
0.0,200.0,0.0,19.0,0.0,0.0,0.0,0.0
0.0,200.0,0.0,20.0,0.0,0.0,0.0,0.0
0.0,200.0,0.0,17.0,0.0,0.0,0.0,0.0
0.0,90.0,0.0,14.0,0.0,0.0,0.0,0.0
0.0,90.0,0.0,13.0,0.0,0.0,0.0,0.0
0.0,30.0,0.0,11.0,0.0,0.0,0.0,0.0
0.0,60.0,0.0,22.0,0.0,0.0,0.0,0.0
0.0,30.0,0.0,18.0,0.0,0.0,0.0,0.0
0.0,150.0,0.0,13.0,0.0,0.0,0.0,0.0
0.0,200.0,0.0,16.0,0.0,0.0,0.0,0.0
0.0,200.0,0.0,22.0,0.0,0.0,0.0,0.0
0.0,30.0,0.0,18.0,0.0,0.0,0.0,0.0
0.0,120.0,0.0,19.0,0.0,0.0,0.0,0.0
0.0,200.0,0.0,20.0,0.0,0.0,0.0,0.0
0.0,200.0,0.0,15.0,0.0,0.0,0.0,0.0
0.0,30.0,0.0,12.0,0.0,1.0,0.0,0.0
0.0,30.0,0.0,8.0,0.0,0.0,0.0,0.0
0.0,30.0,0.0,17.0,0.0,2.0,0.0,0.0
0.0,200.0,0.0,9.0,0.0,0.0,0.0,0.0
0.0,60.0,0.0,22.0,0.0,0.0,0.0,0.0
0.0,60.0,0.0,20.0,0.0,0.0,0.0,0.0
0.0,200.0,0.0,10.0,0.0,0.0,0.0,0.0
0.0,30.0,0.0,13.0,0.0,0.0,0.0,0.0
0.0,200.0,0.0,20.0,0.0,0.0,0.0,0.0
0.0,30.0,0.0,14.0,0.0,0.0,0.0,0.0
0.0,150.0,0.0,8.0,0.0,0.0,0.0,0.0
0.0,30.0,0.0,7.0,0.0,1.0,0.0,0.0
0.0,30.0,0.0,14.0,0.0,1.0,0.0,0.0
0.0,200.0,0.0,19.0,0.0,0.0,0.0,0.0
0.0,30.0,0.0,21.0,0.0,0.0,0.0,0.0
0.0,30.0,0.0,18.0,0.0,111.0,0.0,0.0
0.0,200.0,0.0,21.0,0.0,0.0,0.0,0.0
0.0,200.0,0.0,22.0,0.0,0.0,0.0,0.0
0.0,30.0,0.0,17.0,0.0,0.0,0.0,0.0
0.0,120.0,0.0,19.0,0.0,0.0,0.0,0.0
0.0,200.0,0.0,9.0,0.0,0.0,0.0,0.0
0.0,60.0,0.0,19.0,0.0,0.0,0.0,0.0
0.0,200.0,0.0,16.0,0.0,0.0,0.0,0.0
0.0,120.0,0.0,21.0,0.0,0.0,0.0,0.0
0.0,30.0,0.0,13.0,0.0,21.0,0.0,0.0
0.0,120.0,0.0,9.0,0.0,0.0,0.0,0.0
0.0,200.0,0.0,18.0,0.0,0.0,0.0,0.0
0.0,30.0,0.0,16.0,0.0,0.0,0.0,0.0
0.0,90.0,0.0,22.0,0.0,0.0,0.0,0.0
0.0,200.0,0.0,8.0,0.0,0.0,0.0,0.0
0.0,200.0,0.0,19.0,0.0,0.0,0.0,0.0
0.0,200.0,0.0,10.0,0.0,0.0,0.0,0.0
0.0,90.0,0.0,12.0,0.0,0.0,0.0,0.0
0.0,30.0,0.0,17.0,0.0,2049.0,0.0,0.0
0.0,30.0,0.0,22.0,0.0,550.0,0.0,0.0
0.0,90.0,0.0,21.0,0.0,0.0,0.0,0.0
0.0,200.0,0.0,7.0,0.0,0.0,0.0,0.0
0.0,200.0,0.0,16.0,0.0,0.0,0.0,0.0
0.0,200.0,0.0,17.0,0.0,0.0,0.0,0.0
0.0,30.0,0.0,9.0,0.0,0.0,0.0,0.0
0.0,200.0,0.0,8.0,0.0,0.0,0.0,0.0
0.0,200.0,0.0,17.0,0.0,0.0,0.0,0.0
0.0,200.0,0.0,15.0,0.0,0.0,0.0,0.0
0.0,200.0,0.0,12.0,0.0,0.0,0.0,0.0
0.0,200.0,0.0,9.0,0.0,0.0,0.0,0.0
0.0,120.0,0.0,17.0,0.0,0.0,0.0,0.0
0.0,200.0,0.0,13.0,0.0,0.0,0.0,0.0
0.0,200.0,0.0,22.0,0.0,0.0,0.0,0.0
0.0,30.0,0.0,20.0,0.0,1.0,0.0,0.0
0.0,200.0,0.0,8.0,0.0,0.0,0.0,0.0
0.0,200.0,0.0,13.0,0.0,0.0,0.0,0.0
0.0,150.0,0.0,10.0,0.0,0.0,0.0,0.0
0.0,30.0,0.0,18.0,0.0,0.0,0.0,0.0
0.0,200.0,0.0,21.0,0.0,0.0,0.0,0.0
0.0,150.0,0.0,17.0,0.0,0.0,0.0,0.0
0.0,30.0,0.0,22.0,0.0,4335.0,0.0,0.0
0.0,30.0,0.0,7.0,0.0,0.0,0.0,0.0
0.0,200.0,0.0,15.0,0.0,0.0,0.0,0.0
0.0,60.0,0.0,20.0,0.0,6247.0,0.0,0.0
0.0,150.0,0.0,16.0,0.0,0.0,0.0,0.0
0.0,90.0,0.0,15.0,0.0,0.0,0.0,0.0
0.0,30.0,0.0,22.0,0.0,7200.0,0.0,0.0
0.0,200.0,0.0,13.0,0.0,0.0,0.0,0.0
1.0,30.0,0.0,12.0,0.0,3075.0,0.0,0.0
0.0,200.0,0.0,8.0,0.0,0.0,0.0,0.0
0.0,90.0,0.0,19.0,0.0,0.0,0.0,0.0
0.0,60.0,0.0,10.0,0.0,0.0,0.0,0.0
0.0,120.0,0.0,8.0,0.0,0.0,0.0,0.0
0.0,150.0,0.0,12.0,0.0,0.0,0.0,0.0
0.0,30.0,0.0,16.0,0.0,0.0,6.0,0.0
0.0,90.0,0.0,19.0,0.0,0.0,0.0,0.0
0.0,200.0,0.0,8.0,0.0,0.0,0.0,0.0
0.0,180.0,0.0,13.0,0.0,0.0,0.0,0.0
0.0,200.0,0.0,20.0,0.0,0.0,0.0,0.0
0.0,30.0,0.0,22.0,0.0,0.0,0.0,0.0
0.0,30.0,0.0,12.0,0.0,0.0,0.0,0.0
0.0,30.0,0.0,17.0,0.0,0.0,0.0,0.0
0.0,200.0,0.0,8.0,0.0,0.0,0.0,0.0
0.0,200.0,0.0,16.0,0.0,0.0,0.0,0.0
0.0,30.0,0.0,9.0,0.0,0.0,0.0,0.0
0.0,200.0,0.0,18.0,0.0,0.0,0.0,0.0
0.0,60.0,0.0,15.0,0.0,0.0,0.0,0.0
0.0,60.0,0.0,19.0,0.0,0.0,1.0,0.0
0.0,60.0,0.0,10.0,0.0,28.0,0.0,0.0
0.0,60.0,0.0,20.0,0.0,0.0,0.0,0.0
0.0,200.0,0.0,9.0,0.0,0.0,0.0,0.0
0.0,200.0,0.0,19.0,0.0,0.0,0.0,0.0
0.0,200.0,0.0,11.0,0.0,0.0,0.0,0.0
0.0,180.0,0.0,12.0,0.0,0.0,0.0,0.0
0.0,200.0,0.0,16.0,0.0,0.0,0.0,0.0
0.0,200.0,0.0,20.0,0.0,0.0,0.0,0.0
0.0,200.0,0.0,14.0,0.0,0.0,0.0,0.0
0.0,30.0,0.0,18.0,0.0,0.0,0.0,0.0
0.0,60.0,0.0,19.0,0.0,0.0,0.0,0.0
0.0,30.0,0.0,19.0,0.0,2476.0,0.0,0.0
0.0,200.0,0.0,13.0,0.0,0.0,0.0,0.0
0.0,30.0,0.0,7.0,0.0,0.0,0.0,0.0
0.0,30.0,0.0,11.0,0.0,0.0,0.0,0.0
0.0,200.0,0.0,21.0,0.0,0.0,0.0,0.0
0.0,200.0,0.0,16.0,0.0,0.0,0.0,0.0
0.0,200.0,0.0,7.0,0.0,0.0,0.0,0.0
0.0,30.0,0.0,12.0,0.0,0.0,0.0,0.0
0.0,30.0,0.0,8.0,0.0,0.0,0.0,0.0
0.0,60.0,0.0,19.0,0.0,0.0,0.0,0.0
0.0,120.0,0.0,13.0,0.0,0.0,0.0,0.0
0.0,30.0,0.0,21.0,0.0,310.0,0.0,0.0
0.0,200.0,0.0,18.0,0.0,0.0,0.0,0.0
0.0,200.0,0.0,14.0,0.0,0.0,0.0,0.0
0.0,200.0,0.0,15.0,0.0,0.0,0.0,0.0
0.0,200.0,0.0,18.0,0.0,0.0,0.0,0.0
0.0,60.0,0.0,20.0,0.0,0.0,0.0,0.0
0.0,30.0,0.0,9.0,0.0,0.0,0.0,0.0
0.0,60.0,0.0,17.0,0.0,2.0,0.0,0.0
0.0,200.0,0.0,18.0,0.0,0.0,0.0,0.0
0.0,200.0,0.0,20.0,0.0,0.0,0.0,0.0
0.0,90.0,0.0,7.0,0.0,0.0,0.0,0.0
0.0,60.0,0.0,18.0,0.0,1.0,0.0,0.0
0.0,200.0,0.0,16.0,0.0,0.0,0.0,0.0
0.0,200.0,0.0,16.0,0.0,0.0,0.0,0.0
0.0,180.0,0.0,16.0,0.0,0.0,0.0,0.0
0.0,200.0,0.0,15.0,0.0,0.0,0.0,0.0
0.0,200.0,0.0,9.0,0.0,0.0,0.0,0.0
0.0,200.0,0.0,20.0,0.0,0.0,0.0,0.0
0.0,30.0,0.0,16.0,0.0,29.0,0.0,0.0
0.0,200.0,0.0,22.0,0.0,0.0,0.0,0.0
0.0,30.0,0.0,9.0,0.0,0.0,0.0,0.0
0.0,200.0,1.0,9.0,0.0,0.0,0.0,0.0
0.0,200.0,0.0,19.0,0.0,0.0,0.0,0.0
0.0,90.0,0.0,9.0,0.0,0.0,0.0,0.0
0.0,200.0,0.0,13.0,0.0,0.0,0.0,0.0
0.0,30.0,0.0,17.0,0.0,2.0,0.0,0.0
0.0,30.0,0.0,22.0,0.0,0.0,0.0,0.0
0.0,30.0,0.0,9.0,0.0,0.0,0.0,0.0
0.0,200.0,0.0,22.0,0.0,0.0,0.0,0.0
0.0,30.0,0.0,16.0,0.0,0.0,0.0,0.0
0.0,30.0,0.0,13.0,0.0,0.0,0.0,0.0
0.0,200.0,0.0,17.0,0.0,0.0,0.0,0.0
0.0,30.0,0.0,19.0,0.0,0.0,0.0,0.0
0.0,90.0,0.0,8.0,0.0,0.0,0.0,0.0
0.0,200.0,0.0,14.0,0.0,0.0,0.0,0.0
0.0,200.0,0.0,7.0,0.0,0.0,0.0,0.0
0.0,200.0,0.0,17.0,0.0,0.0,0.0,0.0
0.0,60.0,0.0,22.0,0.0,0.0,0.0,0.0
0.0,30.0,0.0,21.0,0.0,0.0,0.0,0.0
0.0,200.0,0.0,16.0,0.0,0.0,0.0,0.0
0.0,200.0,0.0,15.0,0.0,0.0,0.0,0.0
0.0,150.0,0.0,7.0,0.0,96.0,0.0,0.0
0.0,200.0,0.0,7.0,0.0,0.0,0.0,0.0
0.0,200.0,0.0,13.0,0.0,0.0,0.0,0.0
0.0,200.0,0.0,12.0,0.0,0.0,0.0,0.0
0.0,200.0,0.0,19.0,0.0,0.0,0.0,0.0
0.0,200.0,0.0,16.0,0.0,0.0,0.0,0.0
0.0,200.0,0.0,17.0,0.0,0.0,0.0,0.0
0.0,60.0,0.0,20.0,0.0,0.0,0.0,0.0
0.0,30.0,0.0,13.0,0.0,0.0,0.0,0.0
0.0,200.0,0.0,15.0,0.0,0.0,0.0,0.0
0.0,60.0,0.0,17.0,0.0,0.0,0.0,0.0
0.0,60.0,0.0,10.0,0.0,0.0,0.0,0.0
0.0,30.0,0.0,11.0,0.0,0.0,0.0,0.0
0.0,30.0,0.0,8.0,0.0,0.0,0.0,0.0
0.0,200.0,0.0,14.0,0.0,0.0,0.0,0.0
0.0,30.0,0.0,7.0,0.0,0.0,0.0,0.0
0.0,30.0,0.0,20.0,0.0,0.0,0.0,0.0
0.0,150.0,0.0,8.0,0.0,0.0,0.0,0.0
0.0,200.0,0.0,8.0,0.0,0.0,0.0,0.0
0.0,30.0,0.0,14.0,0.0,38.0,0.0,0.0
0.0,30.0,0.0,13.0,0.0,0.0,0.0,0.0
0.0,200.0,0.0,20.0,0.0,0.0,0.0,0.0
0.0,60.0,0.0,13.0,0.0,0.0,0.0,0.0
0.0,30.0,0.0,10.0,0.0,0.0,0.0,0.0
0.0,30.0,0.0,19.0,0.0,0.0,0.0,0.0
0.0,200.0,0.0,19.0,0.0,0.0,0.0,0.0
0.0,180.0,0.0,11.0,0.0,0.0,0.0,0.0
0.0,30.0,0.0,17.0,0.0,0.0,0.0,0.0
0.0,200.0,0.0,11.0,0.0,0.0,0.0,0.0
0.0,150.0,0.0,17.0,0.0,0.0,0.0,0.0
0.0,30.0,0.0,17.0,0.0,0.0,0.0,0.0
0.0,150.0,0.0,8.0,0.0,0.0,0.0,0.0
0.0,30.0,0.0,18.0,0.0,0.0,0.0,0.0
0.0,30.0,0.0,19.0,0.0,6.0,0.0,0.0
0.0,200.0,0.0,12.0,0.0,0.0,0.0,0.0
0.0,200.0,0.0,10.0,0.0,0.0,0.0,0.0
0.0,60.0,0.0,14.0,0.0,0.0,0.0,0.0
0.0,120.0,0.0,22.0,0.0,0.0,0.0,0.0
0.0,30.0,0.0,10.0,0.0,30.0,0.0,0.0
0.0,30.0,0.0,9.0,0.0,5.0,0.0,0.0
0.0,200.0,0.0,7.0,0.0,0.0,0.0,0.0
0.0,30.0,0.0,22.0,0.0,0.0,0.0,0.0
0.0,200.0,0.0,9.0,0.0,0.0,0.0,0.0
0.0,200.0,0.0,14.0,0.0,0.0,0.0,0.0
0.0,60.0,0.0,19.0,0.0,0.0,0.0,0.0
0.0,30.0,0.0,17.0,0.0,0.0,0.0,0.0
0.0,30.0,0.0,21.0,0.0,1.0,0.0,0.0
0.0,30.0,0.0,14.0,0.0,0.0,0.0,0.0
0.0,200.0,0.0,10.0,0.0,0.0,0.0,0.0
0.0,150.0,0.0,9.0,0.0,0.0,0.0,0.0
0.0,120.0,0.0,21.0,0.0,0.0,0.0,0.0
0.0,120.0,0.0,16.0,0.0,0.0,0.0,0.0
0.0,200.0,0.0,21.0,0.0,0.0,0.0,0.0
0.0,90.0,0.0,12.0,0.0,0.0,0.0,0.0
0.0,120.0,0.0,8.0,0.0,0.0,0.0,0.0
0.0,120.0,0.0,9.0,0.0,0.0,0.0,0.0
0.0,30.0,0.0,14.0,0.0,0.0,0.0,0.0
0.0,200.0,0.0,10.0,0.0,0.0,0.0,0.0
0.0,200.0,0.0,12.0,0.0,0.0,0.0,0.0
0.0,60.0,0.0,22.0,0.0,0.0,0.0,0.0
0.0,200.0,0.0,13.0,0.0,0.0,0.0,0.0
0.0,180.0,0.0,19.0,0.0,0.0,0.0,0.0
0.0,200.0,0.0,9.0,0.0,0.0,0.0,0.0
0.0,200.0,0.0,7.0,0.0,0.0,0.0,0.0
0.0,60.0,0.0,14.0,0.0,0.0,0.0,0.0
0.0,30.0,0.0,7.0,0.0,0.0,0.0,0.0
0.0,200.0,0.0,13.0,0.0,0.0,0.0,0.0
0.0,200.0,0.0,17.0,0.0,0.0,0.0,0.0
0.0,120.0,0.0,10.0,0.0,0.0,0.0,0.0
0.0,30.0,0.0,9.0,0.0,0.0,0.0,0.0
0.0,30.0,0.0,8.0,0.0,1.0,0.0,0.0
0.0,200.0,0.0,8.0,0.0,0.0,0.0,0.0
0.0,120.0,0.0,9.0,0.0,0.0,0.0,0.0
0.0,200.0,0.0,21.0,0.0,0.0,0.0,0.0
0.0,200.0,0.0,12.0,0.0,0.0,0.0,0.0
0.0,30.0,0.0,15.0,0.0,4.0,0.0,0.0
0.0,30.0,0.0,19.0,0.0,5.0,0.0,0.0
0.0,200.0,0.0,8.0,0.0,0.0,0.0,0.0
0.0,120.0,0.0,19.0,0.0,0.0,0.0,0.0
0.0,30.0,0.0,9.0,0.0,0.0,0.0,0.0
0.0,150.0,0.0,9.0,0.0,0.0,0.0,0.0
0.0,200.0,0.0,12.0,0.0,0.0,0.0,0.0
0.0,30.0,0.0,7.0,0.0,0.0,0.0,0.0
0.0,30.0,0.0,20.0,0.0,0.0,0.0,0.0
0.0,60.0,0.0,13.0,0.0,2260.0,0.0,0.0
0.0,30.0,0.0,9.0,0.0,0.0,0.0,0.0
0.0,200.0,0.0,21.0,0.0,0.0,0.0,0.0
0.0,200.0,0.0,18.0,0.0,0.0,0.0,0.0
0.0,200.0,0.0,15.0,0.0,0.0,0.0,0.0
0.0,60.0,0.0,17.0,0.0,0.0,0.0,0.0
0.0,200.0,0.0,14.0,0.0,0.0,0.0,0.0
0.0,120.0,0.0,13.0,0.0,0.0,0.0,0.0
0.0,30.0,0.0,22.0,0.0,0.0,0.0,0.0
0.0,30.0,0.0,19.0,0.0,4.0,0.0,0.0
0.0,120.0,0.0,20.0,0.0,0.0,0.0,0.0
0.0,90.0,0.0,18.0,0.0,0.0,0.0,0.0
0.0,200.0,0.0,11.0,0.0,0.0,0.0,0.0
0.0,200.0,0.0,17.0,0.0,0.0,0.0,0.0
0.0,200.0,0.0,21.0,0.0,0.0,0.0,0.0
0.0,30.0,0.0,7.0,0.0,0.0,0.0,0.0
0.0,60.0,0.0,18.0,0.0,0.0,0.0,0.0
0.0,180.0,0.0,18.0,0.0,0.0,0.0,0.0
0.0,30.0,0.0,9.0,0.0,42.0,0.0,0.0
0.0,30.0,0.0,17.0,0.0,0.0,0.0,0.0
0.0,30.0,0.0,10.0,0.0,6.0,0.0,0.0
0.0,200.0,0.0,8.0,0.0,0.0,0.0,0.0
0.0,200.0,0.0,17.0,0.0,0.0,0.0,0.0
0.0,200.0,0.0,21.0,0.0,0.0,0.0,0.0
0.0,200.0,0.0,11.0,0.0,0.0,0.0,0.0
0.0,150.0,0.0,18.0,0.0,0.0,0.0,0.0
0.0,30.0,0.0,18.0,0.0,28.0,0.0,0.0
0.0,180.0,0.0,12.0,0.0,0.0,0.0,0.0
0.0,200.0,0.0,17.0,0.0,0.0,0.0,0.0
0.0,200.0,0.0,12.0,0.0,0.0,0.0,0.0
0.0,30.0,0.0,7.0,0.0,0.0,0.0,0.0
0.0,200.0,0.0,9.0,0.0,0.0,0.0,0.0
0.0,200.0,0.0,12.0,0.0,0.0,0.0,0.0
0.0,60.0,0.0,8.0,0.0,4.0,0.0,0.0
0.0,200.0,0.0,18.0,0.0,0.0,0.0,0.0
0.0,30.0,0.0,8.0,0.0,3.0,0.0,0.0
0.0,30.0,0.0,10.0,0.0,0.0,0.0,0.0
0.0,200.0,0.0,14.0,0.0,0.0,0.0,0.0
0.0,200.0,0.0,12.0,0.0,0.0,0.0,0.0
0.0,200.0,0.0,20.0,0.0,0.0,0.0,0.0
0.0,200.0,0.0,21.0,0.0,0.0,0.0,0.0
0.0,200.0,0.0,12.0,0.0,0.0,0.0,0.0
0.0,30.0,0.0,9.0,0.0,0.0,0.0,0.0
0.0,30.0,0.0,11.0,0.0,0.0,0.0,0.0
0.0,30.0,0.0,15.0,0.0,1.0,0.0,0.0
1.0,60.0,0.0,11.0,0.0,3.0,0.0,0.0
0.0,120.0,0.0,19.0,0.0,0.0,0.0,0.0
0.0,30.0,0.0,15.0,0.0,1.0,0.0,0.0
0.0,200.0,0.0,11.0,0.0,0.0,0.0,0.0
0.0,30.0,0.0,9.0,0.0,0.0,0.0,0.0
0.0,200.0,0.0,20.0,0.0,0.0,0.0,0.0
0.0,30.0,0.0,18.0,0.0,0.0,0.0,0.0
0.0,60.0,0.0,22.0,0.0,0.0,0.0,0.0
0.0,120.0,0.0,11.0,0.0,0.0,0.0,0.0
0.0,30.0,0.0,19.0,0.0,0.0,0.0,0.0
0.0,30.0,0.0,20.0,0.0,0.0,0.0,0.0
0.0,200.0,0.0,17.0,0.0,0.0,0.0,0.0
0.0,30.0,0.0,13.0,0.0,0.0,0.0,0.0
0.0,30.0,0.0,9.0,0.0,0.0,0.0,0.0
0.0,30.0,0.0,11.0,0.0,0.0,0.0,0.0
0.0,30.0,0.0,9.0,0.0,1.0,0.0,0.0
0.0,90.0,0.0,21.0,0.0,0.0,0.0,0.0
0.0,30.0,0.0,13.0,0.0,0.0,0.0,0.0
0.0,60.0,0.0,11.0,0.0,0.0,0.0,0.0
0.0,60.0,0.0,22.0,0.0,0.0,9.0,0.0
0.0,30.0,0.0,18.0,0.0,0.0,0.0,0.0
0.0,200.0,0.0,9.0,0.0,0.0,0.0,0.0
0.0,200.0,0.0,11.0,0.0,0.0,0.0,0.0
0.0,200.0,0.0,15.0,0.0,0.0,0.0,0.0
0.0,60.0,0.0,20.0,0.0,0.0,0.0,0.0
0.0,30.0,0.0,7.0,0.0,8.0,0.0,0.0
0.0,30.0,0.0,13.0,0.0,16.0,0.0,0.0
0.0,30.0,0.0,14.0,0.0,9.0,0.0,0.0
0.0,200.0,0.0,8.0,0.0,0.0,0.0,0.0
0.0,200.0,0.0,17.0,0.0,1.0,0.0,0.0
0.0,150.0,0.0,19.0,0.0,0.0,0.0,0.0
0.0,200.0,0.0,12.0,0.0,0.0,0.0,0.0
0.0,200.0,0.0,15.0,0.0,0.0,0.0,0.0
0.0,60.0,0.0,22.0,0.0,0.0,0.0,0.0
0.0,200.0,0.0,17.0,0.0,0.0,0.0,0.0
0.0,30.0,0.0,22.0,0.0,0.0,0.0,0.0
0.0,200.0,0.0,14.0,0.0,0.0,0.0,0.0
0.0,60.0,0.0,13.0,0.0,0.0,0.0,0.0
0.0,200.0,0.0,7.0,0.0,0.0,0.0,0.0
0.0,150.0,0.0,22.0,0.0,0.0,0.0,0.0
0.0,30.0,0.0,14.0,0.0,0.0,0.0,0.0
0.0,30.0,0.0,10.0,0.0,4299.0,0.0,0.0
0.0,150.0,0.0,10.0,0.0,0.0,0.0,0.0
0.0,30.0,0.0,16.0,0.0,0.0,0.0,0.0
0.0,60.0,0.0,18.0,0.0,0.0,0.0,0.0
0.0,120.0,0.0,18.0,0.0,0.0,0.0,0.0
0.0,30.0,0.0,21.0,0.0,0.0,0.0,0.0
0.0,30.0,0.0,22.0,0.0,0.0,0.0,0.0
0.0,30.0,0.0,21.0,0.0,1.0,0.0,0.0
0.0,90.0,0.0,14.0,0.0,0.0,0.0,0.0
0.0,200.0,0.0,19.0,0.0,0.0,0.0,0.0
0.0,200.0,0.0,10.0,0.0,0.0,0.0,0.0
0.0,200.0,0.0,8.0,0.0,0.0,0.0,0.0
0.0,60.0,0.0,15.0,0.0,0.0,0.0,0.0
0.0,30.0,0.0,8.0,0.0,1.0,0.0,0.0
0.0,120.0,0.0,21.0,0.0,0.0,0.0,0.0
0.0,30.0,0.0,17.0,0.0,0.0,0.0,0.0
0.0,200.0,0.0,18.0,0.0,0.0,0.0,0.0
0.0,200.0,0.0,16.0,0.0,0.0,0.0,0.0
0.0,200.0,0.0,17.0,0.0,0.0,0.0,0.0
0.0,30.0,0.0,17.0,0.0,0.0,0.0,0.0
0.0,30.0,0.0,9.0,0.0,7200.0,0.0,0.0
0.0,30.0,0.0,18.0,0.0,23.0,0.0,0.0
0.0,200.0,0.0,8.0,0.0,0.0,0.0,0.0
0.0,200.0,0.0,17.0,0.0,0.0,0.0,0.0
0.0,200.0,0.0,17.0,0.0,0.0,0.0,0.0
0.0,30.0,0.0,15.0,0.0,0.0,0.0,0.0
0.0,30.0,0.0,15.0,0.0,0.0,0.0,0.0
0.0,30.0,0.0,22.0,0.0,0.0,0.0,0.0
0.0,60.0,0.0,12.0,0.0,0.0,0.0,0.0
0.0,200.0,0.0,15.0,0.0,0.0,0.0,0.0
0.0,200.0,0.0,7.0,0.0,0.0,0.0,0.0
0.0,60.0,0.0,18.0,0.0,0.0,0.0,0.0
0.0,200.0,0.0,8.0,0.0,0.0,0.0,0.0
0.0,200.0,0.0,20.0,0.0,0.0,0.0,0.0
0.0,30.0,0.0,10.0,0.0,0.0,0.0,0.0
0.0,200.0,0.0,15.0,0.0,0.0,0.0,0.0
0.0,90.0,0.0,14.0,0.0,0.0,0.0,0.0
0.0,200.0,0.0,17.0,0.0,0.0,0.0,0.0
0.0,120.0,0.0,15.0,0.0,0.0,0.0,0.0
0.0,30.0,0.0,8.0,0.0,3.0,0.0,0.0
0.0,200.0,0.0,17.0,0.0,0.0,0.0,0.0
0.0,200.0,0.0,12.0,0.0,0.0,0.0,0.0
0.0,180.0,0.0,20.0,0.0,0.0,0.0,0.0
0.0,30.0,0.0,11.0,0.0,2.0,0.0,0.0
0.0,200.0,0.0,15.0,0.0,0.0,0.0,0.0
0.0,200.0,0.0,10.0,0.0,0.0,0.0,0.0
0.0,200.0,0.0,7.0,0.0,0.0,0.0,0.0
0.0,60.0,0.0,14.0,0.0,0.0,0.0,0.0
0.0,60.0,0.0,19.0,0.0,0.0,0.0,0.0
0.0,200.0,0.0,18.0,0.0,0.0,0.0,0.0
0.0,60.0,0.0,13.0,0.0,0.0,0.0,0.0
0.0,30.0,0.0,19.0,0.0,0.0,0.0,0.0
0.0,60.0,0.0,22.0,0.0,0.0,0.0,0.0
0.0,30.0,0.0,12.0,0.0,0.0,0.0,0.0
0.0,200.0,0.0,20.0,0.0,0.0,0.0,0.0
0.0,200.0,0.0,7.0,0.0,0.0,0.0,0.0
0.0,60.0,0.0,8.0,0.0,0.0,0.0,0.0
0.0,90.0,0.0,21.0,0.0,0.0,0.0,0.0
0.0,120.0,0.0,9.0,0.0,0.0,0.0,0.0
0.0,150.0,0.0,21.0,0.0,0.0,0.0,0.0
0.0,30.0,0.0,16.0,0.0,0.0,0.0,0.0
0.0,200.0,0.0,8.0,0.0,0.0,0.0,0.0
0.0,30.0,0.0,8.0,0.0,0.0,0.0,0.0
0.0,200.0,0.0,18.0,0.0,0.0,0.0,0.0
0.0,200.0,0.0,9.0,0.0,0.0,0.0,0.0
0.0,200.0,0.0,12.0,0.0,0.0,0.0,0.0
0.0,60.0,0.0,20.0,0.0,0.0,0.0,0.0
0.0,60.0,0.0,15.0,0.0,0.0,0.0,0.0
1.0,30.0,0.0,21.0,0.0,300.0,0.0,0.0
0.0,200.0,0.0,15.0,0.0,0.0,0.0,0.0
0.0,200.0,0.0,15.0,0.0,0.0,0.0,0.0
0.0,200.0,0.0,11.0,0.0,0.0,0.0,0.0
0.0,90.0,0.0,21.0,0.0,0.0,0.0,0.0
0.0,60.0,0.0,22.0,0.0,0.0,0.0,0.0
0.0,200.0,0.0,11.0,0.0,0.0,0.0,0.0
0.0,90.0,0.0,18.0,0.0,3.0,0.0,0.0
0.0,60.0,0.0,20.0,0.0,7200.0,0.0,0.0
0.0,150.0,0.0,19.0,0.0,0.0,0.0,0.0
0.0,200.0,0.0,17.0,0.0,0.0,0.0,0.0
0.0,200.0,0.0,8.0,0.0,0.0,0.0,0.0
0.0,150.0,0.0,14.0,0.0,0.0,0.0,0.0
0.0,60.0,0.0,21.0,0.0,0.0,0.0,0.0
0.0,30.0,0.0,21.0,0.0,0.0,0.0,0.0
0.0,200.0,0.0,16.0,0.0,0.0,0.0,0.0
0.0,30.0,0.0,18.0,0.0,5328.0,60.0,0.0
0.0,200.0,0.0,14.0,0.0,0.0,0.0,0.0
0.0,200.0,0.0,10.0,0.0,0.0,0.0,0.0
0.0,60.0,0.0,16.0,0.0,0.0,0.0,0.0
0.0,90.0,0.0,8.0,0.0,0.0,0.0,0.0
0.0,30.0,0.0,7.0,0.0,4.0,0.0,0.0
0.0,150.0,0.0,9.0,0.0,0.0,0.0,0.0
0.0,200.0,0.0,10.0,0.0,0.0,0.0,0.0
0.0,60.0,0.0,9.0,0.0,0.0,0.0,0.0
0.0,200.0,0.0,21.0,0.0,0.0,0.0,0.0
0.0,60.0,0.0,18.0,0.0,0.0,0.0,0.0
0.0,30.0,0.0,8.0,0.0,0.0,0.0,0.0
0.0,200.0,0.0,14.0,0.0,0.0,0.0,0.0
0.0,200.0,0.0,17.0,0.0,0.0,0.0,0.0
0.0,200.0,0.0,8.0,0.0,0.0,0.0,0.0
0.0,30.0,0.0,15.0,0.0,3.0,0.0,0.0
0.0,120.0,0.0,11.0,0.0,0.0,0.0,0.0
0.0,30.0,0.0,10.0,0.0,0.0,0.0,0.0
0.0,30.0,0.0,9.0,0.0,0.0,0.0,0.0
0.0,120.0,0.0,16.0,0.0,0.0,0.0,0.0
0.0,30.0,0.0,16.0,0.0,0.0,0.0,0.0
0.0,200.0,0.0,13.0,0.0,0.0,0.0,0.0
0.0,30.0,0.0,7.0,0.0,1.0,0.0,0.0
0.0,30.0,0.0,18.0,0.0,0.0,0.0,0.0
0.0,60.0,0.0,15.0,0.0,0.0,0.0,0.0
0.0,200.0,0.0,8.0,0.0,0.0,0.0,0.0
0.0,200.0,0.0,17.0,0.0,0.0,0.0,0.0
0.0,200.0,0.0,7.0,0.0,0.0,0.0,0.0
0.0,120.0,0.0,10.0,0.0,0.0,0.0,0.0
0.0,180.0,0.0,15.0,0.0,0.0,0.0,0.0
0.0,150.0,0.0,8.0,0.0,0.0,0.0,0.0
0.0,120.0,0.0,13.0,0.0,4339.0,0.0,0.0
0.0,200.0,0.0,11.0,0.0,0.0,0.0,0.0
0.0,180.0,0.0,8.0,0.0,0.0,0.0,0.0
0.0,90.0,0.0,11.0,0.0,0.0,0.0,0.0
0.0,30.0,0.0,22.0,0.0,0.0,0.0,0.0
0.0,200.0,0.0,19.0,0.0,0.0,0.0,0.0
0.0,30.0,0.0,8.0,0.0,0.0,0.0,0.0
0.0,150.0,0.0,10.0,0.0,0.0,0.0,0.0
0.0,90.0,0.0,11.0,0.0,0.0,0.0,0.0
0.0,200.0,0.0,10.0,0.0,0.0,0.0,0.0
0.0,200.0,0.0,12.0,0.0,0.0,0.0,0.0
0.0,180.0,0.0,10.0,0.0,0.0,0.0,0.0
0.0,180.0,1.0,10.0,0.0,0.0,0.0,0.0
0.0,200.0,0.0,18.0,0.0,0.0,0.0,0.0
0.0,200.0,0.0,12.0,0.0,0.0,0.0,0.0
0.0,60.0,0.0,7.0,0.0,0.0,0.0,0.0
0.0,30.0,0.0,9.0,0.0,0.0,0.0,0.0
0.0,90.0,0.0,18.0,0.0,0.0,0.0,0.0
0.0,30.0,0.0,17.0,0.0,27.0,0.0,0.0
0.0,120.0,0.0,13.0,0.0,0.0,0.0,0.0
0.0,60.0,0.0,15.0,0.0,9.0,0.0,0.0
0.0,200.0,0.0,11.0,0.0,0.0,0.0,0.0
0.0,200.0,0.0,13.0,0.0,0.0,0.0,0.0
0.0,30.0,0.0,9.0,0.0,0.0,0.0,0.0
0.0,30.0,0.0,20.0,0.0,0.0,0.0,0.0
0.0,200.0,0.0,9.0,0.0,0.0,0.0,0.0
0.0,200.0,0.0,14.0,0.0,0.0,0.0,0.0
0.0,200.0,0.0,7.0,0.0,0.0,0.0,0.0
0.0,200.0,0.0,8.0,0.0,0.0,0.0,0.0
0.0,200.0,0.0,10.0,0.0,0.0,0.0,0.0
0.0,200.0,0.0,15.0,0.0,0.0,0.0,0.0
0.0,90.0,0.0,21.0,0.0,0.0,0.0,0.0
0.0,200.0,0.0,17.0,0.0,0.0,0.0,0.0
0.0,60.0,0.0,16.0,0.0,0.0,0.0,0.0
0.0,150.0,0.0,7.0,0.0,0.0,0.0,0.0
0.0,60.0,0.0,22.0,0.0,2.0,0.0,0.0
0.0,200.0,0.0,13.0,0.0,0.0,0.0,0.0
0.0,60.0,0.0,20.0,0.0,7.0,0.0,0.0
0.0,30.0,0.0,11.0,0.0,0.0,0.0,0.0
0.0,30.0,0.0,19.0,0.0,0.0,0.0,0.0
0.0,30.0,0.0,22.0,0.0,21.0,0.0,0.0
0.0,200.0,0.0,12.0,0.0,0.0,0.0,0.0
0.0,60.0,0.0,20.0,0.0,0.0,0.0,0.0
0.0,90.0,0.0,12.0,0.0,0.0,0.0,0.0
0.0,200.0,0.0,21.0,0.0,0.0,0.0,0.0
0.0,30.0,0.0,17.0,0.0,0.0,0.0,0.0
0.0,30.0,0.0,14.0,0.0,7200.0,0.0,0.0
0.0,120.0,0.0,20.0,0.0,0.0,0.0,0.0
0.0,30.0,0.0,11.0,0.0,0.0,0.0,0.0
0.0,30.0,0.0,22.0,0.0,0.0,0.0,0.0
0.0,180.0,0.0,11.0,0.0,0.0,0.0,0.0
0.0,200.0,0.0,17.0,0.0,0.0,0.0,0.0
0.0,30.0,0.0,18.0,0.0,7130.0,0.0,0.0
0.0,200.0,0.0,21.0,0.0,0.0,0.0,0.0
0.0,60.0,0.0,9.0,0.0,0.0,0.0,0.0
0.0,60.0,0.0,16.0,0.0,0.0,0.0,0.0
0.0,60.0,0.0,11.0,0.0,0.0,0.0,0.0
0.0,200.0,0.0,22.0,0.0,0.0,0.0,0.0
0.0,200.0,0.0,15.0,0.0,0.0,0.0,0.0
0.0,60.0,0.0,19.0,0.0,0.0,0.0,0.0
0.0,200.0,0.0,9.0,0.0,0.0,0.0,0.0
0.0,60.0,0.0,9.0,0.0,0.0,0.0,0.0
0.0,30.0,0.0,8.0,0.0,0.0,0.0,0.0
0.0,30.0,0.0,9.0,0.0,0.0,0.0,0.0
0.0,200.0,0.0,17.0,0.0,0.0,0.0,0.0
0.0,60.0,0.0,15.0,0.0,0.0,0.0,0.0
0.0,200.0,0.0,8.0,0.0,0.0,0.0,0.0
0.0,200.0,0.0,20.0,0.0,0.0,0.0,0.0
0.0,200.0,0.0,11.0,0.0,0.0,0.0,0.0
0.0,30.0,0.0,7.0,0.0,0.0,0.0,0.0
0.0,30.0,0.0,10.0,0.0,679.0,0.0,0.0
0.0,30.0,0.0,13.0,0.0,0.0,0.0,0.0
0.0,200.0,0.0,12.0,0.0,0.0,0.0,0.0
0.0,90.0,0.0,15.0,0.0,0.0,0.0,0.0
0.0,200.0,0.0,22.0,0.0,0.0,0.0,0.0
0.0,200.0,0.0,10.0,0.0,0.0,0.0,0.0
0.0,200.0,0.0,18.0,0.0,0.0,0.0,0.0
0.0,60.0,0.0,22.0,0.0,0.0,0.0,0.0
0.0,60.0,0.0,8.0,0.0,0.0,0.0,0.0
0.0,200.0,0.0,7.0,0.0,0.0,0.0,0.0
0.0,60.0,0.0,13.0,0.0,0.0,0.0,0.0
0.0,30.0,0.0,16.0,0.0,0.0,0.0,0.0
0.0,120.0,0.0,20.0,0.0,0.0,0.0,0.0
0.0,200.0,0.0,19.0,0.0,0.0,0.0,0.0
0.0,200.0,0.0,16.0,0.0,0.0,0.0,0.0
0.0,30.0,0.0,19.0,0.0,0.0,0.0,0.0
0.0,30.0,0.0,17.0,0.0,0.0,0.0,0.0
0.0,30.0,0.0,10.0,0.0,0.0,0.0,0.0
0.0,200.0,0.0,9.0,0.0,0.0,0.0,0.0
0.0,30.0,0.0,19.0,0.0,0.0,0.0,0.0
0.0,150.0,0.0,9.0,0.0,0.0,0.0,0.0
0.0,30.0,0.0,15.0,0.0,0.0,0.0,0.0
0.0,30.0,0.0,9.0,0.0,10.0,0.0,0.0
0.0,30.0,0.0,19.0,0.0,0.0,0.0,0.0
0.0,200.0,0.0,10.0,0.0,0.0,0.0,0.0
0.0,30.0,0.0,12.0,0.0,0.0,0.0,0.0
0.0,200.0,0.0,7.0,0.0,0.0,0.0,0.0
0.0,60.0,0.0,10.0,0.0,0.0,0.0,0.0
0.0,60.0,0.0,11.0,0.0,0.0,0.0,0.0
0.0,30.0,0.0,13.0,0.0,0.0,0.0,0.0
0.0,60.0,0.0,9.0,0.0,0.0,0.0,0.0
0.0,60.0,0.0,17.0,0.0,0.0,0.0,0.0
0.0,30.0,0.0,7.0,0.0,0.0,0.0,0.0
0.0,200.0,0.0,18.0,0.0,0.0,0.0,0.0
0.0,30.0,0.0,12.0,0.0,0.0,0.0,0.0
0.0,180.0,0.0,13.0,0.0,0.0,0.0,0.0
0.0,200.0,0.0,19.0,0.0,0.0,0.0,0.0
0.0,30.0,0.0,9.0,0.0,0.0,0.0,0.0
0.0,180.0,0.0,8.0,0.0,0.0,0.0,0.0
0.0,200.0,0.0,20.0,0.0,0.0,0.0,0.0
0.0,30.0,0.0,19.0,0.0,1.0,0.0,0.0
0.0,30.0,0.0,15.0,0.0,0.0,0.0,0.0
0.0,200.0,0.0,16.0,0.0,0.0,0.0,0.0
0.0,150.0,0.0,11.0,0.0,0.0,0.0,0.0
0.0,30.0,0.0,16.0,0.0,0.0,0.0,0.0
0.0,60.0,0.0,18.0,0.0,0.0,0.0,0.0
0.0,200.0,0.0,19.0,0.0,0.0,0.0,0.0
0.0,30.0,0.0,17.0,0.0,0.0,0.0,0.0
0.0,60.0,0.0,17.0,0.0,0.0,0.0,0.0
0.0,200.0,0.0,13.0,0.0,0.0,0.0,0.0
0.0,30.0,0.0,17.0,0.0,27.0,0.0,0.0
0.0,200.0,0.0,10.0,0.0,0.0,0.0,0.0
0.0,30.0,0.0,20.0,0.0,11.0,0.0,0.0
0.0,200.0,0.0,7.0,0.0,0.0,0.0,0.0
0.0,200.0,0.0,18.0,0.0,0.0,0.0,0.0
0.0,30.0,0.0,11.0,0.0,5.0,0.0,0.0
0.0,30.0,0.0,17.0,0.0,1.0,0.0,0.0
0.0,30.0,0.0,12.0,0.0,0.0,0.0,0.0
0.0,200.0,0.0,16.0,0.0,0.0,0.0,0.0
0.0,200.0,0.0,15.0,0.0,0.0,0.0,0.0
0.0,200.0,0.0,21.0,0.0,0.0,0.0,0.0
0.0,60.0,0.0,21.0,0.0,0.0,0.0,0.0
0.0,200.0,0.0,9.0,0.0,0.0,0.0,0.0
0.0,200.0,0.0,13.0,0.0,0.0,0.0,0.0
0.0,90.0,0.0,18.0,0.0,7200.0,0.0,0.0
0.0,30.0,0.0,20.0,0.0,0.0,0.0,0.0
0.0,90.0,0.0,11.0,0.0,0.0,0.0,0.0
0.0,200.0,0.0,18.0,0.0,0.0,0.0,0.0
0.0,200.0,0.0,10.0,0.0,0.0,0.0,0.0
0.0,200.0,0.0,19.0,0.0,0.0,0.0,0.0
0.0,200.0,0.0,8.0,0.0,0.0,0.0,0.0
0.0,120.0,0.0,16.0,0.0,0.0,0.0,0.0
0.0,30.0,0.0,11.0,0.0,0.0,0.0,0.0
0.0,30.0,0.0,17.0,0.0,15.0,0.0,0.0
0.0,200.0,0.0,7.0,0.0,0.0,0.0,0.0
0.0,200.0,0.0,12.0,0.0,0.0,0.0,0.0
0.0,180.0,0.0,12.0,0.0,0.0,0.0,0.0
0.0,200.0,0.0,19.0,0.0,0.0,0.0,0.0
0.0,200.0,0.0,8.0,0.0,0.0,0.0,0.0
0.0,200.0,0.0,13.0,0.0,0.0,0.0,0.0
0.0,60.0,0.0,19.0,0.0,0.0,0.0,0.0
0.0,30.0,0.0,14.0,0.0,0.0,0.0,0.0
0.0,30.0,0.0,18.0,0.0,3.0,0.0,0.0
0.0,30.0,0.0,9.0,0.0,0.0,0.0,0.0
0.0,200.0,0.0,14.0,0.0,0.0,0.0,0.0
0.0,60.0,0.0,13.0,0.0,2.0,0.0,0.0
0.0,200.0,0.0,8.0,0.0,0.0,0.0,0.0
0.0,60.0,0.0,16.0,0.0,0.0,0.0,0.0
0.0,200.0,0.0,18.0,0.0,0.0,0.0,0.0
0.0,200.0,0.0,8.0,0.0,0.0,0.0,0.0
0.0,30.0,0.0,13.0,0.0,7200.0,0.0,0.0
0.0,180.0,0.0,10.0,0.0,0.0,0.0,0.0
0.0,200.0,0.0,14.0,0.0,0.0,0.0,0.0
0.0,200.0,0.0,9.0,0.0,0.0,0.0,0.0
0.0,90.0,0.0,18.0,0.0,0.0,0.0,0.0
0.0,30.0,0.0,7.0,0.0,0.0,0.0,0.0
0.0,180.0,0.0,11.0,0.0,0.0,0.0,0.0
0.0,200.0,0.0,22.0,0.0,0.0,0.0,0.0
0.0,150.0,0.0,19.0,0.0,0.0,0.0,0.0
0.0,120.0,0.0,15.0,0.0,1061.0,0.0,0.0
0.0,200.0,0.0,9.0,0.0,0.0,0.0,0.0
0.0,30.0,0.0,19.0,0.0,1.0,0.0,0.0
0.0,30.0,0.0,13.0,0.0,0.0,0.0,0.0
0.0,200.0,0.0,19.0,0.0,0.0,0.0,0.0
0.0,120.0,0.0,15.0,0.0,0.0,0.0,0.0
0.0,30.0,0.0,13.0,0.0,1.0,0.0,0.0
0.0,30.0,0.0,18.0,0.0,0.0,0.0,0.0
0.0,200.0,0.0,8.0,0.0,0.0,0.0,0.0
0.0,30.0,0.0,18.0,0.0,0.0,0.0,0.0
0.0,200.0,0.0,8.0,0.0,0.0,0.0,0.0
0.0,200.0,0.0,14.0,0.0,0.0,0.0,0.0
0.0,200.0,0.0,19.0,0.0,0.0,0.0,0.0
0.0,30.0,0.0,12.0,0.0,0.0,0.0,0.0
0.0,200.0,0.0,19.0,0.0,0.0,0.0,0.0
0.0,30.0,0.0,19.0,0.0,0.0,0.0,0.0
0.0,150.0,0.0,14.0,0.0,0.0,0.0,0.0
0.0,30.0,0.0,12.0,0.0,1.0,0.0,0.0
0.0,30.0,0.0,12.0,0.0,21.0,0.0,0.0
0.0,200.0,0.0,12.0,0.0,0.0,0.0,0.0
0.0,30.0,0.0,20.0,0.0,0.0,0.0,0.0
0.0,30.0,0.0,21.0,0.0,0.0,0.0,0.0
0.0,30.0,0.0,22.0,0.0,0.0,0.0,0.0
0.0,200.0,0.0,10.0,0.0,0.0,0.0,0.0
0.0,30.0,0.0,7.0,0.0,0.0,0.0,0.0
0.0,60.0,0.0,19.0,0.0,0.0,0.0,0.0
0.0,180.0,0.0,21.0,0.0,0.0,0.0,0.0
0.0,200.0,0.0,17.0,0.0,0.0,0.0,0.0
0.0,200.0,0.0,8.0,0.0,0.0,0.0,0.0
0.0,60.0,0.0,17.0,0.0,0.0,0.0,0.0
0.0,200.0,0.0,21.0,0.0,0.0,0.0,0.0
0.0,150.0,0.0,11.0,0.0,0.0,0.0,0.0
0.0,200.0,0.0,15.0,0.0,0.0,0.0,0.0
0.0,30.0,0.0,20.0,0.0,0.0,0.0,0.0
0.0,200.0,0.0,8.0,0.0,0.0,0.0,0.0
0.0,200.0,0.0,18.0,0.0,0.0,0.0,0.0
0.0,30.0,0.0,14.0,0.0,0.0,0.0,0.0
0.0,90.0,0.0,10.0,0.0,0.0,0.0,0.0
0.0,120.0,0.0,9.0,0.0,0.0,0.0,0.0
0.0,30.0,0.0,10.0,0.0,0.0,0.0,0.0
0.0,200.0,0.0,14.0,0.0,0.0,0.0,0.0
0.0,30.0,0.0,20.0,0.0,0.0,0.0,0.0
0.0,120.0,0.0,11.0,0.0,0.0,0.0,0.0
0.0,200.0,0.0,12.0,0.0,0.0,0.0,0.0
0.0,30.0,0.0,11.0,0.0,1.0,0.0,0.0
0.0,60.0,0.0,17.0,0.0,0.0,0.0,0.0
0.0,150.0,0.0,16.0,0.0,0.0,0.0,0.0
0.0,30.0,0.0,17.0,0.0,0.0,0.0,0.0
0.0,30.0,0.0,15.0,0.0,0.0,0.0,0.0
0.0,200.0,0.0,9.0,0.0,0.0,0.0,0.0
0.0,150.0,0.0,22.0,0.0,0.0,0.0,0.0
0.0,200.0,0.0,22.0,0.0,0.0,0.0,0.0
0.0,200.0,0.0,8.0,0.0,0.0,0.0,0.0
0.0,30.0,0.0,19.0,0.0,0.0,0.0,0.0
0.0,60.0,0.0,8.0,0.0,0.0,0.0,0.0
0.0,200.0,0.0,18.0,0.0,0.0,0.0,0.0
0.0,60.0,0.0,14.0,0.0,0.0,0.0,0.0
0.0,200.0,0.0,7.0,0.0,0.0,0.0,0.0
0.0,60.0,0.0,22.0,0.0,0.0,0.0,0.0
0.0,150.0,0.0,7.0,0.0,0.0,0.0,0.0
0.0,30.0,0.0,13.0,0.0,7200.0,0.0,0.0
0.0,30.0,0.0,12.0,0.0,0.0,0.0,0.0
0.0,60.0,0.0,8.0,0.0,0.0,0.0,0.0
0.0,30.0,0.0,22.0,0.0,0.0,0.0,0.0
0.0,200.0,0.0,7.0,0.0,0.0,0.0,0.0
0.0,30.0,0.0,21.0,0.0,0.0,0.0,0.0
0.0,150.0,0.0,11.0,0.0,0.0,0.0,0.0
0.0,200.0,0.0,9.0,0.0,0.0,0.0,0.0
0.0,30.0,0.0,10.0,0.0,0.0,0.0,0.0
0.0,200.0,0.0,17.0,0.0,0.0,0.0,0.0
0.0,200.0,0.0,14.0,0.0,0.0,0.0,0.0
0.0,200.0,0.0,11.0,0.0,0.0,0.0,0.0
0.0,60.0,0.0,18.0,0.0,0.0,0.0,0.0
0.0,60.0,0.0,15.0,0.0,0.0,0.0,0.0
0.0,90.0,0.0,7.0,0.0,0.0,0.0,0.0
0.0,200.0,0.0,15.0,0.0,0.0,0.0,0.0
0.0,90.0,0.0,22.0,0.0,0.0,0.0,0.0
0.0,60.0,0.0,8.0,0.0,0.0,0.0,0.0
0.0,150.0,0.0,9.0,0.0,0.0,0.0,0.0
0.0,30.0,0.0,8.0,0.0,0.0,0.0,0.0
0.0,30.0,0.0,20.0,0.0,0.0,0.0,0.0
0.0,200.0,0.0,12.0,0.0,0.0,0.0,0.0
0.0,60.0,0.0,12.0,0.0,0.0,0.0,0.0
0.0,30.0,0.0,14.0,0.0,15.0,0.0,0.0
0.0,200.0,0.0,11.0,0.0,0.0,0.0,0.0
0.0,200.0,0.0,9.0,0.0,0.0,0.0,0.0
0.0,30.0,0.0,21.0,0.0,0.0,0.0,0.0
0.0,30.0,0.0,7.0,0.0,0.0,0.0,0.0
0.0,90.0,0.0,11.0,0.0,0.0,0.0,0.0
0.0,200.0,0.0,22.0,0.0,0.0,0.0,0.0
0.0,90.0,0.0,9.0,0.0,0.0,0.0,0.0
0.0,200.0,0.0,7.0,0.0,0.0,0.0,0.0
0.0,200.0,0.0,16.0,0.0,0.0,0.0,0.0
0.0,30.0,0.0,20.0,0.0,0.0,0.0,0.0
0.0,120.0,0.0,16.0,0.0,0.0,0.0,0.0
0.0,90.0,0.0,14.0,0.0,0.0,0.0,0.0
0.0,200.0,0.0,21.0,0.0,0.0,0.0,0.0
0.0,30.0,0.0,11.0,0.0,0.0,0.0,0.0
0.0,30.0,0.0,20.0,0.0,0.0,0.0,0.0
0.0,200.0,0.0,15.0,0.0,0.0,0.0,0.0
0.0,200.0,0.0,21.0,0.0,0.0,0.0,0.0
0.0,200.0,0.0,9.0,0.0,0.0,0.0,0.0
0.0,200.0,0.0,18.0,0.0,0.0,0.0,0.0
0.0,200.0,0.0,14.0,0.0,0.0,0.0,0.0
0.0,60.0,0.0,19.0,0.0,0.0,0.0,0.0
0.0,150.0,0.0,8.0,0.0,0.0,0.0,0.0
0.0,200.0,0.0,8.0,0.0,0.0,0.0,0.0
0.0,200.0,0.0,12.0,0.0,0.0,0.0,0.0
0.0,200.0,0.0,17.0,0.0,0.0,0.0,0.0
0.0,200.0,0.0,8.0,0.0,0.0,0.0,0.0
0.0,30.0,0.0,7.0,0.0,1.0,0.0,0.0
0.0,90.0,0.0,20.0,0.0,0.0,0.0,0.0
0.0,90.0,0.0,20.0,0.0,0.0,0.0,0.0
0.0,30.0,0.0,11.0,0.0,0.0,0.0,0.0
0.0,60.0,0.0,20.0,0.0,0.0,0.0,0.0
0.0,30.0,0.0,18.0,0.0,0.0,0.0,0.0
0.0,120.0,0.0,22.0,0.0,0.0,0.0,0.0
0.0,30.0,0.0,14.0,0.0,0.0,0.0,0.0
0.0,30.0,0.0,18.0,0.0,0.0,0.0,0.0
0.0,200.0,0.0,9.0,0.0,0.0,0.0,0.0
0.0,200.0,0.0,8.0,0.0,0.0,0.0,0.0
0.0,30.0,0.0,20.0,0.0,0.0,0.0,0.0
0.0,150.0,0.0,14.0,0.0,0.0,0.0,0.0
0.0,90.0,0.0,11.0,0.0,3.0,0.0,0.0
0.0,30.0,0.0,20.0,0.0,0.0,0.0,0.0
0.0,30.0,0.0,18.0,0.0,3.0,0.0,0.0
0.0,30.0,0.0,17.0,0.0,0.0,0.0,0.0
0.0,200.0,0.0,9.0,0.0,0.0,0.0,0.0
0.0,30.0,0.0,22.0,0.0,16.0,0.0,0.0
0.0,150.0,0.0,21.0,0.0,2465.0,0.0,0.0
0.0,30.0,0.0,16.0,0.0,0.0,0.0,0.0
0.0,30.0,0.0,18.0,0.0,0.0,0.0,0.0
0.0,30.0,0.0,22.0,0.0,0.0,0.0,0.0
0.0,30.0,0.0,8.0,0.0,0.0,0.0,0.0
0.0,120.0,0.0,14.0,0.0,0.0,0.0,0.0
0.0,30.0,0.0,17.0,0.0,1.0,0.0,0.0
0.0,60.0,0.0,10.0,0.0,0.0,0.0,0.0
0.0,150.0,0.0,12.0,0.0,0.0,0.0,0.0
0.0,200.0,0.0,13.0,0.0,0.0,0.0,0.0
0.0,180.0,0.0,22.0,0.0,0.0,0.0,0.0
0.0,90.0,0.0,20.0,0.0,0.0,0.0,0.0
0.0,30.0,0.0,21.0,0.0,0.0,0.0,0.0
0.0,60.0,0.0,20.0,0.0,6.0,0.0,0.0
0.0,90.0,0.0,14.0,0.0,0.0,0.0,0.0
0.0,200.0,0.0,17.0,0.0,0.0,0.0,0.0
0.0,200.0,0.0,9.0,0.0,0.0,0.0,0.0
0.0,200.0,0.0,17.0,0.0,0.0,0.0,0.0
0.0,120.0,0.0,12.0,0.0,5219.0,0.0,0.0
0.0,200.0,0.0,12.0,0.0,0.0,0.0,0.0
0.0,200.0,0.0,16.0,0.0,0.0,0.0,0.0
0.0,30.0,0.0,11.0,0.0,1.0,0.0,0.0
0.0,200.0,0.0,17.0,0.0,0.0,0.0,0.0
0.0,30.0,0.0,21.0,0.0,0.0,0.0,0.0
0.0,200.0,0.0,9.0,0.0,0.0,0.0,0.0
0.0,60.0,0.0,10.0,0.0,0.0,0.0,0.0
0.0,200.0,0.0,22.0,0.0,0.0,0.0,0.0
0.0,30.0,0.0,20.0,0.0,0.0,0.0,0.0
0.0,200.0,0.0,20.0,0.0,0.0,0.0,0.0
0.0,30.0,0.0,18.0,0.0,0.0,0.0,0.0
0.0,90.0,0.0,8.0,0.0,0.0,0.0,0.0
0.0,200.0,0.0,12.0,0.0,0.0,0.0,0.0
0.0,200.0,0.0,9.0,0.0,0.0,0.0,0.0
0.0,90.0,0.0,22.0,0.0,0.0,0.0,0.0
0.0,30.0,0.0,11.0,0.0,37.0,0.0,0.0
0.0,200.0,0.0,7.0,0.0,0.0,0.0,0.0
0.0,90.0,0.0,10.0,0.0,0.0,0.0,0.0
0.0,30.0,0.0,22.0,0.0,0.0,0.0,0.0
0.0,200.0,0.0,19.0,0.0,0.0,0.0,0.0
0.0,60.0,0.0,20.0,0.0,0.0,0.0,0.0
0.0,200.0,0.0,13.0,0.0,0.0,0.0,0.0
0.0,60.0,0.0,16.0,0.0,3.0,0.0,0.0
0.0,60.0,0.0,18.0,0.0,2.0,0.0,0.0
0.0,30.0,0.0,20.0,0.0,4445.0,0.0,0.0
0.0,30.0,0.0,9.0,0.0,24.0,0.0,0.0
0.0,200.0,0.0,21.0,0.0,0.0,0.0,0.0
0.0,200.0,0.0,10.0,0.0,0.0,0.0,0.0
0.0,60.0,0.0,7.0,0.0,0.0,0.0,0.0
0.0,200.0,0.0,20.0,0.0,0.0,0.0,0.0
0.0,200.0,0.0,13.0,0.0,0.0,0.0,0.0
0.0,200.0,0.0,21.0,0.0,0.0,0.0,0.0
0.0,200.0,0.0,12.0,0.0,0.0,0.0,0.0
0.0,30.0,0.0,13.0,0.0,0.0,0.0,0.0
0.0,180.0,0.0,7.0,0.0,0.0,0.0,0.0
0.0,200.0,0.0,11.0,0.0,0.0,0.0,0.0
0.0,30.0,0.0,21.0,0.0,0.0,0.0,0.0
0.0,30.0,0.0,12.0,0.0,0.0,0.0,0.0
0.0,60.0,0.0,14.0,0.0,0.0,0.0,0.0
0.0,200.0,0.0,7.0,0.0,0.0,0.0,0.0
0.0,30.0,0.0,11.0,0.0,0.0,0.0,0.0
0.0,200.0,0.0,8.0,0.0,0.0,0.0,0.0
0.0,200.0,0.0,19.0,0.0,0.0,0.0,0.0
0.0,30.0,0.0,22.0,0.0,1.0,0.0,0.0
0.0,200.0,0.0,16.0,0.0,0.0,0.0,0.0
0.0,30.0,0.0,12.0,0.0,0.0,0.0,0.0
0.0,30.0,0.0,21.0,0.0,0.0,0.0,0.0
0.0,30.0,0.0,19.0,0.0,0.0,0.0,0.0
0.0,30.0,0.0,16.0,0.0,0.0,0.0,0.0
0.0,200.0,0.0,8.0,0.0,0.0,0.0,0.0
0.0,200.0,0.0,21.0,0.0,0.0,0.0,0.0
0.0,200.0,0.0,13.0,0.0,0.0,0.0,0.0
0.0,30.0,0.0,13.0,0.0,0.0,0.0,0.0
0.0,120.0,0.0,15.0,0.0,0.0,0.0,0.0
0.0,30.0,0.0,7.0,0.0,0.0,0.0,0.0
0.0,30.0,0.0,12.0,0.0,0.0,0.0,0.0
0.0,200.0,0.0,10.0,0.0,0.0,0.0,0.0
0.0,60.0,0.0,19.0,0.0,2009.0,0.0,0.0
0.0,200.0,0.0,16.0,0.0,0.0,0.0,0.0
0.0,200.0,0.0,12.0,0.0,0.0,0.0,0.0
0.0,30.0,0.0,16.0,0.0,0.0,0.0,0.0
0.0,30.0,0.0,19.0,0.0,0.0,0.0,0.0
0.0,30.0,0.0,16.0,0.0,0.0,0.0,0.0
0.0,90.0,0.0,11.0,0.0,1045.0,0.0,0.0
0.0,200.0,0.0,9.0,0.0,0.0,0.0,0.0
0.0,30.0,0.0,19.0,0.0,14.0,0.0,0.0
0.0,60.0,0.0,20.0,0.0,0.0,0.0,0.0
0.0,90.0,0.0,18.0,0.0,0.0,0.0,0.0
0.0,30.0,0.0,7.0,0.0,0.0,0.0,0.0
0.0,30.0,0.0,21.0,0.0,0.0,0.0,0.0
0.0,200.0,0.0,11.0,0.0,0.0,0.0,0.0
0.0,200.0,0.0,19.0,0.0,0.0,0.0,0.0
0.0,90.0,0.0,13.0,0.0,0.0,0.0,0.0
0.0,30.0,0.0,22.0,0.0,0.0,0.0,0.0
0.0,30.0,0.0,11.0,0.0,0.0,0.0,0.0
0.0,60.0,0.0,18.0,0.0,0.0,0.0,0.0
0.0,120.0,0.0,12.0,0.0,7200.0,0.0,0.0
0.0,120.0,0.0,13.0,0.0,7200.0,0.0,0.0
0.0,30.0,0.0,21.0,0.0,18.0,0.0,0.0
0.0,30.0,0.0,8.0,0.0,0.0,0.0,0.0
0.0,200.0,0.0,9.0,0.0,0.0,0.0,0.0
0.0,200.0,0.0,13.0,0.0,0.0,0.0,0.0
0.0,180.0,0.0,19.0,0.0,0.0,0.0,0.0
0.0,30.0,0.0,9.0,0.0,0.0,0.0,0.0
0.0,200.0,0.0,19.0,0.0,0.0,0.0,0.0
0.0,200.0,0.0,22.0,0.0,0.0,0.0,0.0
0.0,30.0,0.0,15.0,0.0,0.0,1.0,0.0
0.0,200.0,0.0,10.0,0.0,0.0,0.0,0.0
0.0,150.0,0.0,16.0,0.0,27.0,0.0,0.0
0.0,200.0,0.0,18.0,0.0,0.0,0.0,0.0
0.0,200.0,0.0,20.0,0.0,0.0,0.0,0.0
0.0,200.0,0.0,18.0,0.0,0.0,0.0,0.0
0.0,90.0,0.0,9.0,0.0,0.0,0.0,0.0
0.0,30.0,0.0,10.0,0.0,0.0,0.0,0.0
0.0,30.0,0.0,18.0,0.0,0.0,0.0,0.0
0.0,30.0,0.0,17.0,0.0,0.0,0.0,0.0
0.0,30.0,0.0,17.0,0.0,0.0,0.0,0.0
0.0,30.0,0.0,14.0,0.0,0.0,0.0,0.0
0.0,150.0,0.0,14.0,0.0,0.0,0.0,0.0
0.0,30.0,0.0,19.0,0.0,0.0,0.0,0.0
0.0,200.0,0.0,7.0,0.0,0.0,0.0,0.0
0.0,200.0,0.0,17.0,0.0,0.0,0.0,0.0
0.0,200.0,0.0,21.0,0.0,0.0,0.0,0.0
0.0,150.0,0.0,12.0,0.0,0.0,0.0,0.0
0.0,200.0,0.0,8.0,0.0,0.0,0.0,0.0
0.0,60.0,0.0,21.0,0.0,0.0,0.0,0.0
0.0,200.0,0.0,7.0,0.0,0.0,0.0,0.0
0.0,30.0,0.0,18.0,0.0,28.0,0.0,0.0
0.0,30.0,0.0,7.0,0.0,6368.0,0.0,0.0
0.0,30.0,0.0,16.0,0.0,0.0,0.0,0.0
0.0,30.0,0.0,16.0,0.0,0.0,0.0,0.0
0.0,200.0,0.0,14.0,0.0,0.0,0.0,0.0
0.0,30.0,0.0,12.0,0.0,0.0,0.0,0.0
0.0,30.0,0.0,13.0,0.0,0.0,0.0,0.0
0.0,60.0,0.0,13.0,0.0,0.0,0.0,0.0
0.0,30.0,0.0,21.0,0.0,0.0,0.0,0.0
0.0,30.0,0.0,15.0,0.0,27.0,0.0,0.0
0.0,30.0,0.0,11.0,0.0,2.0,0.0,0.0
0.0,200.0,0.0,16.0,0.0,0.0,0.0,0.0
0.0,200.0,0.0,15.0,0.0,0.0,0.0,0.0
0.0,200.0,0.0,20.0,0.0,0.0,0.0,0.0
0.0,30.0,0.0,16.0,0.0,24.0,0.0,0.0
0.0,200.0,0.0,18.0,0.0,0.0,0.0,0.0
0.0,200.0,0.0,15.0,0.0,0.0,0.0,0.0
0.0,200.0,0.0,20.0,0.0,0.0,0.0,0.0
0.0,180.0,0.0,14.0,0.0,0.0,0.0,0.0
0.0,200.0,0.0,17.0,0.0,0.0,0.0,0.0
0.0,30.0,0.0,7.0,0.0,0.0,0.0,0.0
0.0,30.0,0.0,15.0,0.0,0.0,0.0,0.0
0.0,200.0,0.0,16.0,0.0,0.0,0.0,0.0
0.0,120.0,0.0,11.0,0.0,0.0,0.0,0.0
0.0,30.0,0.0,21.0,0.0,0.0,0.0,0.0
0.0,200.0,0.0,16.0,0.0,0.0,0.0,0.0
0.0,200.0,0.0,17.0,0.0,0.0,0.0,0.0
0.0,60.0,0.0,11.0,0.0,0.0,0.0,0.0
0.0,200.0,0.0,10.0,0.0,0.0,0.0,0.0
0.0,60.0,0.0,18.0,0.0,0.0,0.0,0.0
0.0,60.0,0.0,21.0,0.0,0.0,0.0,0.0
0.0,30.0,0.0,21.0,0.0,0.0,0.0,0.0
0.0,180.0,0.0,16.0,0.0,0.0,0.0,0.0
0.0,150.0,0.0,12.0,0.0,0.0,0.0,0.0
0.0,120.0,0.0,10.0,0.0,7200.0,0.0,0.0
0.0,30.0,0.0,15.0,0.0,0.0,0.0,0.0
0.0,200.0,0.0,16.0,0.0,0.0,0.0,0.0
0.0,200.0,0.0,20.0,0.0,0.0,0.0,0.0
0.0,200.0,0.0,17.0,0.0,0.0,0.0,0.0
0.0,90.0,0.0,15.0,0.0,0.0,0.0,0.0
0.0,200.0,0.0,17.0,0.0,0.0,0.0,0.0
0.0,60.0,0.0,11.0,0.0,0.0,0.0,0.0
0.0,150.0,0.0,8.0,0.0,0.0,0.0,0.0
0.0,200.0,0.0,14.0,0.0,0.0,0.0,0.0
0.0,200.0,0.0,20.0,0.0,0.0,0.0,0.0
0.0,200.0,0.0,15.0,0.0,0.0,0.0,0.0
0.0,90.0,0.0,16.0,0.0,0.0,0.0,0.0
0.0,60.0,0.0,9.0,0.0,138.0,0.0,0.0
0.0,30.0,0.0,17.0,0.0,1.0,0.0,0.0
0.0,200.0,0.0,19.0,0.0,0.0,0.0,0.0
0.0,60.0,0.0,21.0,0.0,0.0,0.0,0.0
0.0,90.0,0.0,7.0,0.0,0.0,0.0,0.0
0.0,30.0,0.0,22.0,0.0,25.0,0.0,0.0
0.0,30.0,0.0,22.0,0.0,116.0,0.0,0.0
0.0,150.0,0.0,21.0,0.0,0.0,0.0,0.0
0.0,150.0,0.0,15.0,0.0,0.0,0.0,0.0
0.0,60.0,0.0,8.0,0.0,0.0,0.0,0.0
0.0,30.0,0.0,20.0,0.0,0.0,0.0,0.0
0.0,30.0,0.0,17.0,0.0,4.0,0.0,0.0
0.0,200.0,0.0,17.0,0.0,0.0,0.0,0.0
0.0,30.0,0.0,7.0,0.0,484.0,0.0,0.0
0.0,200.0,0.0,9.0,0.0,0.0,0.0,0.0
0.0,30.0,0.0,17.0,0.0,0.0,0.0,0.0
0.0,30.0,0.0,22.0,0.0,0.0,0.0,0.0
0.0,30.0,0.0,20.0,0.0,7200.0,0.0,0.0
0.0,120.0,0.0,19.0,0.0,0.0,0.0,0.0
0.0,200.0,0.0,18.0,0.0,0.0,0.0,0.0
0.0,30.0,0.0,19.0,0.0,0.0,0.0,0.0
0.0,200.0,0.0,17.0,0.0,0.0,0.0,0.0
0.0,200.0,0.0,16.0,0.0,0.0,0.0,0.0
0.0,30.0,0.0,11.0,0.0,7200.0,0.0,0.0
0.0,200.0,0.0,13.0,0.0,0.0,0.0,0.0
0.0,60.0,0.0,7.0,0.0,0.0,0.0,0.0
0.0,150.0,0.0,9.0,0.0,0.0,0.0,0.0
0.0,120.0,0.0,14.0,0.0,28.0,0.0,0.0
0.0,30.0,0.0,18.0,0.0,0.0,0.0,0.0
0.0,120.0,0.0,18.0,0.0,0.0,0.0,0.0
0.0,120.0,0.0,14.0,0.0,0.0,0.0,0.0
0.0,200.0,0.0,10.0,0.0,0.0,0.0,0.0
0.0,180.0,0.0,16.0,0.0,0.0,0.0,0.0
0.0,60.0,0.0,21.0,0.0,0.0,0.0,0.0
0.0,60.0,0.0,12.0,0.0,0.0,0.0,0.0
0.0,30.0,0.0,20.0,0.0,0.0,0.0,0.0
0.0,30.0,0.0,10.0,0.0,0.0,0.0,0.0
0.0,30.0,0.0,7.0,0.0,0.0,0.0,0.0
0.0,200.0,0.0,11.0,0.0,0.0,0.0,0.0
0.0,90.0,0.0,15.0,0.0,0.0,0.0,0.0
0.0,30.0,0.0,17.0,0.0,0.0,0.0,0.0
0.0,30.0,0.0,9.0,0.0,0.0,0.0,0.0
0.0,90.0,0.0,15.0,0.0,0.0,0.0,0.0
0.0,30.0,0.0,20.0,0.0,3049.0,0.0,0.0
0.0,30.0,0.0,19.0,0.0,6326.0,0.0,0.0
0.0,200.0,0.0,14.0,0.0,0.0,0.0,0.0
0.0,30.0,0.0,18.0,0.0,0.0,0.0,0.0
0.0,90.0,0.0,13.0,0.0,0.0,0.0,0.0
0.0,30.0,0.0,10.0,0.0,6956.0,0.0,0.0
0.0,90.0,0.0,13.0,0.0,0.0,0.0,0.0
0.0,180.0,0.0,22.0,0.0,0.0,0.0,0.0
0.0,200.0,0.0,21.0,0.0,0.0,0.0,0.0
0.0,120.0,0.0,8.0,0.0,0.0,0.0,0.0
0.0,200.0,0.0,11.0,0.0,0.0,0.0,0.0
0.0,30.0,0.0,15.0,0.0,0.0,0.0,0.0
0.0,30.0,0.0,18.0,0.0,0.0,0.0,0.0
0.0,30.0,0.0,11.0,0.0,0.0,0.0,0.0
0.0,200.0,0.0,7.0,0.0,0.0,0.0,0.0
0.0,200.0,0.0,10.0,0.0,0.0,0.0,0.0
0.0,60.0,0.0,16.0,0.0,0.0,0.0,0.0
0.0,200.0,0.0,9.0,0.0,0.0,0.0,0.0
0.0,200.0,0.0,20.0,0.0,0.0,0.0,0.0
0.0,60.0,0.0,7.0,0.0,13.0,0.0,0.0
0.0,30.0,0.0,16.0,0.0,0.0,0.0,0.0
0.0,30.0,0.0,13.0,0.0,1864.0,0.0,0.0
0.0,90.0,0.0,18.0,0.0,0.0,0.0,0.0
0.0,60.0,0.0,20.0,0.0,0.0,0.0,0.0
0.0,30.0,0.0,21.0,0.0,27.0,0.0,0.0
0.0,30.0,0.0,8.0,0.0,0.0,0.0,0.0
0.0,30.0,0.0,12.0,0.0,3584.0,0.0,0.0
0.0,90.0,0.0,8.0,0.0,0.0,0.0,0.0
0.0,120.0,0.0,18.0,0.0,0.0,0.0,0.0
0.0,200.0,0.0,10.0,0.0,0.0,0.0,0.0
0.0,200.0,0.0,21.0,0.0,0.0,0.0,0.0
0.0,200.0,0.0,18.0,0.0,0.0,0.0,0.0
0.0,200.0,0.0,16.0,0.0,0.0,0.0,0.0
0.0,200.0,0.0,20.0,0.0,0.0,0.0,0.0
0.0,200.0,0.0,21.0,0.0,0.0,0.0,0.0
0.0,30.0,0.0,9.0,0.0,0.0,0.0,0.0
0.0,30.0,0.0,20.0,0.0,0.0,0.0,0.0
0.0,200.0,0.0,8.0,0.0,0.0,0.0,0.0
0.0,200.0,0.0,8.0,0.0,0.0,0.0,0.0
0.0,30.0,0.0,12.0,0.0,0.0,0.0,0.0
0.0,200.0,0.0,11.0,0.0,0.0,0.0,0.0
0.0,200.0,0.0,8.0,0.0,0.0,0.0,0.0
0.0,200.0,0.0,12.0,0.0,0.0,0.0,0.0
0.0,30.0,0.0,13.0,0.0,0.0,0.0,0.0
0.0,200.0,0.0,11.0,0.0,0.0,0.0,0.0
0.0,200.0,0.0,19.0,0.0,0.0,0.0,0.0
0.0,200.0,0.0,17.0,0.0,0.0,0.0,0.0
0.0,30.0,0.0,15.0,0.0,0.0,0.0,0.0
0.0,200.0,0.0,9.0,0.0,0.0,0.0,0.0
0.0,30.0,0.0,16.0,0.0,3.0,0.0,0.0
0.0,200.0,0.0,17.0,0.0,0.0,0.0,0.0
0.0,200.0,0.0,17.0,0.0,0.0,0.0,0.0
0.0,150.0,0.0,16.0,0.0,0.0,0.0,0.0
0.0,200.0,0.0,22.0,0.0,0.0,0.0,0.0
0.0,200.0,0.0,8.0,0.0,0.0,0.0,0.0
0.0,60.0,0.0,16.0,0.0,0.0,0.0,0.0
0.0,30.0,0.0,17.0,0.0,0.0,0.0,0.0
0.0,200.0,0.0,18.0,0.0,0.0,0.0,0.0
0.0,30.0,0.0,16.0,0.0,3.0,0.0,0.0
0.0,200.0,0.0,9.0,0.0,0.0,0.0,0.0
0.0,30.0,0.0,14.0,0.0,8.0,0.0,0.0
0.0,30.0,0.0,7.0,0.0,0.0,0.0,0.0
0.0,30.0,0.0,7.0,0.0,0.0,0.0,0.0
0.0,200.0,0.0,7.0,0.0,0.0,0.0,0.0
0.0,200.0,0.0,16.0,0.0,0.0,0.0,0.0
0.0,200.0,0.0,8.0,0.0,0.0,0.0,0.0
0.0,200.0,0.0,20.0,0.0,0.0,0.0,0.0
0.0,30.0,0.0,8.0,0.0,0.0,0.0,0.0
0.0,90.0,0.0,10.0,0.0,0.0,0.0,0.0
0.0,60.0,0.0,11.0,0.0,0.0,0.0,0.0
0.0,30.0,0.0,18.0,0.0,3.0,0.0,0.0
0.0,200.0,0.0,15.0,0.0,0.0,0.0,0.0
0.0,200.0,0.0,13.0,0.0,0.0,0.0,0.0
0.0,180.0,0.0,12.0,0.0,0.0,0.0,0.0
0.0,60.0,0.0,17.0,0.0,28.0,0.0,0.0
0.0,200.0,0.0,11.0,0.0,0.0,0.0,0.0
0.0,180.0,0.0,11.0,0.0,0.0,0.0,0.0
0.0,200.0,0.0,13.0,0.0,0.0,0.0,0.0
0.0,30.0,0.0,11.0,0.0,0.0,0.0,0.0
0.0,180.0,0.0,8.0,0.0,0.0,0.0,0.0
0.0,90.0,0.0,13.0,0.0,0.0,0.0,0.0
0.0,30.0,0.0,18.0,0.0,0.0,0.0,0.0
0.0,30.0,0.0,20.0,0.0,0.0,0.0,0.0
0.0,200.0,0.0,22.0,0.0,0.0,0.0,0.0
0.0,200.0,0.0,11.0,0.0,0.0,0.0,0.0
0.0,200.0,0.0,18.0,0.0,0.0,0.0,0.0
0.0,200.0,0.0,13.0,0.0,0.0,0.0,0.0
0.0,30.0,0.0,19.0,0.0,0.0,0.0,0.0
0.0,30.0,0.0,12.0,0.0,0.0,0.0,0.0
0.0,200.0,0.0,16.0,0.0,0.0,0.0,0.0
0.0,60.0,0.0,9.0,0.0,0.0,0.0,0.0
0.0,200.0,0.0,14.0,0.0,0.0,0.0,0.0
0.0,90.0,0.0,20.0,0.0,0.0,0.0,0.0
0.0,200.0,0.0,18.0,0.0,0.0,0.0,0.0
0.0,200.0,0.0,19.0,0.0,0.0,0.0,0.0
0.0,200.0,0.0,18.0,0.0,0.0,0.0,0.0
0.0,90.0,0.0,12.0,0.0,5.0,0.0,0.0
0.0,60.0,0.0,14.0,0.0,0.0,0.0,0.0
0.0,200.0,0.0,14.0,0.0,0.0,0.0,0.0
0.0,150.0,0.0,10.0,0.0,0.0,0.0,0.0
0.0,200.0,0.0,15.0,0.0,0.0,0.0,0.0
0.0,200.0,0.0,12.0,0.0,0.0,0.0,0.0
0.0,30.0,0.0,11.0,0.0,0.0,0.0,0.0
0.0,200.0,0.0,17.0,0.0,0.0,0.0,0.0
0.0,200.0,0.0,11.0,0.0,0.0,0.0,0.0
0.0,200.0,0.0,15.0,0.0,0.0,0.0,0.0
0.0,200.0,0.0,8.0,0.0,0.0,0.0,0.0
0.0,30.0,0.0,11.0,0.0,5605.0,0.0,0.0
0.0,120.0,0.0,13.0,0.0,0.0,0.0,0.0
0.0,200.0,0.0,10.0,0.0,0.0,0.0,0.0
0.0,30.0,0.0,13.0,0.0,0.0,0.0,0.0
0.0,200.0,0.0,15.0,0.0,0.0,0.0,0.0
0.0,30.0,0.0,15.0,0.0,0.0,0.0,0.0
0.0,60.0,0.0,13.0,0.0,5410.0,0.0,0.0
0.0,30.0,0.0,21.0,0.0,1.0,0.0,0.0
0.0,30.0,0.0,9.0,0.0,0.0,0.0,0.0
0.0,30.0,0.0,12.0,0.0,6.0,0.0,0.0
0.0,120.0,0.0,18.0,0.0,0.0,0.0,0.0
0.0,200.0,0.0,17.0,0.0,0.0,0.0,0.0
0.0,30.0,0.0,22.0,0.0,30.0,0.0,0.0
0.0,200.0,0.0,18.0,0.0,0.0,0.0,0.0
0.0,30.0,0.0,16.0,0.0,4.0,0.0,0.0
0.0,200.0,0.0,15.0,0.0,0.0,0.0,0.0
0.0,30.0,0.0,16.0,0.0,0.0,0.0,0.0
0.0,200.0,0.0,11.0,0.0,0.0,0.0,0.0
0.0,120.0,0.0,15.0,0.0,0.0,0.0,0.0
0.0,30.0,0.0,9.0,0.0,28.0,0.0,0.0
0.0,200.0,0.0,22.0,0.0,0.0,0.0,0.0
0.0,200.0,0.0,17.0,0.0,0.0,0.0,0.0
0.0,30.0,0.0,17.0,0.0,0.0,0.0,0.0
0.0,30.0,0.0,16.0,0.0,0.0,0.0,0.0
0.0,180.0,0.0,13.0,0.0,0.0,0.0,0.0
0.0,200.0,0.0,14.0,0.0,0.0,0.0,0.0
0.0,150.0,0.0,14.0,0.0,0.0,0.0,0.0
0.0,200.0,0.0,12.0,0.0,0.0,0.0,0.0
0.0,60.0,0.0,21.0,0.0,0.0,0.0,0.0
0.0,200.0,0.0,20.0,0.0,0.0,0.0,0.0
0.0,30.0,0.0,12.0,0.0,0.0,0.0,0.0
0.0,150.0,0.0,14.0,0.0,0.0,0.0,0.0
0.0,150.0,0.0,17.0,0.0,0.0,0.0,0.0
0.0,30.0,0.0,11.0,0.0,0.0,0.0,0.0
0.0,200.0,0.0,9.0,0.0,0.0,0.0,0.0
0.0,60.0,0.0,19.0,0.0,0.0,0.0,0.0
0.0,60.0,0.0,10.0,0.0,201.0,0.0,0.0
0.0,200.0,0.0,8.0,0.0,0.0,0.0,0.0
0.0,200.0,0.0,22.0,0.0,0.0,0.0,0.0
0.0,200.0,0.0,12.0,0.0,0.0,0.0,0.0
0.0,60.0,0.0,20.0,0.0,1985.0,0.0,0.0
0.0,30.0,0.0,12.0,0.0,0.0,0.0,0.0
0.0,30.0,0.0,22.0,0.0,0.0,0.0,0.0
0.0,30.0,0.0,20.0,0.0,587.0,0.0,0.0
0.0,200.0,0.0,8.0,0.0,0.0,0.0,0.0
0.0,30.0,0.0,11.0,0.0,0.0,0.0,0.0
0.0,200.0,0.0,15.0,0.0,0.0,0.0,0.0
0.0,30.0,0.0,16.0,0.0,0.0,0.0,0.0
0.0,200.0,0.0,16.0,0.0,0.0,0.0,0.0
0.0,200.0,0.0,20.0,0.0,0.0,0.0,0.0
0.0,60.0,0.0,18.0,0.0,0.0,0.0,0.0
0.0,30.0,0.0,9.0,0.0,0.0,0.0,0.0
0.0,200.0,0.0,20.0,0.0,0.0,0.0,0.0
0.0,200.0,0.0,7.0,0.0,0.0,0.0,0.0
0.0,30.0,0.0,9.0,0.0,0.0,0.0,0.0
0.0,200.0,0.0,11.0,0.0,0.0,0.0,0.0
0.0,30.0,0.0,18.0,0.0,0.0,0.0,0.0
0.0,200.0,0.0,15.0,0.0,0.0,0.0,0.0
0.0,30.0,0.0,15.0,0.0,0.0,0.0,0.0
0.0,200.0,0.0,13.0,0.0,0.0,0.0,0.0
0.0,30.0,0.0,8.0,0.0,0.0,0.0,0.0
0.0,30.0,0.0,21.0,0.0,2.0,0.0,0.0
0.0,200.0,0.0,16.0,0.0,0.0,0.0,0.0
0.0,200.0,0.0,22.0,0.0,0.0,0.0,0.0
0.0,200.0,0.0,13.0,0.0,0.0,0.0,0.0
0.0,90.0,0.0,9.0,0.0,0.0,0.0,0.0
0.0,30.0,0.0,22.0,0.0,1.0,0.0,0.0
0.0,120.0,0.0,20.0,0.0,0.0,0.0,0.0
0.0,60.0,0.0,14.0,0.0,6192.0,0.0,0.0
0.0,60.0,0.0,9.0,0.0,0.0,0.0,0.0
0.0,150.0,0.0,21.0,0.0,0.0,0.0,0.0
0.0,30.0,0.0,10.0,0.0,1.0,0.0,0.0
0.0,30.0,0.0,19.0,0.0,0.0,0.0,0.0
0.0,180.0,0.0,7.0,0.0,0.0,0.0,0.0
0.0,30.0,0.0,11.0,0.0,23.0,0.0,0.0
0.0,120.0,0.0,7.0,0.0,0.0,0.0,0.0
0.0,30.0,0.0,10.0,0.0,7200.0,0.0,0.0
0.0,90.0,0.0,7.0,0.0,0.0,0.0,0.0
0.0,200.0,0.0,22.0,0.0,0.0,0.0,0.0
0.0,200.0,0.0,12.0,0.0,0.0,0.0,0.0
0.0,30.0,0.0,22.0,0.0,0.0,0.0,0.0
0.0,60.0,0.0,12.0,0.0,0.0,0.0,0.0
0.0,60.0,0.0,20.0,0.0,0.0,0.0,0.0
0.0,200.0,0.0,20.0,0.0,0.0,0.0,0.0
0.0,90.0,0.0,20.0,0.0,0.0,0.0,0.0
0.0,30.0,0.0,16.0,0.0,0.0,0.0,0.0
0.0,200.0,0.0,8.0,0.0,0.0,0.0,0.0
0.0,200.0,0.0,13.0,0.0,0.0,0.0,0.0
0.0,200.0,0.0,9.0,0.0,0.0,0.0,0.0
0.0,60.0,0.0,9.0,0.0,0.0,0.0,0.0
0.0,30.0,0.0,14.0,0.0,0.0,0.0,0.0
0.0,200.0,0.0,11.0,0.0,0.0,0.0,0.0
0.0,30.0,0.0,11.0,0.0,0.0,0.0,0.0
0.0,60.0,0.0,16.0,0.0,0.0,0.0,0.0
0.0,60.0,0.0,9.0,0.0,0.0,0.0,0.0
0.0,30.0,0.0,17.0,0.0,12.0,0.0,0.0
0.0,150.0,0.0,12.0,0.0,0.0,0.0,0.0
0.0,200.0,0.0,12.0,0.0,0.0,0.0,0.0
0.0,200.0,0.0,19.0,0.0,0.0,0.0,0.0
0.0,60.0,0.0,17.0,0.0,0.0,0.0,0.0
0.0,90.0,0.0,7.0,0.0,0.0,0.0,0.0
0.0,200.0,0.0,14.0,0.0,0.0,0.0,0.0
0.0,30.0,0.0,9.0,0.0,8.0,0.0,0.0
0.0,200.0,0.0,22.0,0.0,0.0,0.0,0.0
0.0,30.0,0.0,18.0,0.0,3.0,0.0,0.0
0.0,180.0,0.0,9.0,0.0,0.0,0.0,0.0
0.0,30.0,0.0,16.0,0.0,0.0,0.0,0.0
0.0,60.0,0.0,18.0,0.0,0.0,0.0,0.0
0.0,30.0,0.0,15.0,0.0,0.0,0.0,0.0
0.0,200.0,0.0,22.0,0.0,0.0,0.0,0.0
0.0,200.0,0.0,22.0,0.0,0.0,0.0,0.0
0.0,200.0,0.0,9.0,0.0,0.0,0.0,0.0
0.0,60.0,0.0,17.0,0.0,0.0,0.0,0.0
0.0,200.0,0.0,14.0,0.0,0.0,0.0,0.0
0.0,200.0,0.0,20.0,0.0,0.0,0.0,0.0
0.0,60.0,0.0,8.0,0.0,0.0,0.0,0.0
0.0,60.0,0.0,12.0,0.0,0.0,0.0,0.0
0.0,60.0,0.0,9.0,0.0,0.0,0.0,0.0
0.0,30.0,0.0,16.0,0.0,0.0,0.0,0.0
0.0,150.0,0.0,13.0,0.0,0.0,0.0,0.0
0.0,30.0,0.0,17.0,0.0,0.0,0.0,0.0
0.0,30.0,0.0,17.0,0.0,0.0,0.0,0.0
0.0,30.0,0.0,15.0,0.0,0.0,0.0,0.0
0.0,90.0,0.0,20.0,0.0,0.0,0.0,0.0
0.0,200.0,0.0,11.0,0.0,0.0,0.0,0.0
0.0,200.0,0.0,14.0,0.0,0.0,0.0,0.0
0.0,200.0,0.0,14.0,0.0,0.0,0.0,0.0
0.0,200.0,0.0,18.0,0.0,0.0,0.0,0.0
0.0,30.0,0.0,22.0,0.0,10.0,0.0,0.0
0.0,200.0,0.0,11.0,0.0,0.0,0.0,0.0
0.0,30.0,0.0,8.0,0.0,0.0,0.0,0.0
0.0,60.0,0.0,10.0,0.0,0.0,0.0,0.0
0.0,200.0,0.0,14.0,0.0,0.0,0.0,0.0
0.0,200.0,0.0,16.0,0.0,0.0,0.0,0.0
0.0,30.0,0.0,21.0,0.0,1.0,0.0,0.0
0.0,60.0,0.0,9.0,0.0,0.0,0.0,0.0
0.0,200.0,0.0,7.0,0.0,0.0,0.0,0.0
0.0,200.0,0.0,17.0,0.0,0.0,0.0,0.0
0.0,200.0,0.0,16.0,0.0,0.0,0.0,0.0
0.0,30.0,0.0,22.0,0.0,0.0,0.0,0.0
0.0,30.0,0.0,19.0,0.0,0.0,0.0,0.0
0.0,180.0,0.0,21.0,0.0,0.0,0.0,0.0
0.0,30.0,0.0,18.0,0.0,885.0,0.0,0.0
0.0,200.0,0.0,17.0,0.0,0.0,0.0,0.0
0.0,200.0,0.0,20.0,0.0,0.0,0.0,0.0
0.0,30.0,0.0,10.0,0.0,0.0,0.0,0.0
0.0,200.0,0.0,7.0,0.0,0.0,0.0,0.0
0.0,200.0,0.0,13.0,0.0,0.0,0.0,0.0
0.0,200.0,0.0,10.0,0.0,0.0,0.0,0.0
0.0,200.0,0.0,10.0,0.0,0.0,0.0,0.0
0.0,200.0,0.0,19.0,0.0,0.0,0.0,0.0
0.0,30.0,0.0,10.0,0.0,0.0,0.0,0.0
0.0,200.0,0.0,21.0,0.0,0.0,0.0,0.0
0.0,200.0,0.0,11.0,0.0,0.0,0.0,0.0
0.0,180.0,0.0,8.0,0.0,0.0,0.0,0.0
0.0,60.0,0.0,15.0,0.0,0.0,0.0,0.0
0.0,200.0,0.0,21.0,0.0,0.0,0.0,0.0
0.0,30.0,0.0,11.0,0.0,0.0,0.0,0.0
0.0,200.0,0.0,13.0,0.0,0.0,0.0,0.0
0.0,200.0,0.0,14.0,0.0,0.0,0.0,0.0
0.0,200.0,0.0,15.0,0.0,0.0,0.0,0.0
0.0,200.0,0.0,7.0,0.0,0.0,0.0,0.0
0.0,200.0,0.0,9.0,0.0,0.0,0.0,0.0
0.0,30.0,0.0,8.0,0.0,1766.0,0.0,0.0
0.0,200.0,0.0,7.0,0.0,0.0,0.0,0.0
0.0,30.0,0.0,12.0,0.0,0.0,0.0,0.0
0.0,200.0,0.0,20.0,0.0,0.0,0.0,0.0
0.0,30.0,0.0,14.0,0.0,42.0,0.0,0.0
0.0,30.0,0.0,12.0,0.0,0.0,0.0,0.0
0.0,30.0,0.0,7.0,0.0,0.0,0.0,0.0
0.0,30.0,0.0,16.0,0.0,2.0,0.0,0.0
0.0,60.0,0.0,22.0,0.0,0.0,0.0,0.0
0.0,60.0,0.0,14.0,0.0,2.0,0.0,0.0
0.0,60.0,0.0,16.0,0.0,7200.0,0.0,0.0
0.0,120.0,0.0,12.0,0.0,0.0,0.0,0.0
0.0,200.0,0.0,18.0,0.0,0.0,0.0,0.0
0.0,30.0,0.0,16.0,0.0,3.0,0.0,0.0
0.0,150.0,0.0,16.0,0.0,0.0,0.0,0.0
0.0,200.0,0.0,15.0,0.0,0.0,0.0,0.0
0.0,30.0,0.0,13.0,0.0,29.0,0.0,0.0
0.0,200.0,0.0,16.0,0.0,7200.0,0.0,0.0
0.0,30.0,0.0,14.0,0.0,0.0,0.0,0.0
0.0,30.0,0.0,22.0,0.0,3.0,0.0,0.0
0.0,60.0,0.0,21.0,0.0,0.0,0.0,0.0
0.0,60.0,0.0,8.0,0.0,2975.0,0.0,0.0
0.0,200.0,0.0,13.0,0.0,0.0,0.0,0.0
0.0,200.0,0.0,14.0,0.0,0.0,0.0,0.0
0.0,30.0,0.0,12.0,0.0,0.0,0.0,0.0
0.0,200.0,0.0,19.0,0.0,0.0,0.0,0.0
0.0,200.0,0.0,9.0,0.0,0.0,0.0,0.0
0.0,200.0,0.0,19.0,0.0,0.0,0.0,0.0
0.0,30.0,0.0,14.0,0.0,0.0,0.0,0.0
0.0,30.0,0.0,11.0,0.0,0.0,0.0,0.0
0.0,200.0,0.0,16.0,0.0,0.0,0.0,0.0
0.0,60.0,0.0,20.0,0.0,0.0,0.0,0.0
0.0,30.0,0.0,18.0,0.0,0.0,0.0,0.0
0.0,200.0,0.0,20.0,0.0,0.0,0.0,0.0
0.0,200.0,0.0,21.0,0.0,0.0,0.0,0.0
0.0,200.0,0.0,14.0,0.0,0.0,0.0,0.0
0.0,30.0,0.0,21.0,0.0,0.0,0.0,0.0
0.0,90.0,0.0,10.0,0.0,15.0,0.0,0.0
0.0,30.0,0.0,15.0,0.0,4.0,0.0,0.0
0.0,200.0,0.0,17.0,0.0,0.0,0.0,0.0
0.0,30.0,0.0,11.0,0.0,0.0,0.0,0.0
0.0,200.0,0.0,15.0,0.0,0.0,0.0,0.0
0.0,30.0,0.0,10.0,0.0,4729.0,0.0,0.0
0.0,200.0,0.0,21.0,0.0,0.0,0.0,0.0
0.0,200.0,0.0,21.0,0.0,0.0,0.0,0.0
0.0,30.0,0.0,7.0,0.0,7.0,0.0,0.0
0.0,30.0,0.0,10.0,0.0,24.0,0.0,0.0
0.0,30.0,0.0,11.0,0.0,3.0,0.0,0.0
0.0,60.0,0.0,11.0,0.0,0.0,0.0,0.0
0.0,200.0,0.0,14.0,0.0,0.0,0.0,0.0
0.0,30.0,0.0,22.0,0.0,0.0,0.0,0.0
0.0,60.0,0.0,8.0,0.0,0.0,0.0,0.0
0.0,30.0,0.0,9.0,0.0,13.0,0.0,0.0
0.0,200.0,0.0,20.0,0.0,0.0,0.0,0.0
0.0,200.0,0.0,12.0,0.0,0.0,0.0,0.0
0.0,200.0,0.0,20.0,0.0,0.0,0.0,0.0
0.0,90.0,0.0,21.0,0.0,0.0,0.0,0.0
0.0,30.0,0.0,19.0,0.0,0.0,0.0,0.0
0.0,30.0,0.0,15.0,0.0,151.0,0.0,0.0
0.0,200.0,0.0,9.0,0.0,0.0,0.0,0.0
0.0,30.0,0.0,10.0,0.0,4065.0,0.0,0.0
0.0,60.0,0.0,18.0,0.0,0.0,0.0,0.0
0.0,30.0,0.0,12.0,0.0,7200.0,0.0,0.0
0.0,60.0,0.0,15.0,0.0,4.0,0.0,0.0
0.0,30.0,0.0,18.0,0.0,0.0,0.0,0.0
0.0,200.0,0.0,17.0,0.0,0.0,0.0,0.0
0.0,200.0,0.0,11.0,0.0,0.0,0.0,0.0
0.0,200.0,0.0,9.0,0.0,0.0,0.0,0.0
0.0,30.0,0.0,17.0,0.0,1.0,0.0,0.0
0.0,30.0,0.0,10.0,0.0,7200.0,0.0,0.0
0.0,200.0,0.0,21.0,0.0,0.0,0.0,0.0
0.0,120.0,0.0,10.0,0.0,0.0,0.0,0.0
0.0,200.0,0.0,14.0,0.0,0.0,0.0,0.0
0.0,30.0,0.0,21.0,0.0,0.0,0.0,0.0
0.0,60.0,0.0,22.0,0.0,0.0,0.0,0.0
0.0,200.0,0.0,19.0,0.0,0.0,0.0,0.0
0.0,200.0,0.0,13.0,0.0,0.0,0.0,0.0
0.0,30.0,0.0,20.0,0.0,0.0,0.0,0.0
0.0,200.0,0.0,20.0,0.0,0.0,0.0,0.0
0.0,200.0,0.0,20.0,0.0,0.0,0.0,0.0
0.0,200.0,0.0,9.0,0.0,0.0,0.0,0.0
0.0,200.0,0.0,14.0,0.0,0.0,0.0,0.0
0.0,200.0,0.0,7.0,0.0,0.0,0.0,0.0
0.0,200.0,0.0,17.0,0.0,0.0,0.0,0.0
0.0,60.0,0.0,10.0,0.0,0.0,0.0,0.0
0.0,200.0,0.0,7.0,0.0,0.0,0.0,0.0
0.0,200.0,0.0,17.0,0.0,0.0,0.0,0.0
0.0,30.0,0.0,22.0,0.0,0.0,0.0,0.0
0.0,200.0,0.0,16.0,0.0,0.0,0.0,0.0
0.0,30.0,0.0,12.0,0.0,0.0,0.0,0.0
0.0,30.0,0.0,20.0,0.0,0.0,0.0,0.0
0.0,200.0,0.0,18.0,0.0,0.0,0.0,0.0
0.0,200.0,0.0,8.0,0.0,0.0,0.0,0.0
0.0,200.0,0.0,16.0,0.0,0.0,0.0,0.0
0.0,30.0,0.0,15.0,0.0,0.0,0.0,0.0
0.0,30.0,0.0,12.0,0.0,0.0,0.0,0.0
0.0,180.0,0.0,21.0,0.0,0.0,0.0,0.0
0.0,90.0,0.0,20.0,0.0,0.0,0.0,0.0
0.0,30.0,0.0,16.0,0.0,0.0,0.0,0.0
0.0,200.0,0.0,20.0,0.0,0.0,0.0,0.0
0.0,30.0,0.0,15.0,0.0,0.0,0.0,0.0
0.0,30.0,0.0,10.0,0.0,2.0,0.0,0.0
0.0,200.0,0.0,11.0,0.0,0.0,0.0,0.0
0.0,200.0,0.0,13.0,0.0,0.0,1.0,0.0
0.0,200.0,0.0,22.0,0.0,0.0,0.0,0.0
0.0,30.0,0.0,8.0,0.0,0.0,0.0,0.0
0.0,200.0,0.0,14.0,0.0,0.0,0.0,0.0
0.0,200.0,0.0,15.0,0.0,0.0,0.0,0.0
0.0,150.0,0.0,16.0,0.0,0.0,0.0,0.0
0.0,60.0,0.0,18.0,0.0,0.0,0.0,0.0
0.0,120.0,0.0,21.0,0.0,0.0,0.0,0.0
0.0,200.0,0.0,15.0,0.0,0.0,0.0,0.0
0.0,30.0,0.0,20.0,0.0,35.0,0.0,0.0
0.0,90.0,0.0,20.0,0.0,0.0,0.0,0.0
0.0,60.0,0.0,15.0,0.0,0.0,0.0,0.0
0.0,200.0,0.0,11.0,0.0,0.0,0.0,0.0
0.0,60.0,0.0,18.0,0.0,0.0,0.0,0.0
0.0,200.0,0.0,10.0,0.0,0.0,0.0,0.0
0.0,90.0,0.0,10.0,0.0,0.0,0.0,0.0
0.0,90.0,0.0,17.0,0.0,1120.0,0.0,0.0
0.0,30.0,0.0,22.0,0.0,0.0,0.0,0.0
0.0,30.0,0.0,21.0,0.0,0.0,0.0,0.0
0.0,180.0,0.0,19.0,0.0,0.0,0.0,0.0
0.0,30.0,0.0,15.0,0.0,0.0,0.0,0.0
0.0,120.0,0.0,8.0,0.0,0.0,0.0,0.0
0.0,30.0,0.0,15.0,0.0,0.0,0.0,0.0
0.0,200.0,0.0,9.0,0.0,0.0,0.0,0.0
0.0,200.0,0.0,18.0,0.0,0.0,0.0,0.0
0.0,150.0,0.0,9.0,0.0,0.0,0.0,0.0
0.0,30.0,0.0,11.0,0.0,0.0,0.0,0.0
0.0,200.0,0.0,17.0,0.0,0.0,0.0,0.0
0.0,200.0,0.0,16.0,0.0,0.0,0.0,0.0
0.0,200.0,0.0,18.0,0.0,0.0,0.0,0.0
0.0,90.0,0.0,13.0,0.0,0.0,0.0,0.0
0.0,200.0,0.0,18.0,0.0,0.0,0.0,0.0
0.0,150.0,0.0,16.0,0.0,0.0,0.0,0.0
0.0,200.0,0.0,10.0,0.0,0.0,0.0,0.0
0.0,120.0,0.0,16.0,0.0,0.0,0.0,0.0
0.0,200.0,0.0,7.0,0.0,0.0,0.0,0.0
0.0,30.0,0.0,17.0,0.0,0.0,0.0,0.0
0.0,60.0,0.0,11.0,0.0,0.0,0.0,0.0
0.0,30.0,0.0,12.0,0.0,0.0,0.0,0.0
0.0,30.0,0.0,9.0,0.0,0.0,0.0,0.0
0.0,200.0,0.0,7.0,0.0,0.0,0.0,0.0
0.0,60.0,0.0,11.0,0.0,0.0,0.0,0.0
0.0,30.0,0.0,20.0,0.0,0.0,0.0,0.0
0.0,30.0,0.0,9.0,0.0,7.0,0.0,0.0
0.0,150.0,0.0,11.0,0.0,0.0,0.0,0.0
0.0,200.0,0.0,10.0,0.0,0.0,0.0,0.0
0.0,60.0,0.0,9.0,0.0,0.0,0.0,0.0
0.0,200.0,0.0,16.0,0.0,0.0,0.0,0.0
0.0,200.0,0.0,22.0,0.0,0.0,0.0,0.0
0.0,30.0,0.0,10.0,0.0,1203.0,0.0,0.0
0.0,30.0,0.0,15.0,0.0,0.0,0.0,0.0
0.0,30.0,0.0,21.0,0.0,0.0,0.0,0.0
0.0,200.0,0.0,9.0,0.0,0.0,0.0,0.0
0.0,200.0,0.0,13.0,0.0,0.0,0.0,0.0
0.0,90.0,0.0,19.0,0.0,2230.0,0.0,0.0
0.0,180.0,0.0,11.0,0.0,0.0,0.0,0.0
0.0,200.0,0.0,14.0,0.0,0.0,0.0,0.0
0.0,150.0,0.0,14.0,0.0,0.0,0.0,0.0
0.0,180.0,0.0,16.0,0.0,0.0,0.0,0.0
0.0,200.0,0.0,13.0,0.0,0.0,0.0,0.0
0.0,60.0,0.0,21.0,0.0,0.0,0.0,0.0
1.0,30.0,0.0,20.0,0.0,319.0,0.0,0.0
0.0,30.0,0.0,7.0,0.0,0.0,0.0,0.0
0.0,60.0,0.0,13.0,0.0,0.0,0.0,0.0
0.0,30.0,0.0,11.0,0.0,0.0,0.0,0.0
0.0,180.0,0.0,19.0,0.0,0.0,0.0,0.0
0.0,200.0,0.0,22.0,0.0,0.0,0.0,0.0
0.0,30.0,0.0,8.0,0.0,0.0,0.0,0.0
0.0,30.0,0.0,11.0,0.0,0.0,0.0,0.0
0.0,30.0,0.0,19.0,0.0,27.0,0.0,0.0
0.0,30.0,0.0,21.0,0.0,0.0,0.0,0.0
0.0,200.0,0.0,14.0,0.0,0.0,0.0,0.0
0.0,200.0,0.0,9.0,0.0,0.0,0.0,0.0
0.0,30.0,0.0,21.0,0.0,0.0,0.0,0.0
0.0,30.0,0.0,12.0,0.0,0.0,0.0,0.0
0.0,200.0,0.0,11.0,0.0,0.0,0.0,0.0
0.0,30.0,0.0,21.0,0.0,26.0,0.0,0.0
0.0,200.0,0.0,12.0,0.0,0.0,0.0,0.0
0.0,30.0,0.0,8.0,0.0,57.0,0.0,0.0
0.0,30.0,0.0,11.0,0.0,2.0,0.0,0.0
0.0,30.0,0.0,17.0,0.0,0.0,0.0,0.0
0.0,200.0,0.0,8.0,0.0,0.0,0.0,0.0
0.0,30.0,0.0,18.0,0.0,0.0,0.0,0.0
0.0,30.0,0.0,10.0,0.0,0.0,0.0,0.0
0.0,90.0,0.0,20.0,0.0,0.0,0.0,0.0
0.0,30.0,0.0,7.0,0.0,0.0,0.0,0.0
0.0,120.0,0.0,20.0,0.0,0.0,0.0,0.0
0.0,30.0,0.0,13.0,0.0,0.0,0.0,0.0
0.0,200.0,0.0,10.0,0.0,0.0,0.0,0.0
0.0,200.0,0.0,8.0,0.0,0.0,0.0,0.0
0.0,150.0,0.0,11.0,0.0,0.0,0.0,0.0
0.0,200.0,0.0,8.0,0.0,0.0,0.0,0.0
0.0,200.0,0.0,22.0,0.0,0.0,0.0,0.0
0.0,200.0,0.0,16.0,0.0,0.0,0.0,0.0
0.0,200.0,0.0,18.0,0.0,0.0,0.0,0.0
0.0,200.0,0.0,16.0,0.0,0.0,0.0,0.0
0.0,60.0,0.0,7.0,0.0,0.0,0.0,0.0
0.0,30.0,0.0,15.0,0.0,7200.0,0.0,0.0
0.0,30.0,0.0,21.0,0.0,2.0,0.0,0.0
0.0,30.0,0.0,14.0,0.0,0.0,0.0,0.0
0.0,200.0,0.0,19.0,0.0,0.0,0.0,0.0
0.0,200.0,0.0,8.0,0.0,0.0,0.0,0.0
0.0,200.0,0.0,18.0,0.0,0.0,0.0,0.0
0.0,120.0,0.0,14.0,0.0,7200.0,0.0,0.0
0.0,30.0,0.0,7.0,0.0,5.0,0.0,0.0
0.0,60.0,0.0,20.0,0.0,0.0,0.0,0.0
0.0,30.0,0.0,16.0,0.0,0.0,0.0,0.0
0.0,200.0,0.0,9.0,0.0,0.0,0.0,0.0
0.0,60.0,0.0,17.0,0.0,0.0,0.0,0.0
0.0,200.0,0.0,11.0,0.0,0.0,0.0,0.0
0.0,120.0,0.0,10.0,0.0,0.0,0.0,0.0
0.0,30.0,0.0,22.0,0.0,0.0,0.0,0.0
0.0,150.0,0.0,21.0,0.0,0.0,0.0,0.0
0.0,30.0,0.0,14.0,0.0,0.0,0.0,0.0
0.0,30.0,0.0,14.0,0.0,0.0,0.0,0.0
0.0,200.0,0.0,7.0,0.0,0.0,0.0,0.0
0.0,200.0,0.0,7.0,0.0,0.0,0.0,0.0
0.0,200.0,0.0,20.0,0.0,0.0,0.0,0.0
0.0,200.0,0.0,9.0,0.0,0.0,0.0,0.0
0.0,120.0,0.0,7.0,0.0,0.0,0.0,0.0
0.0,200.0,0.0,7.0,0.0,0.0,0.0,0.0
0.0,200.0,0.0,11.0,0.0,0.0,0.0,0.0
0.0,30.0,0.0,10.0,0.0,22.0,0.0,0.0
0.0,200.0,0.0,22.0,0.0,0.0,0.0,0.0
0.0,200.0,0.0,21.0,0.0,0.0,0.0,0.0
0.0,200.0,0.0,21.0,0.0,0.0,0.0,0.0
0.0,180.0,0.0,7.0,0.0,0.0,0.0,0.0
0.0,200.0,0.0,19.0,0.0,0.0,0.0,0.0
0.0,200.0,0.0,7.0,0.0,0.0,0.0,0.0
0.0,30.0,0.0,14.0,0.0,0.0,0.0,0.0
0.0,200.0,0.0,7.0,0.0,0.0,0.0,0.0
0.0,30.0,0.0,21.0,0.0,222.0,0.0,0.0
0.0,30.0,0.0,20.0,0.0,0.0,0.0,0.0
0.0,120.0,0.0,18.0,0.0,2.0,0.0,0.0
0.0,90.0,0.0,12.0,0.0,0.0,0.0,0.0
0.0,200.0,0.0,22.0,0.0,0.0,0.0,0.0
0.0,200.0,0.0,22.0,0.0,0.0,0.0,0.0
0.0,90.0,0.0,12.0,0.0,0.0,0.0,0.0
0.0,200.0,0.0,13.0,0.0,0.0,0.0,0.0
0.0,150.0,0.0,13.0,0.0,0.0,0.0,0.0
0.0,200.0,0.0,15.0,0.0,0.0,0.0,0.0
0.0,150.0,0.0,16.0,0.0,0.0,0.0,0.0
0.0,30.0,0.0,9.0,0.0,0.0,0.0,0.0
0.0,200.0,0.0,12.0,0.0,0.0,0.0,0.0
0.0,120.0,0.0,11.0,0.0,0.0,0.0,0.0
0.0,30.0,0.0,8.0,0.0,16.0,0.0,0.0
0.0,200.0,0.0,9.0,0.0,0.0,0.0,0.0
0.0,30.0,0.0,14.0,0.0,0.0,0.0,0.0
0.0,120.0,0.0,14.0,0.0,0.0,0.0,0.0
0.0,200.0,0.0,22.0,0.0,0.0,0.0,0.0
0.0,30.0,0.0,16.0,0.0,1.0,0.0,0.0
0.0,30.0,0.0,21.0,0.0,0.0,0.0,0.0
0.0,200.0,0.0,10.0,0.0,0.0,0.0,0.0
0.0,200.0,0.0,22.0,0.0,0.0,0.0,0.0
0.0,30.0,0.0,11.0,0.0,0.0,0.0,0.0
0.0,30.0,0.0,12.0,0.0,0.0,0.0,0.0
0.0,60.0,0.0,14.0,0.0,0.0,0.0,0.0
0.0,60.0,0.0,14.0,0.0,1.0,0.0,0.0
0.0,30.0,0.0,17.0,0.0,3.0,0.0,0.0
0.0,30.0,0.0,22.0,0.0,0.0,0.0,0.0
0.0,30.0,0.0,14.0,0.0,5.0,0.0,0.0
0.0,150.0,0.0,12.0,0.0,0.0,0.0,0.0
0.0,30.0,0.0,8.0,0.0,3.0,0.0,0.0
0.0,90.0,0.0,10.0,0.0,0.0,0.0,0.0
0.0,200.0,0.0,13.0,0.0,0.0,0.0,0.0
0.0,200.0,0.0,20.0,0.0,0.0,0.0,0.0
0.0,200.0,0.0,10.0,0.0,0.0,0.0,0.0
0.0,30.0,0.0,9.0,0.0,2.0,0.0,0.0
0.0,200.0,0.0,19.0,0.0,0.0,0.0,0.0
0.0,200.0,0.0,15.0,0.0,0.0,0.0,0.0
0.0,200.0,0.0,12.0,0.0,0.0,0.0,0.0
0.0,30.0,0.0,7.0,0.0,0.0,0.0,0.0
0.0,200.0,0.0,17.0,0.0,0.0,0.0,0.0
0.0,200.0,0.0,17.0,0.0,0.0,0.0,0.0
0.0,200.0,0.0,22.0,0.0,0.0,0.0,0.0
0.0,30.0,0.0,8.0,0.0,0.0,0.0,0.0
0.0,200.0,0.0,21.0,0.0,0.0,0.0,0.0
0.0,200.0,0.0,15.0,0.0,0.0,0.0,0.0
0.0,90.0,0.0,9.0,0.0,0.0,0.0,0.0
0.0,30.0,0.0,8.0,0.0,15.0,0.0,0.0
0.0,200.0,0.0,17.0,0.0,0.0,0.0,0.0
0.0,30.0,0.0,11.0,0.0,17.0,0.0,0.0
0.0,30.0,0.0,15.0,0.0,0.0,0.0,0.0
0.0,30.0,0.0,20.0,0.0,0.0,0.0,0.0
0.0,60.0,0.0,17.0,0.0,0.0,0.0,0.0
0.0,200.0,0.0,13.0,0.0,0.0,0.0,0.0
0.0,150.0,0.0,13.0,0.0,0.0,0.0,0.0
0.0,200.0,0.0,9.0,0.0,0.0,0.0,0.0
0.0,60.0,0.0,18.0,0.0,0.0,0.0,0.0
0.0,150.0,0.0,21.0,0.0,0.0,0.0,0.0
0.0,200.0,0.0,20.0,0.0,0.0,0.0,0.0
0.0,30.0,0.0,8.0,0.0,0.0,0.0,0.0
0.0,30.0,0.0,10.0,0.0,1.0,0.0,0.0
0.0,200.0,0.0,21.0,0.0,0.0,0.0,0.0
0.0,180.0,0.0,22.0,0.0,2712.0,0.0,0.0
0.0,90.0,0.0,7.0,0.0,0.0,0.0,0.0
0.0,200.0,0.0,8.0,0.0,0.0,0.0,0.0
0.0,200.0,0.0,16.0,0.0,0.0,0.0,0.0
0.0,200.0,0.0,9.0,0.0,0.0,0.0,0.0
0.0,200.0,0.0,17.0,0.0,0.0,0.0,0.0
0.0,120.0,0.0,14.0,0.0,0.0,0.0,0.0
0.0,200.0,0.0,21.0,0.0,0.0,0.0,0.0
0.0,200.0,0.0,13.0,0.0,0.0,0.0,0.0
0.0,30.0,0.0,18.0,0.0,0.0,0.0,0.0
0.0,200.0,0.0,11.0,0.0,0.0,0.0,0.0
0.0,30.0,0.0,9.0,0.0,0.0,0.0,0.0
0.0,180.0,0.0,10.0,0.0,0.0,0.0,0.0
0.0,30.0,0.0,19.0,0.0,0.0,0.0,0.0
0.0,200.0,0.0,14.0,0.0,0.0,0.0,0.0
0.0,200.0,0.0,7.0,0.0,0.0,0.0,0.0
0.0,120.0,0.0,18.0,0.0,0.0,0.0,0.0
0.0,30.0,0.0,16.0,0.0,0.0,0.0,0.0
0.0,200.0,0.0,18.0,0.0,0.0,0.0,0.0
0.0,200.0,0.0,21.0,0.0,0.0,0.0,0.0
0.0,30.0,0.0,15.0,0.0,9.0,0.0,0.0
0.0,30.0,0.0,8.0,0.0,0.0,0.0,0.0
0.0,200.0,0.0,7.0,0.0,0.0,0.0,0.0
0.0,30.0,0.0,18.0,0.0,6.0,0.0,0.0
0.0,30.0,0.0,10.0,0.0,0.0,0.0,0.0
0.0,30.0,0.0,8.0,0.0,0.0,0.0,0.0
0.0,30.0,0.0,15.0,0.0,0.0,6.0,0.0
0.0,200.0,0.0,17.0,0.0,0.0,0.0,0.0
0.0,200.0,0.0,15.0,0.0,0.0,0.0,0.0
0.0,200.0,0.0,20.0,0.0,0.0,0.0,0.0
0.0,200.0,0.0,8.0,0.0,0.0,0.0,0.0
0.0,200.0,0.0,8.0,0.0,0.0,0.0,0.0
0.0,90.0,0.0,18.0,0.0,0.0,0.0,0.0
0.0,180.0,0.0,17.0,0.0,0.0,0.0,0.0
0.0,200.0,0.0,19.0,0.0,0.0,0.0,0.0
0.0,30.0,0.0,14.0,0.0,0.0,0.0,0.0
0.0,60.0,0.0,10.0,0.0,0.0,0.0,0.0
0.0,30.0,0.0,13.0,0.0,7200.0,0.0,0.0
0.0,60.0,0.0,15.0,0.0,0.0,0.0,0.0
0.0,200.0,0.0,13.0,0.0,0.0,0.0,0.0
0.0,90.0,0.0,13.0,0.0,0.0,0.0,0.0
0.0,30.0,0.0,7.0,0.0,0.0,0.0,0.0
0.0,90.0,0.0,17.0,0.0,0.0,0.0,0.0
0.0,30.0,0.0,18.0,0.0,11.0,0.0,0.0
0.0,200.0,0.0,7.0,0.0,0.0,0.0,0.0
0.0,30.0,0.0,7.0,0.0,22.0,0.0,0.0
0.0,30.0,0.0,15.0,0.0,32.0,0.0,0.0
0.0,30.0,0.0,15.0,0.0,1.0,0.0,0.0
0.0,200.0,0.0,21.0,0.0,0.0,0.0,0.0
0.0,200.0,0.0,15.0,0.0,0.0,0.0,0.0
0.0,180.0,0.0,7.0,0.0,0.0,0.0,0.0
0.0,30.0,0.0,9.0,0.0,3260.0,0.0,0.0
0.0,30.0,0.0,7.0,0.0,0.0,0.0,0.0
0.0,120.0,0.0,14.0,0.0,0.0,0.0,0.0
0.0,30.0,0.0,21.0,0.0,0.0,0.0,0.0
0.0,60.0,0.0,7.0,0.0,0.0,0.0,0.0
0.0,120.0,0.0,17.0,0.0,0.0,0.0,0.0
0.0,200.0,0.0,15.0,0.0,0.0,0.0,0.0
0.0,60.0,0.0,8.0,0.0,0.0,0.0,0.0
0.0,30.0,0.0,16.0,0.0,0.0,0.0,0.0
0.0,60.0,0.0,8.0,0.0,0.0,0.0,0.0
0.0,60.0,0.0,16.0,0.0,0.0,0.0,0.0
0.0,90.0,0.0,13.0,0.0,0.0,0.0,0.0
0.0,120.0,0.0,12.0,0.0,0.0,0.0,0.0
0.0,30.0,0.0,15.0,0.0,0.0,0.0,0.0
0.0,180.0,0.0,10.0,0.0,0.0,0.0,0.0
0.0,200.0,0.0,17.0,0.0,0.0,0.0,0.0
0.0,120.0,0.0,13.0,0.0,0.0,0.0,0.0
0.0,200.0,0.0,7.0,0.0,0.0,0.0,0.0
0.0,60.0,0.0,11.0,0.0,0.0,0.0,0.0
0.0,200.0,0.0,20.0,0.0,0.0,0.0,0.0
0.0,120.0,0.0,18.0,0.0,0.0,0.0,0.0
0.0,60.0,0.0,13.0,0.0,0.0,0.0,0.0
0.0,90.0,0.0,22.0,0.0,0.0,0.0,0.0
0.0,200.0,0.0,21.0,0.0,0.0,0.0,0.0
0.0,200.0,0.0,7.0,0.0,0.0,0.0,0.0
0.0,30.0,0.0,18.0,0.0,0.0,0.0,0.0
0.0,30.0,0.0,20.0,0.0,0.0,0.0,0.0
0.0,30.0,0.0,17.0,0.0,0.0,0.0,0.0
0.0,200.0,0.0,13.0,0.0,0.0,0.0,0.0
0.0,150.0,0.0,13.0,0.0,0.0,0.0,0.0
0.0,120.0,0.0,15.0,0.0,0.0,0.0,0.0
0.0,30.0,0.0,11.0,0.0,1.0,0.0,0.0
0.0,30.0,0.0,19.0,0.0,0.0,0.0,0.0
0.0,30.0,0.0,21.0,0.0,0.0,0.0,0.0
0.0,30.0,0.0,9.0,0.0,19.0,0.0,0.0
0.0,60.0,0.0,18.0,0.0,0.0,0.0,0.0
0.0,30.0,0.0,16.0,0.0,0.0,0.0,0.0
0.0,200.0,0.0,9.0,0.0,0.0,0.0,0.0
0.0,90.0,0.0,16.0,0.0,0.0,0.0,0.0
0.0,200.0,0.0,17.0,0.0,0.0,0.0,0.0
0.0,200.0,0.0,16.0,0.0,0.0,0.0,0.0
0.0,60.0,0.0,18.0,0.0,0.0,0.0,0.0
0.0,150.0,0.0,10.0,0.0,0.0,0.0,0.0
0.0,90.0,0.0,12.0,0.0,0.0,0.0,0.0
0.0,200.0,0.0,19.0,0.0,0.0,0.0,0.0
0.0,200.0,0.0,7.0,0.0,0.0,0.0,0.0
0.0,200.0,0.0,22.0,0.0,0.0,0.0,0.0
0.0,60.0,0.0,16.0,0.0,0.0,0.0,0.0
0.0,90.0,0.0,9.0,0.0,0.0,0.0,0.0
0.0,30.0,0.0,19.0,0.0,0.0,0.0,0.0
0.0,200.0,0.0,10.0,0.0,0.0,0.0,0.0
0.0,200.0,0.0,8.0,0.0,0.0,0.0,0.0
0.0,200.0,0.0,9.0,0.0,0.0,0.0,0.0
0.0,200.0,0.0,18.0,0.0,0.0,0.0,0.0
0.0,30.0,0.0,7.0,0.0,0.0,0.0,0.0
0.0,30.0,0.0,13.0,0.0,0.0,0.0,0.0
0.0,120.0,0.0,15.0,0.0,0.0,0.0,0.0
0.0,30.0,0.0,20.0,0.0,239.0,0.0,0.0
0.0,30.0,0.0,20.0,0.0,0.0,0.0,0.0
0.0,90.0,0.0,20.0,0.0,0.0,0.0,0.0
0.0,200.0,0.0,14.0,0.0,0.0,0.0,0.0
0.0,200.0,0.0,16.0,0.0,0.0,0.0,0.0
0.0,30.0,0.0,12.0,0.0,5.0,0.0,0.0
0.0,30.0,0.0,12.0,0.0,1.0,0.0,0.0
0.0,200.0,0.0,13.0,0.0,0.0,0.0,0.0
0.0,200.0,0.0,14.0,0.0,0.0,0.0,0.0
0.0,200.0,0.0,22.0,0.0,0.0,0.0,0.0
0.0,200.0,0.0,19.0,0.0,0.0,0.0,0.0
0.0,30.0,0.0,21.0,0.0,0.0,0.0,0.0
0.0,200.0,0.0,11.0,0.0,0.0,0.0,0.0
0.0,200.0,0.0,14.0,0.0,0.0,0.0,0.0
0.0,30.0,0.0,10.0,0.0,0.0,0.0,0.0
0.0,200.0,0.0,16.0,0.0,0.0,0.0,0.0
0.0,200.0,0.0,17.0,0.0,0.0,1.0,0.0
0.0,30.0,0.0,9.0,0.0,0.0,0.0,0.0
0.0,60.0,0.0,10.0,0.0,0.0,0.0,0.0
0.0,30.0,0.0,19.0,0.0,0.0,0.0,0.0
0.0,30.0,0.0,20.0,0.0,0.0,0.0,0.0
0.0,90.0,0.0,13.0,0.0,0.0,0.0,0.0
0.0,90.0,0.0,10.0,0.0,0.0,0.0,0.0
0.0,30.0,0.0,17.0,0.0,0.0,0.0,0.0
0.0,30.0,0.0,14.0,0.0,6.0,0.0,0.0
0.0,30.0,0.0,9.0,0.0,1.0,0.0,0.0
0.0,60.0,0.0,7.0,0.0,0.0,0.0,0.0
0.0,30.0,0.0,13.0,0.0,5.0,0.0,0.0
0.0,200.0,0.0,20.0,0.0,0.0,0.0,0.0
0.0,90.0,0.0,10.0,0.0,28.0,0.0,0.0
0.0,60.0,0.0,20.0,0.0,0.0,0.0,0.0
1.0,30.0,0.0,22.0,0.0,300.0,0.0,0.0
0.0,200.0,0.0,7.0,0.0,0.0,0.0,0.0
0.0,150.0,0.0,16.0,0.0,0.0,0.0,0.0
0.0,200.0,0.0,15.0,0.0,0.0,0.0,0.0
0.0,30.0,0.0,8.0,0.0,0.0,0.0,0.0
0.0,120.0,0.0,20.0,0.0,0.0,0.0,0.0
0.0,200.0,0.0,15.0,0.0,0.0,0.0,0.0
0.0,150.0,0.0,7.0,0.0,0.0,0.0,0.0
0.0,200.0,0.0,18.0,0.0,0.0,0.0,0.0
0.0,200.0,0.0,19.0,0.0,0.0,0.0,0.0
0.0,180.0,0.0,11.0,0.0,0.0,0.0,0.0
0.0,30.0,0.0,10.0,0.0,0.0,0.0,0.0
0.0,200.0,0.0,20.0,0.0,0.0,0.0,0.0
0.0,200.0,0.0,8.0,0.0,0.0,0.0,0.0
0.0,90.0,0.0,20.0,0.0,0.0,0.0,0.0
0.0,200.0,0.0,8.0,0.0,0.0,0.0,0.0
0.0,30.0,0.0,20.0,0.0,0.0,0.0,0.0
0.0,30.0,0.0,20.0,0.0,0.0,0.0,0.0
0.0,200.0,0.0,14.0,0.0,0.0,0.0,0.0
0.0,120.0,0.0,17.0,0.0,0.0,0.0,0.0
0.0,200.0,0.0,18.0,0.0,0.0,0.0,0.0
0.0,90.0,0.0,15.0,0.0,0.0,0.0,0.0
0.0,200.0,0.0,14.0,0.0,0.0,0.0,0.0
0.0,30.0,0.0,13.0,0.0,0.0,0.0,0.0
0.0,30.0,0.0,22.0,0.0,7200.0,0.0,0.0
0.0,200.0,0.0,16.0,0.0,0.0,0.0,0.0
0.0,60.0,0.0,11.0,0.0,0.0,0.0,0.0
0.0,60.0,0.0,18.0,0.0,0.0,0.0,0.0
0.0,60.0,0.0,10.0,0.0,0.0,0.0,0.0
0.0,200.0,0.0,8.0,0.0,0.0,0.0,0.0
0.0,150.0,0.0,12.0,0.0,7200.0,0.0,0.0
0.0,200.0,0.0,21.0,0.0,0.0,0.0,0.0
0.0,200.0,0.0,22.0,0.0,0.0,0.0,0.0
0.0,200.0,0.0,18.0,0.0,0.0,0.0,0.0
0.0,200.0,0.0,12.0,0.0,0.0,0.0,0.0
0.0,200.0,0.0,22.0,0.0,0.0,0.0,0.0
0.0,30.0,0.0,17.0,0.0,0.0,0.0,0.0
0.0,30.0,0.0,22.0,0.0,0.0,0.0,0.0
0.0,200.0,0.0,15.0,0.0,0.0,0.0,0.0
0.0,90.0,0.0,22.0,0.0,0.0,0.0,0.0
0.0,200.0,0.0,17.0,0.0,0.0,0.0,0.0
0.0,150.0,0.0,10.0,0.0,0.0,0.0,0.0
0.0,60.0,1.0,8.0,0.0,0.0,0.0,0.0
0.0,200.0,0.0,13.0,0.0,0.0,0.0,0.0
0.0,200.0,0.0,13.0,0.0,0.0,0.0,0.0
0.0,60.0,0.0,10.0,0.0,2.0,0.0,0.0
0.0,200.0,0.0,22.0,0.0,0.0,0.0,0.0
0.0,30.0,0.0,7.0,0.0,3015.0,0.0,0.0
0.0,180.0,0.0,11.0,0.0,0.0,0.0,0.0
0.0,200.0,0.0,15.0,0.0,0.0,0.0,0.0
0.0,200.0,0.0,10.0,0.0,0.0,0.0,0.0
0.0,30.0,0.0,22.0,0.0,0.0,0.0,0.0
0.0,200.0,0.0,21.0,0.0,0.0,0.0,0.0
0.0,150.0,0.0,8.0,0.0,0.0,0.0,0.0
0.0,200.0,0.0,15.0,0.0,0.0,0.0,0.0
0.0,200.0,0.0,10.0,0.0,0.0,0.0,0.0
0.0,200.0,0.0,18.0,0.0,0.0,0.0,0.0
0.0,0.0,0.0,8.0,0.0,0.0,0.0,0.0
0.0,30.0,0.0,11.0,0.0,0.0,0.0,0.0
0.0,120.0,0.0,11.0,0.0,0.0,0.0,0.0
0.0,150.0,0.0,21.0,0.0,0.0,0.0,0.0
0.0,90.0,0.0,19.0,0.0,0.0,0.0,0.0
0.0,60.0,0.0,9.0,0.0,0.0,0.0,0.0
0.0,200.0,0.0,20.0,0.0,13.0,0.0,0.0
0.0,60.0,0.0,8.0,0.0,14.0,0.0,0.0
0.0,30.0,0.0,9.0,0.0,29.0,0.0,0.0
0.0,200.0,0.0,20.0,0.0,0.0,0.0,0.0
0.0,200.0,0.0,7.0,0.0,0.0,0.0,0.0
0.0,30.0,0.0,16.0,0.0,0.0,0.0,0.0
0.0,200.0,0.0,17.0,0.0,0.0,0.0,0.0
0.0,200.0,0.0,13.0,0.0,0.0,0.0,0.0
0.0,60.0,0.0,19.0,0.0,0.0,0.0,0.0
0.0,150.0,0.0,19.0,0.0,0.0,0.0,0.0
0.0,30.0,0.0,11.0,0.0,0.0,0.0,0.0
0.0,90.0,0.0,21.0,0.0,0.0,0.0,0.0
0.0,30.0,0.0,17.0,0.0,0.0,0.0,0.0
0.0,30.0,0.0,17.0,0.0,556.0,0.0,0.0
0.0,30.0,0.0,13.0,0.0,10.0,0.0,0.0
0.0,30.0,0.0,11.0,0.0,5915.0,0.0,0.0
0.0,200.0,0.0,17.0,0.0,0.0,0.0,0.0
0.0,180.0,0.0,19.0,0.0,0.0,0.0,0.0
0.0,30.0,0.0,7.0,0.0,0.0,0.0,0.0
0.0,120.0,0.0,17.0,0.0,0.0,0.0,0.0
0.0,30.0,0.0,22.0,0.0,0.0,0.0,0.0
0.0,30.0,0.0,15.0,0.0,0.0,0.0,0.0
0.0,30.0,0.0,10.0,0.0,0.0,0.0,0.0
0.0,30.0,0.0,15.0,0.0,0.0,0.0,0.0
0.0,30.0,0.0,14.0,0.0,0.0,0.0,0.0
0.0,30.0,0.0,12.0,0.0,0.0,0.0,0.0
0.0,30.0,0.0,11.0,0.0,0.0,0.0,0.0
0.0,30.0,0.0,18.0,0.0,7200.0,0.0,0.0
0.0,200.0,0.0,17.0,0.0,0.0,0.0,0.0
0.0,200.0,0.0,7.0,0.0,0.0,0.0,0.0
0.0,200.0,0.0,16.0,0.0,0.0,0.0,0.0
0.0,200.0,0.0,20.0,0.0,0.0,0.0,0.0
0.0,30.0,0.0,14.0,0.0,0.0,0.0,0.0
0.0,200.0,0.0,21.0,0.0,0.0,0.0,0.0
0.0,200.0,0.0,13.0,0.0,0.0,0.0,0.0
0.0,200.0,0.0,7.0,0.0,0.0,0.0,0.0
0.0,60.0,0.0,14.0,0.0,0.0,0.0,0.0
0.0,120.0,0.0,7.0,0.0,0.0,0.0,0.0
0.0,30.0,0.0,21.0,0.0,0.0,0.0,0.0
0.0,30.0,0.0,10.0,0.0,4.0,0.0,0.0
0.0,30.0,0.0,11.0,0.0,0.0,0.0,0.0
0.0,30.0,0.0,9.0,0.0,0.0,0.0,0.0
0.0,60.0,0.0,20.0,0.0,0.0,0.0,0.0
0.0,60.0,0.0,21.0,0.0,0.0,0.0,0.0
0.0,200.0,0.0,15.0,0.0,0.0,0.0,0.0
0.0,30.0,0.0,13.0,0.0,1.0,0.0,0.0
0.0,30.0,0.0,12.0,0.0,0.0,0.0,0.0
0.0,120.0,0.0,8.0,0.0,0.0,0.0,0.0
0.0,60.0,0.0,8.0,0.0,0.0,0.0,0.0
0.0,90.0,0.0,12.0,0.0,0.0,0.0,0.0
0.0,30.0,0.0,7.0,0.0,0.0,0.0,0.0
0.0,120.0,0.0,7.0,0.0,0.0,0.0,0.0
0.0,200.0,0.0,12.0,0.0,0.0,0.0,0.0
0.0,30.0,0.0,17.0,0.0,1.0,0.0,0.0
0.0,30.0,0.0,12.0,0.0,0.0,0.0,0.0
0.0,30.0,0.0,13.0,0.0,1.0,0.0,0.0
0.0,30.0,0.0,20.0,0.0,0.0,0.0,0.0
0.0,200.0,0.0,19.0,0.0,0.0,0.0,0.0
0.0,200.0,0.0,9.0,0.0,0.0,0.0,0.0
0.0,60.0,0.0,14.0,0.0,0.0,0.0,0.0
0.0,200.0,0.0,8.0,0.0,0.0,0.0,0.0
0.0,200.0,0.0,7.0,0.0,0.0,0.0,0.0
0.0,120.0,0.0,11.0,0.0,0.0,0.0,0.0
0.0,150.0,0.0,10.0,0.0,0.0,0.0,0.0
0.0,30.0,0.0,8.0,0.0,0.0,0.0,0.0
0.0,120.0,0.0,18.0,0.0,0.0,0.0,0.0
0.0,200.0,0.0,16.0,0.0,0.0,0.0,0.0
0.0,30.0,0.0,16.0,0.0,0.0,0.0,0.0
0.0,200.0,0.0,21.0,0.0,0.0,0.0,0.0
0.0,150.0,0.0,9.0,0.0,0.0,0.0,0.0
0.0,200.0,0.0,17.0,0.0,0.0,0.0,0.0
0.0,30.0,0.0,15.0,0.0,1.0,0.0,0.0
0.0,30.0,0.0,22.0,0.0,0.0,0.0,0.0
0.0,30.0,0.0,8.0,0.0,0.0,0.0,0.0
0.0,30.0,0.0,16.0,0.0,1.0,0.0,0.0
0.0,30.0,0.0,21.0,0.0,1.0,0.0,0.0
0.0,200.0,0.0,14.0,0.0,0.0,0.0,0.0
0.0,200.0,0.0,17.0,0.0,0.0,0.0,0.0
0.0,200.0,0.0,10.0,0.0,0.0,0.0,0.0
0.0,200.0,0.0,22.0,0.0,0.0,0.0,0.0
0.0,90.0,0.0,21.0,0.0,0.0,0.0,0.0
0.0,200.0,0.0,8.0,0.0,0.0,0.0,0.0
0.0,90.0,0.0,20.0,0.0,0.0,0.0,0.0
0.0,200.0,0.0,12.0,0.0,0.0,0.0,0.0
0.0,120.0,0.0,8.0,0.0,6029.0,0.0,0.0
0.0,200.0,0.0,12.0,0.0,0.0,0.0,0.0
0.0,200.0,0.0,17.0,0.0,0.0,0.0,0.0
0.0,200.0,0.0,11.0,0.0,0.0,0.0,0.0
0.0,200.0,0.0,10.0,0.0,0.0,0.0,0.0
0.0,30.0,0.0,16.0,0.0,0.0,0.0,0.0
0.0,60.0,0.0,8.0,0.0,0.0,0.0,0.0
0.0,200.0,0.0,19.0,0.0,0.0,0.0,0.0
0.0,200.0,0.0,9.0,0.0,0.0,0.0,0.0
0.0,30.0,0.0,16.0,0.0,0.0,0.0,0.0
0.0,30.0,0.0,20.0,0.0,0.0,0.0,0.0
0.0,30.0,0.0,21.0,0.0,0.0,0.0,0.0
0.0,200.0,0.0,13.0,0.0,0.0,0.0,0.0
0.0,180.0,0.0,9.0,0.0,0.0,0.0,0.0
0.0,90.0,0.0,7.0,0.0,0.0,0.0,0.0
0.0,30.0,0.0,13.0,0.0,0.0,0.0,0.0
0.0,200.0,0.0,18.0,0.0,0.0,0.0,0.0
0.0,200.0,0.0,7.0,0.0,0.0,0.0,0.0
0.0,30.0,0.0,16.0,0.0,15.0,0.0,0.0
0.0,30.0,0.0,10.0,0.0,0.0,0.0,0.0
0.0,30.0,0.0,14.0,0.0,1.0,0.0,0.0
0.0,120.0,0.0,15.0,0.0,0.0,0.0,0.0
0.0,200.0,0.0,19.0,0.0,0.0,0.0,0.0
0.0,60.0,0.0,18.0,0.0,0.0,0.0,0.0
0.0,30.0,0.0,10.0,0.0,0.0,0.0,0.0
0.0,200.0,0.0,7.0,0.0,0.0,0.0,0.0
0.0,200.0,0.0,15.0,0.0,0.0,0.0,0.0
0.0,200.0,0.0,12.0,0.0,0.0,0.0,0.0
0.0,200.0,0.0,15.0,0.0,0.0,0.0,0.0
0.0,200.0,0.0,19.0,0.0,0.0,0.0,0.0
0.0,200.0,0.0,18.0,0.0,0.0,0.0,0.0
0.0,30.0,0.0,12.0,0.0,0.0,0.0,0.0
0.0,30.0,0.0,7.0,0.0,2.0,0.0,0.0
0.0,200.0,0.0,14.0,0.0,0.0,0.0,0.0
0.0,200.0,0.0,15.0,0.0,0.0,0.0,0.0
0.0,60.0,0.0,13.0,0.0,0.0,0.0,0.0
0.0,30.0,0.0,15.0,0.0,10.0,0.0,0.0
0.0,200.0,0.0,10.0,0.0,0.0,0.0,0.0
0.0,200.0,0.0,7.0,0.0,0.0,0.0,0.0
0.0,200.0,0.0,19.0,0.0,0.0,0.0,0.0
0.0,200.0,0.0,16.0,0.0,0.0,0.0,0.0
0.0,200.0,0.0,14.0,0.0,0.0,0.0,0.0
0.0,200.0,0.0,17.0,0.0,0.0,0.0,0.0
0.0,60.0,0.0,9.0,0.0,0.0,0.0,0.0
0.0,60.0,0.0,19.0,0.0,5.0,0.0,0.0
0.0,30.0,0.0,20.0,0.0,0.0,0.0,0.0
0.0,60.0,0.0,20.0,0.0,0.0,0.0,0.0
0.0,200.0,0.0,21.0,0.0,0.0,0.0,0.0
0.0,200.0,0.0,22.0,0.0,0.0,0.0,0.0
0.0,30.0,0.0,15.0,0.0,21.0,0.0,0.0
0.0,200.0,0.0,13.0,0.0,0.0,0.0,0.0
0.0,60.0,0.0,16.0,0.0,0.0,0.0,0.0
0.0,30.0,0.0,10.0,0.0,8.0,0.0,0.0
0.0,150.0,0.0,22.0,0.0,0.0,0.0,0.0
0.0,120.0,0.0,11.0,0.0,0.0,0.0,0.0
0.0,30.0,0.0,16.0,0.0,0.0,0.0,0.0
0.0,120.0,0.0,18.0,0.0,0.0,0.0,0.0
0.0,30.0,0.0,12.0,0.0,14.0,0.0,0.0
0.0,200.0,0.0,11.0,0.0,0.0,0.0,0.0
0.0,30.0,0.0,7.0,0.0,0.0,0.0,0.0
0.0,60.0,0.0,15.0,0.0,0.0,0.0,0.0
0.0,30.0,0.0,16.0,0.0,2470.0,0.0,0.0
0.0,60.0,0.0,9.0,0.0,2260.0,0.0,0.0
0.0,200.0,0.0,18.0,0.0,0.0,0.0,0.0
0.0,30.0,0.0,22.0,0.0,0.0,0.0,0.0
0.0,30.0,0.0,10.0,0.0,18.0,0.0,0.0
0.0,60.0,0.0,17.0,0.0,0.0,0.0,0.0
0.0,150.0,0.0,13.0,0.0,0.0,0.0,0.0
0.0,30.0,0.0,15.0,0.0,397.0,0.0,0.0
0.0,90.0,0.0,14.0,0.0,0.0,0.0,0.0
0.0,30.0,0.0,19.0,0.0,0.0,0.0,0.0
0.0,200.0,0.0,7.0,0.0,0.0,0.0,0.0
0.0,30.0,0.0,12.0,0.0,0.0,0.0,0.0
0.0,30.0,0.0,9.0,0.0,0.0,0.0,0.0
0.0,30.0,0.0,22.0,0.0,0.0,0.0,0.0
0.0,30.0,0.0,19.0,0.0,0.0,0.0,0.0
0.0,30.0,0.0,17.0,0.0,0.0,0.0,0.0
0.0,30.0,0.0,16.0,0.0,1.0,0.0,0.0
0.0,30.0,0.0,13.0,0.0,0.0,0.0,0.0
0.0,200.0,0.0,13.0,0.0,0.0,0.0,0.0
0.0,200.0,0.0,17.0,0.0,0.0,0.0,0.0
0.0,90.0,0.0,16.0,0.0,0.0,0.0,0.0
0.0,30.0,0.0,19.0,0.0,0.0,0.0,0.0
0.0,200.0,0.0,8.0,0.0,0.0,0.0,0.0
0.0,200.0,0.0,18.0,0.0,0.0,0.0,0.0
0.0,30.0,0.0,11.0,0.0,0.0,0.0,0.0
0.0,200.0,0.0,15.0,0.0,0.0,0.0,0.0
0.0,200.0,0.0,13.0,0.0,0.0,0.0,0.0
0.0,30.0,0.0,7.0,0.0,0.0,0.0,0.0
0.0,200.0,0.0,8.0,0.0,0.0,0.0,0.0
0.0,30.0,0.0,15.0,0.0,0.0,0.0,0.0
0.0,120.0,0.0,19.0,0.0,0.0,0.0,0.0
0.0,200.0,0.0,9.0,0.0,0.0,0.0,0.0
0.0,200.0,0.0,22.0,0.0,0.0,0.0,0.0
0.0,30.0,0.0,9.0,0.0,0.0,0.0,0.0
0.0,150.0,0.0,12.0,0.0,0.0,0.0,0.0
0.0,180.0,0.0,11.0,0.0,0.0,0.0,0.0
0.0,30.0,0.0,9.0,0.0,0.0,0.0,0.0
0.0,30.0,0.0,14.0,0.0,0.0,0.0,0.0
0.0,30.0,0.0,16.0,0.0,0.0,0.0,0.0
0.0,200.0,0.0,10.0,0.0,0.0,0.0,0.0
0.0,60.0,0.0,10.0,0.0,0.0,6.0,0.0
0.0,30.0,0.0,17.0,0.0,0.0,0.0,0.0
0.0,30.0,0.0,7.0,0.0,0.0,0.0,0.0
0.0,180.0,0.0,12.0,0.0,0.0,0.0,0.0
0.0,200.0,0.0,13.0,0.0,0.0,0.0,0.0
0.0,30.0,0.0,17.0,0.0,0.0,0.0,0.0
0.0,60.0,0.0,20.0,0.0,0.0,0.0,0.0
0.0,200.0,0.0,15.0,0.0,0.0,0.0,0.0
0.0,30.0,0.0,20.0,0.0,0.0,0.0,0.0
0.0,200.0,0.0,20.0,0.0,1293.0,0.0,0.0
0.0,60.0,0.0,12.0,0.0,0.0,0.0,0.0
0.0,30.0,0.0,8.0,0.0,0.0,0.0,0.0
0.0,200.0,0.0,9.0,0.0,0.0,0.0,0.0
0.0,200.0,0.0,13.0,0.0,0.0,0.0,0.0
0.0,30.0,0.0,14.0,0.0,4.0,0.0,0.0
0.0,60.0,0.0,14.0,0.0,0.0,0.0,0.0
0.0,150.0,0.0,10.0,0.0,0.0,0.0,0.0
0.0,200.0,0.0,10.0,0.0,0.0,0.0,0.0
0.0,200.0,0.0,9.0,0.0,0.0,0.0,0.0
0.0,30.0,0.0,11.0,0.0,0.0,0.0,0.0
0.0,200.0,0.0,20.0,0.0,0.0,0.0,0.0
0.0,200.0,0.0,9.0,0.0,0.0,0.0,0.0
0.0,200.0,0.0,13.0,0.0,0.0,0.0,0.0
0.0,200.0,0.0,16.0,0.0,0.0,0.0,0.0
0.0,30.0,0.0,10.0,0.0,10.0,0.0,0.0
0.0,200.0,0.0,15.0,0.0,0.0,0.0,0.0
0.0,120.0,0.0,19.0,0.0,0.0,0.0,0.0
0.0,200.0,0.0,17.0,0.0,0.0,0.0,0.0
0.0,150.0,0.0,19.0,0.0,0.0,0.0,0.0
0.0,30.0,0.0,22.0,0.0,0.0,0.0,0.0
0.0,200.0,0.0,7.0,0.0,0.0,0.0,0.0
0.0,30.0,0.0,8.0,0.0,0.0,0.0,0.0
0.0,150.0,0.0,22.0,0.0,0.0,0.0,0.0
0.0,120.0,0.0,22.0,0.0,0.0,0.0,0.0
0.0,200.0,0.0,14.0,0.0,0.0,0.0,0.0
0.0,30.0,0.0,13.0,0.0,0.0,0.0,0.0
0.0,30.0,0.0,19.0,0.0,27.0,0.0,0.0
0.0,150.0,0.0,7.0,0.0,0.0,0.0,0.0
0.0,30.0,0.0,12.0,0.0,0.0,0.0,0.0
0.0,30.0,0.0,10.0,0.0,3.0,0.0,0.0
0.0,60.0,0.0,14.0,0.0,0.0,0.0,0.0
0.0,30.0,0.0,12.0,0.0,0.0,0.0,0.0
0.0,200.0,0.0,11.0,0.0,0.0,0.0,0.0
0.0,30.0,0.0,8.0,0.0,0.0,0.0,0.0
0.0,90.0,0.0,12.0,0.0,0.0,0.0,0.0
0.0,120.0,0.0,18.0,0.0,0.0,0.0,0.0
0.0,120.0,0.0,10.0,0.0,0.0,0.0,0.0
0.0,30.0,0.0,22.0,0.0,21.0,0.0,0.0
0.0,180.0,0.0,22.0,0.0,1198.0,0.0,0.0
0.0,90.0,0.0,18.0,0.0,0.0,0.0,0.0
0.0,90.0,0.0,21.0,0.0,0.0,0.0,0.0
0.0,200.0,0.0,13.0,0.0,0.0,0.0,0.0
0.0,150.0,0.0,16.0,0.0,0.0,0.0,0.0
0.0,200.0,0.0,13.0,0.0,0.0,0.0,0.0
0.0,30.0,0.0,17.0,0.0,0.0,0.0,0.0
0.0,60.0,0.0,14.0,0.0,12.0,0.0,0.0
0.0,30.0,0.0,7.0,0.0,23.0,0.0,0.0
0.0,30.0,0.0,9.0,0.0,28.0,0.0,0.0
0.0,30.0,0.0,21.0,0.0,0.0,0.0,0.0
0.0,200.0,0.0,11.0,0.0,0.0,0.0,0.0
0.0,30.0,0.0,8.0,0.0,15.0,0.0,0.0
0.0,30.0,0.0,15.0,0.0,0.0,0.0,0.0
0.0,60.0,0.0,13.0,0.0,0.0,0.0,0.0
0.0,60.0,0.0,22.0,0.0,0.0,0.0,0.0
0.0,180.0,0.0,17.0,0.0,0.0,0.0,0.0
0.0,200.0,0.0,9.0,0.0,0.0,0.0,0.0
0.0,30.0,0.0,12.0,0.0,0.0,0.0,0.0
0.0,30.0,0.0,11.0,0.0,0.0,0.0,0.0
0.0,200.0,0.0,9.0,0.0,0.0,0.0,0.0
0.0,30.0,0.0,11.0,0.0,4420.0,0.0,0.0
0.0,180.0,0.0,22.0,0.0,0.0,0.0,0.0
0.0,30.0,0.0,7.0,0.0,0.0,0.0,0.0
0.0,200.0,0.0,18.0,0.0,0.0,0.0,0.0
0.0,150.0,0.0,10.0,0.0,5605.0,0.0,0.0
0.0,30.0,0.0,10.0,0.0,0.0,0.0,0.0
0.0,60.0,0.0,17.0,0.0,0.0,0.0,0.0
0.0,200.0,0.0,15.0,0.0,0.0,0.0,0.0
0.0,120.0,0.0,19.0,0.0,0.0,0.0,0.0
0.0,30.0,0.0,8.0,0.0,4848.0,0.0,0.0
0.0,150.0,0.0,14.0,0.0,0.0,0.0,0.0
0.0,90.0,0.0,11.0,0.0,0.0,0.0,0.0
0.0,60.0,0.0,12.0,0.0,0.0,0.0,0.0
0.0,30.0,0.0,11.0,0.0,0.0,0.0,0.0
0.0,200.0,0.0,19.0,0.0,0.0,0.0,0.0
0.0,150.0,0.0,7.0,0.0,0.0,0.0,0.0
0.0,30.0,0.0,16.0,0.0,0.0,0.0,0.0
0.0,200.0,0.0,8.0,0.0,0.0,0.0,0.0
0.0,200.0,0.0,19.0,0.0,0.0,0.0,0.0
0.0,60.0,0.0,20.0,0.0,0.0,0.0,0.0
0.0,30.0,0.0,19.0,0.0,0.0,0.0,0.0
0.0,30.0,0.0,17.0,0.0,0.0,0.0,0.0
0.0,200.0,0.0,22.0,0.0,0.0,0.0,0.0
0.0,30.0,0.0,15.0,0.0,0.0,0.0,0.0
0.0,200.0,0.0,16.0,0.0,0.0,0.0,0.0
0.0,30.0,0.0,20.0,0.0,0.0,0.0,0.0
0.0,30.0,0.0,8.0,0.0,5.0,0.0,0.0
0.0,200.0,0.0,13.0,0.0,0.0,0.0,0.0
0.0,30.0,0.0,11.0,0.0,0.0,0.0,0.0
0.0,200.0,0.0,15.0,0.0,0.0,0.0,0.0
0.0,90.0,0.0,14.0,0.0,0.0,0.0,0.0
0.0,200.0,0.0,20.0,0.0,0.0,0.0,0.0
0.0,200.0,0.0,18.0,0.0,0.0,0.0,0.0
0.0,200.0,0.0,8.0,0.0,0.0,0.0,0.0
0.0,60.0,0.0,14.0,0.0,0.0,0.0,0.0
0.0,30.0,0.0,14.0,0.0,0.0,0.0,0.0
0.0,30.0,0.0,13.0,0.0,7200.0,0.0,0.0
0.0,60.0,0.0,19.0,0.0,0.0,0.0,0.0
0.0,30.0,0.0,14.0,0.0,6.0,0.0,0.0
0.0,60.0,0.0,19.0,0.0,0.0,0.0,0.0
0.0,200.0,0.0,7.0,0.0,0.0,0.0,0.0
0.0,180.0,0.0,13.0,0.0,0.0,0.0,0.0
0.0,200.0,0.0,8.0,0.0,0.0,0.0,0.0
0.0,30.0,0.0,9.0,0.0,0.0,0.0,0.0
0.0,200.0,0.0,7.0,0.0,0.0,0.0,0.0
0.0,30.0,0.0,14.0,0.0,0.0,0.0,0.0
0.0,30.0,0.0,18.0,0.0,0.0,0.0,0.0
0.0,30.0,0.0,22.0,0.0,0.0,0.0,0.0
0.0,30.0,0.0,12.0,0.0,0.0,0.0,0.0
0.0,60.0,0.0,18.0,0.0,0.0,0.0,0.0
0.0,200.0,0.0,16.0,0.0,0.0,0.0,0.0
0.0,200.0,0.0,9.0,0.0,0.0,0.0,0.0
0.0,200.0,0.0,22.0,0.0,0.0,0.0,0.0
0.0,90.0,0.0,19.0,0.0,0.0,0.0,0.0
0.0,30.0,0.0,16.0,0.0,0.0,0.0,0.0
0.0,180.0,0.0,22.0,0.0,0.0,0.0,0.0
0.0,30.0,0.0,20.0,0.0,0.0,0.0,0.0
0.0,60.0,0.0,7.0,0.0,0.0,0.0,0.0
0.0,90.0,0.0,13.0,0.0,0.0,0.0,0.0
0.0,30.0,0.0,13.0,0.0,0.0,0.0,0.0
0.0,30.0,0.0,12.0,0.0,292.0,0.0,0.0
0.0,200.0,0.0,12.0,0.0,0.0,0.0,0.0
0.0,90.0,0.0,9.0,0.0,0.0,0.0,0.0
0.0,180.0,0.0,7.0,0.0,0.0,0.0,0.0
0.0,200.0,0.0,14.0,0.0,0.0,0.0,0.0
0.0,200.0,0.0,16.0,0.0,0.0,0.0,0.0
0.0,30.0,0.0,20.0,0.0,0.0,0.0,0.0
0.0,30.0,0.0,17.0,0.0,0.0,0.0,0.0
0.0,200.0,0.0,12.0,0.0,0.0,0.0,0.0
0.0,200.0,0.0,8.0,0.0,0.0,0.0,0.0
0.0,30.0,0.0,22.0,0.0,0.0,0.0,0.0
0.0,200.0,0.0,22.0,0.0,0.0,0.0,0.0
0.0,200.0,0.0,16.0,0.0,0.0,0.0,0.0
0.0,200.0,0.0,21.0,0.0,0.0,0.0,0.0
0.0,30.0,0.0,7.0,0.0,0.0,0.0,0.0
0.0,200.0,0.0,20.0,0.0,0.0,0.0,0.0
0.0,30.0,0.0,20.0,0.0,0.0,0.0,0.0
0.0,200.0,0.0,18.0,0.0,0.0,0.0,0.0
0.0,60.0,0.0,15.0,0.0,0.0,0.0,0.0
0.0,150.0,0.0,22.0,0.0,0.0,0.0,0.0
0.0,200.0,0.0,8.0,0.0,0.0,0.0,0.0
0.0,200.0,0.0,14.0,0.0,0.0,0.0,0.0
0.0,30.0,0.0,22.0,0.0,0.0,0.0,0.0
0.0,200.0,0.0,15.0,0.0,0.0,0.0,0.0
0.0,200.0,0.0,7.0,0.0,0.0,0.0,0.0
1.0,30.0,0.0,15.0,0.0,31.0,0.0,0.0
0.0,200.0,0.0,21.0,0.0,0.0,0.0,0.0
0.0,30.0,0.0,20.0,0.0,0.0,0.0,0.0
0.0,120.0,0.0,15.0,0.0,0.0,0.0,0.0
0.0,60.0,0.0,19.0,0.0,0.0,0.0,0.0
0.0,200.0,0.0,20.0,0.0,0.0,0.0,0.0
0.0,30.0,0.0,13.0,0.0,0.0,0.0,0.0
0.0,30.0,0.0,15.0,0.0,0.0,0.0,0.0
0.0,30.0,0.0,11.0,0.0,1255.0,0.0,0.0
0.0,30.0,0.0,17.0,0.0,0.0,0.0,0.0
0.0,30.0,0.0,18.0,0.0,0.0,0.0,0.0
0.0,30.0,0.0,15.0,0.0,0.0,0.0,0.0
0.0,120.0,0.0,16.0,0.0,0.0,0.0,0.0
0.0,200.0,0.0,10.0,0.0,0.0,0.0,0.0
0.0,200.0,0.0,22.0,0.0,0.0,0.0,0.0
0.0,30.0,0.0,8.0,0.0,0.0,0.0,0.0
0.0,200.0,0.0,7.0,0.0,0.0,0.0,0.0
0.0,30.0,0.0,22.0,0.0,0.0,1.0,0.0
0.0,200.0,0.0,15.0,0.0,0.0,0.0,0.0
0.0,200.0,0.0,18.0,0.0,0.0,0.0,0.0
0.0,30.0,0.0,22.0,0.0,0.0,0.0,0.0
0.0,200.0,0.0,8.0,0.0,0.0,0.0,0.0
0.0,200.0,0.0,13.0,0.0,0.0,0.0,0.0
0.0,200.0,0.0,15.0,0.0,0.0,0.0,0.0
0.0,30.0,0.0,18.0,0.0,0.0,0.0,0.0
0.0,30.0,0.0,16.0,0.0,7.0,0.0,0.0
0.0,30.0,0.0,14.0,0.0,0.0,0.0,0.0
0.0,60.0,0.0,10.0,0.0,0.0,0.0,0.0
0.0,200.0,0.0,12.0,0.0,0.0,0.0,0.0
0.0,30.0,0.0,11.0,0.0,0.0,0.0,0.0
0.0,30.0,0.0,7.0,0.0,0.0,0.0,0.0
0.0,200.0,0.0,13.0,0.0,0.0,0.0,0.0
0.0,200.0,0.0,14.0,0.0,0.0,0.0,0.0
0.0,200.0,0.0,22.0,0.0,0.0,0.0,0.0
0.0,200.0,0.0,9.0,0.0,0.0,0.0,0.0
0.0,60.0,0.0,12.0,0.0,0.0,1.0,0.0
0.0,30.0,0.0,20.0,0.0,0.0,0.0,0.0
0.0,200.0,0.0,9.0,0.0,0.0,0.0,0.0
0.0,30.0,0.0,17.0,0.0,4190.0,0.0,0.0
0.0,200.0,0.0,11.0,0.0,0.0,0.0,0.0
0.0,200.0,0.0,17.0,0.0,0.0,0.0,0.0
0.0,200.0,0.0,22.0,0.0,0.0,0.0,0.0
0.0,30.0,0.0,18.0,0.0,0.0,0.0,0.0
0.0,200.0,0.0,15.0,0.0,0.0,0.0,0.0
0.0,200.0,0.0,16.0,0.0,0.0,0.0,0.0
0.0,150.0,0.0,14.0,0.0,0.0,0.0,0.0
0.0,30.0,0.0,13.0,0.0,0.0,0.0,0.0
0.0,30.0,0.0,17.0,0.0,0.0,0.0,0.0
0.0,200.0,0.0,7.0,0.0,0.0,0.0,0.0
0.0,30.0,0.0,17.0,0.0,6191.0,0.0,0.0
0.0,30.0,0.0,21.0,0.0,3.0,0.0,0.0
0.0,150.0,0.0,10.0,0.0,0.0,0.0,0.0
0.0,90.0,0.0,22.0,0.0,0.0,0.0,0.0
0.0,180.0,0.0,18.0,0.0,0.0,0.0,0.0
0.0,200.0,0.0,13.0,0.0,0.0,0.0,0.0
0.0,60.0,0.0,17.0,0.0,0.0,0.0,0.0
0.0,30.0,0.0,16.0,0.0,4124.0,0.0,0.0
0.0,60.0,0.0,16.0,0.0,0.0,0.0,0.0
0.0,200.0,0.0,8.0,0.0,0.0,0.0,0.0
0.0,180.0,0.0,22.0,0.0,0.0,0.0,0.0
0.0,30.0,0.0,10.0,0.0,0.0,0.0,0.0
0.0,200.0,0.0,18.0,0.0,0.0,0.0,0.0
0.0,200.0,0.0,11.0,0.0,0.0,0.0,0.0
0.0,200.0,0.0,12.0,0.0,0.0,0.0,0.0
0.0,200.0,0.0,12.0,0.0,0.0,0.0,0.0
0.0,180.0,0.0,19.0,0.0,0.0,0.0,0.0
0.0,60.0,0.0,19.0,0.0,0.0,0.0,0.0
0.0,60.0,0.0,10.0,0.0,0.0,0.0,0.0
0.0,200.0,0.0,12.0,0.0,0.0,0.0,0.0
0.0,30.0,0.0,7.0,0.0,0.0,0.0,0.0
0.0,200.0,0.0,22.0,0.0,0.0,0.0,0.0
0.0,60.0,0.0,19.0,0.0,0.0,0.0,0.0
0.0,200.0,0.0,9.0,0.0,0.0,0.0,0.0
0.0,200.0,0.0,21.0,0.0,0.0,0.0,0.0
0.0,200.0,0.0,22.0,0.0,0.0,0.0,0.0
0.0,30.0,0.0,14.0,0.0,0.0,0.0,0.0
0.0,200.0,0.0,22.0,0.0,0.0,0.0,0.0
0.0,120.0,0.0,10.0,0.0,0.0,0.0,0.0
0.0,30.0,0.0,22.0,0.0,0.0,0.0,0.0
0.0,200.0,0.0,17.0,0.0,0.0,0.0,0.0
0.0,30.0,0.0,20.0,0.0,0.0,0.0,0.0
0.0,30.0,0.0,11.0,0.0,0.0,0.0,0.0
0.0,200.0,0.0,18.0,0.0,2530.0,0.0,0.0
0.0,200.0,0.0,8.0,0.0,0.0,0.0,0.0
0.0,200.0,0.0,15.0,0.0,0.0,0.0,0.0
0.0,30.0,0.0,10.0,0.0,0.0,0.0,0.0
0.0,200.0,0.0,14.0,0.0,0.0,0.0,0.0
0.0,60.0,0.0,11.0,0.0,0.0,0.0,0.0
0.0,200.0,0.0,11.0,0.0,0.0,0.0,0.0
0.0,90.0,0.0,22.0,0.0,0.0,0.0,0.0
0.0,200.0,0.0,13.0,0.0,0.0,0.0,0.0
0.0,200.0,0.0,20.0,0.0,0.0,0.0,0.0
0.0,200.0,0.0,12.0,0.0,0.0,0.0,0.0
0.0,90.0,0.0,9.0,0.0,0.0,0.0,0.0
0.0,200.0,0.0,16.0,0.0,0.0,0.0,0.0
0.0,30.0,0.0,14.0,0.0,0.0,0.0,0.0
0.0,30.0,0.0,22.0,0.0,0.0,0.0,0.0
0.0,200.0,0.0,17.0,0.0,0.0,0.0,0.0
0.0,60.0,0.0,8.0,0.0,0.0,0.0,0.0
0.0,180.0,0.0,18.0,0.0,0.0,0.0,0.0
0.0,30.0,0.0,7.0,0.0,0.0,0.0,0.0
0.0,200.0,0.0,14.0,0.0,0.0,0.0,0.0
0.0,200.0,0.0,16.0,0.0,0.0,0.0,0.0
0.0,30.0,0.0,12.0,0.0,0.0,0.0,0.0
0.0,200.0,0.0,10.0,0.0,0.0,0.0,0.0
0.0,30.0,0.0,20.0,0.0,576.0,40.0,0.0
0.0,30.0,0.0,22.0,0.0,3.0,0.0,0.0
0.0,200.0,0.0,18.0,0.0,0.0,0.0,0.0
0.0,200.0,0.0,11.0,0.0,0.0,0.0,0.0
0.0,30.0,0.0,22.0,0.0,0.0,0.0,0.0
0.0,30.0,0.0,16.0,0.0,0.0,0.0,0.0
0.0,60.0,0.0,14.0,0.0,0.0,0.0,0.0
0.0,120.0,0.0,14.0,0.0,0.0,6.0,0.0
0.0,30.0,0.0,8.0,0.0,0.0,0.0,0.0
0.0,30.0,0.0,8.0,0.0,27.0,0.0,0.0
0.0,200.0,0.0,10.0,0.0,0.0,0.0,0.0
0.0,200.0,0.0,19.0,0.0,0.0,0.0,0.0
0.0,30.0,0.0,12.0,0.0,2080.0,0.0,0.0
0.0,90.0,0.0,19.0,0.0,0.0,0.0,0.0
0.0,200.0,0.0,13.0,0.0,0.0,0.0,0.0
0.0,30.0,0.0,13.0,0.0,21.0,0.0,0.0
0.0,60.0,0.0,8.0,0.0,0.0,9.0,0.0
0.0,200.0,0.0,15.0,0.0,0.0,0.0,0.0
0.0,200.0,0.0,22.0,0.0,0.0,0.0,0.0
0.0,200.0,0.0,16.0,0.0,0.0,0.0,0.0
0.0,200.0,0.0,20.0,0.0,0.0,0.0,0.0
0.0,30.0,0.0,9.0,0.0,0.0,0.0,0.0
0.0,30.0,0.0,20.0,0.0,0.0,0.0,0.0
0.0,200.0,0.0,17.0,0.0,0.0,0.0,0.0
0.0,30.0,0.0,19.0,0.0,1.0,0.0,0.0
0.0,60.0,0.0,20.0,0.0,0.0,0.0,0.0
0.0,30.0,0.0,17.0,0.0,0.0,0.0,0.0
0.0,120.0,0.0,8.0,0.0,0.0,0.0,0.0
0.0,200.0,0.0,8.0,0.0,0.0,0.0,0.0
0.0,200.0,0.0,19.0,0.0,0.0,0.0,0.0
0.0,60.0,0.0,18.0,0.0,0.0,0.0,0.0
0.0,90.0,0.0,21.0,0.0,0.0,0.0,0.0
0.0,200.0,0.0,11.0,0.0,0.0,0.0,0.0
0.0,60.0,0.0,22.0,0.0,0.0,0.0,0.0
0.0,150.0,0.0,7.0,0.0,0.0,0.0,0.0
0.0,120.0,0.0,14.0,0.0,0.0,0.0,0.0
0.0,200.0,0.0,13.0,0.0,0.0,0.0,0.0
0.0,200.0,0.0,13.0,0.0,0.0,0.0,0.0
0.0,30.0,0.0,10.0,0.0,0.0,0.0,0.0
0.0,150.0,0.0,22.0,0.0,0.0,0.0,0.0
0.0,60.0,0.0,10.0,0.0,0.0,0.0,0.0
0.0,60.0,0.0,15.0,0.0,0.0,0.0,0.0
0.0,30.0,0.0,17.0,0.0,1.0,0.0,0.0
0.0,60.0,0.0,18.0,0.0,0.0,0.0,0.0
0.0,30.0,0.0,19.0,0.0,0.0,0.0,0.0
0.0,180.0,0.0,21.0,0.0,0.0,0.0,0.0
0.0,30.0,0.0,21.0,0.0,0.0,0.0,0.0
0.0,30.0,0.0,9.0,0.0,0.0,0.0,0.0
0.0,200.0,0.0,17.0,0.0,0.0,0.0,0.0
0.0,60.0,0.0,19.0,0.0,0.0,0.0,0.0
0.0,30.0,0.0,11.0,0.0,7200.0,0.0,0.0
0.0,90.0,0.0,7.0,0.0,0.0,0.0,0.0
0.0,200.0,0.0,21.0,0.0,0.0,0.0,0.0
0.0,30.0,0.0,20.0,0.0,6.0,0.0,0.0
0.0,30.0,0.0,14.0,0.0,1.0,0.0,0.0
0.0,120.0,0.0,18.0,0.0,0.0,0.0,0.0
0.0,200.0,0.0,21.0,0.0,0.0,0.0,0.0
0.0,200.0,0.0,17.0,0.0,0.0,0.0,0.0
0.0,200.0,0.0,12.0,0.0,0.0,0.0,0.0
0.0,30.0,0.0,8.0,0.0,0.0,0.0,0.0
0.0,30.0,0.0,15.0,0.0,0.0,0.0,0.0
0.0,180.0,0.0,8.0,0.0,0.0,0.0,0.0
0.0,200.0,0.0,9.0,0.0,0.0,0.0,0.0
0.0,60.0,0.0,13.0,0.0,0.0,0.0,0.0
0.0,30.0,0.0,13.0,0.0,0.0,0.0,0.0
0.0,200.0,0.0,12.0,0.0,0.0,0.0,0.0
0.0,200.0,0.0,13.0,0.0,0.0,0.0,0.0
0.0,150.0,0.0,17.0,0.0,0.0,0.0,0.0
0.0,200.0,0.0,17.0,0.0,0.0,0.0,0.0
0.0,30.0,0.0,16.0,0.0,0.0,0.0,0.0
0.0,200.0,0.0,7.0,0.0,0.0,0.0,0.0
0.0,200.0,0.0,11.0,0.0,0.0,0.0,0.0
0.0,60.0,0.0,19.0,0.0,0.0,0.0,0.0
0.0,200.0,0.0,17.0,0.0,0.0,0.0,0.0
0.0,30.0,0.0,13.0,0.0,31.0,0.0,0.0
0.0,200.0,0.0,8.0,0.0,0.0,0.0,0.0
0.0,200.0,0.0,11.0,0.0,0.0,0.0,0.0
0.0,200.0,0.0,17.0,0.0,0.0,0.0,0.0
0.0,200.0,0.0,19.0,0.0,0.0,0.0,0.0
0.0,200.0,0.0,7.0,0.0,0.0,0.0,0.0
0.0,180.0,0.0,12.0,0.0,0.0,0.0,0.0
0.0,30.0,0.0,11.0,0.0,0.0,0.0,0.0
0.0,30.0,0.0,11.0,0.0,0.0,0.0,0.0
0.0,200.0,0.0,14.0,0.0,0.0,0.0,0.0
0.0,180.0,0.0,8.0,0.0,0.0,0.0,0.0
0.0,90.0,0.0,15.0,0.0,0.0,0.0,0.0
0.0,60.0,0.0,9.0,0.0,0.0,0.0,0.0
0.0,90.0,0.0,17.0,0.0,5085.0,0.0,0.0
0.0,90.0,0.0,22.0,0.0,0.0,0.0,0.0
0.0,200.0,0.0,10.0,0.0,0.0,0.0,0.0
0.0,180.0,0.0,20.0,0.0,0.0,0.0,0.0
0.0,30.0,0.0,19.0,0.0,0.0,0.0,0.0
0.0,200.0,0.0,7.0,0.0,0.0,0.0,0.0
0.0,90.0,0.0,14.0,0.0,656.0,0.0,0.0
0.0,120.0,0.0,17.0,0.0,0.0,0.0,0.0
0.0,30.0,0.0,13.0,0.0,0.0,0.0,0.0
0.0,200.0,0.0,10.0,0.0,0.0,0.0,0.0
0.0,200.0,0.0,11.0,0.0,0.0,0.0,0.0
0.0,200.0,0.0,8.0,0.0,0.0,0.0,0.0
0.0,90.0,0.0,19.0,0.0,0.0,0.0,0.0
0.0,30.0,0.0,11.0,0.0,0.0,0.0,0.0
0.0,30.0,0.0,15.0,0.0,0.0,0.0,0.0
0.0,30.0,0.0,17.0,0.0,1.0,0.0,0.0
0.0,200.0,0.0,9.0,0.0,0.0,0.0,0.0
0.0,90.0,0.0,18.0,0.0,0.0,0.0,0.0
0.0,30.0,0.0,17.0,0.0,0.0,0.0,0.0
0.0,120.0,0.0,20.0,0.0,0.0,0.0,0.0
0.0,200.0,0.0,7.0,0.0,0.0,0.0,0.0
0.0,30.0,0.0,21.0,0.0,49.0,0.0,0.0
0.0,200.0,0.0,18.0,0.0,0.0,0.0,0.0
0.0,30.0,0.0,8.0,0.0,0.0,0.0,0.0
0.0,200.0,0.0,7.0,0.0,0.0,0.0,0.0
0.0,30.0,0.0,16.0,0.0,10.0,0.0,0.0
0.0,60.0,0.0,12.0,0.0,0.0,0.0,0.0
0.0,60.0,0.0,15.0,0.0,0.0,0.0,0.0
0.0,60.0,0.0,7.0,0.0,0.0,0.0,0.0
0.0,200.0,0.0,12.0,0.0,0.0,0.0,0.0
0.0,30.0,0.0,12.0,0.0,0.0,0.0,0.0
0.0,200.0,0.0,11.0,0.0,0.0,0.0,0.0
0.0,30.0,0.0,9.0,0.0,0.0,0.0,0.0
0.0,60.0,0.0,22.0,0.0,0.0,0.0,0.0
0.0,60.0,0.0,14.0,0.0,2.0,0.0,0.0
0.0,200.0,0.0,11.0,0.0,0.0,0.0,0.0
0.0,30.0,0.0,10.0,0.0,1.0,0.0,0.0
0.0,60.0,0.0,16.0,0.0,12.0,0.0,0.0
0.0,200.0,0.0,8.0,0.0,0.0,0.0,0.0
0.0,30.0,0.0,7.0,0.0,1.0,0.0,0.0
0.0,200.0,0.0,11.0,0.0,0.0,0.0,0.0
0.0,200.0,0.0,14.0,0.0,0.0,0.0,0.0
0.0,200.0,0.0,9.0,0.0,0.0,0.0,0.0
0.0,30.0,0.0,19.0,0.0,0.0,0.0,0.0
0.0,30.0,0.0,20.0,0.0,0.0,0.0,0.0
0.0,200.0,0.0,13.0,0.0,0.0,0.0,0.0
0.0,150.0,0.0,7.0,0.0,0.0,0.0,0.0
0.0,200.0,0.0,16.0,0.0,0.0,0.0,0.0
0.0,200.0,0.0,21.0,0.0,0.0,0.0,0.0
0.0,30.0,0.0,17.0,0.0,914.0,0.0,0.0
0.0,200.0,0.0,13.0,0.0,0.0,0.0,0.0
0.0,30.0,0.0,16.0,0.0,0.0,0.0,0.0
0.0,180.0,0.0,20.0,0.0,0.0,0.0,0.0
0.0,30.0,0.0,19.0,0.0,0.0,0.0,0.0
0.0,200.0,0.0,16.0,0.0,0.0,0.0,0.0
0.0,90.0,0.0,16.0,0.0,0.0,0.0,0.0
0.0,200.0,0.0,12.0,0.0,0.0,0.0,0.0
0.0,60.0,0.0,17.0,0.0,0.0,0.0,0.0
0.0,180.0,0.0,18.0,0.0,0.0,0.0,0.0
0.0,200.0,0.0,7.0,0.0,0.0,0.0,0.0
0.0,200.0,0.0,13.0,0.0,0.0,0.0,0.0
0.0,30.0,0.0,12.0,0.0,0.0,0.0,0.0
0.0,30.0,0.0,22.0,0.0,0.0,0.0,0.0
0.0,30.0,0.0,11.0,0.0,0.0,0.0,0.0
0.0,200.0,0.0,10.0,0.0,0.0,0.0,0.0
0.0,200.0,0.0,17.0,0.0,0.0,0.0,0.0
0.0,30.0,0.0,14.0,0.0,0.0,0.0,0.0
0.0,60.0,0.0,9.0,0.0,0.0,0.0,0.0
0.0,30.0,0.0,10.0,0.0,0.0,0.0,0.0
0.0,200.0,0.0,10.0,0.0,0.0,0.0,0.0
0.0,200.0,0.0,22.0,0.0,0.0,0.0,0.0
0.0,200.0,0.0,19.0,0.0,0.0,0.0,0.0
0.0,120.0,0.0,12.0,0.0,0.0,0.0,0.0
0.0,200.0,0.0,21.0,0.0,0.0,0.0,0.0
0.0,30.0,0.0,20.0,0.0,0.0,0.0,0.0
0.0,200.0,0.0,16.0,0.0,0.0,0.0,0.0
0.0,180.0,0.0,12.0,0.0,0.0,0.0,0.0
0.0,200.0,0.0,22.0,0.0,0.0,0.0,0.0
0.0,30.0,0.0,20.0,0.0,0.0,0.0,0.0
0.0,30.0,0.0,17.0,0.0,0.0,0.0,0.0
0.0,200.0,0.0,10.0,0.0,0.0,0.0,0.0
0.0,60.0,0.0,12.0,0.0,0.0,0.0,0.0
0.0,120.0,0.0,22.0,0.0,0.0,0.0,0.0
0.0,180.0,0.0,12.0,0.0,0.0,0.0,0.0
0.0,60.0,0.0,13.0,0.0,27.0,0.0,0.0
0.0,200.0,0.0,14.0,0.0,0.0,0.0,0.0
0.0,90.0,0.0,17.0,0.0,0.0,0.0,0.0
0.0,30.0,0.0,15.0,0.0,0.0,0.0,0.0
0.0,30.0,0.0,16.0,0.0,0.0,0.0,0.0
0.0,90.0,0.0,10.0,0.0,0.0,0.0,0.0
0.0,150.0,0.0,21.0,0.0,0.0,0.0,0.0
0.0,30.0,0.0,16.0,0.0,0.0,0.0,0.0
0.0,200.0,0.0,9.0,0.0,0.0,0.0,0.0
0.0,200.0,0.0,13.0,0.0,0.0,0.0,0.0
0.0,200.0,0.0,22.0,0.0,0.0,0.0,0.0
0.0,200.0,0.0,11.0,0.0,0.0,0.0,0.0
0.0,200.0,0.0,10.0,0.0,0.0,0.0,0.0
0.0,200.0,0.0,10.0,0.0,0.0,0.0,0.0
0.0,200.0,0.0,10.0,0.0,0.0,0.0,0.0
0.0,30.0,0.0,7.0,0.0,0.0,0.0,0.0
0.0,30.0,0.0,10.0,0.0,0.0,0.0,0.0
0.0,30.0,0.0,15.0,0.0,0.0,0.0,0.0
0.0,30.0,0.0,20.0,0.0,0.0,0.0,0.0
0.0,90.0,0.0,8.0,0.0,0.0,0.0,0.0
0.0,200.0,0.0,20.0,0.0,0.0,0.0,0.0
0.0,90.0,0.0,15.0,0.0,0.0,0.0,0.0
0.0,30.0,0.0,22.0,0.0,0.0,0.0,0.0
0.0,200.0,0.0,10.0,0.0,0.0,0.0,0.0
0.0,30.0,0.0,18.0,0.0,3.0,0.0,0.0
0.0,200.0,0.0,11.0,0.0,0.0,0.0,0.0
0.0,60.0,0.0,9.0,0.0,0.0,0.0,0.0
0.0,60.0,0.0,19.0,0.0,0.0,0.0,0.0
0.0,60.0,0.0,19.0,0.0,0.0,0.0,0.0
0.0,30.0,0.0,21.0,0.0,0.0,0.0,0.0
0.0,30.0,0.0,22.0,0.0,1.0,0.0,0.0
0.0,200.0,0.0,12.0,0.0,0.0,0.0,0.0
0.0,200.0,0.0,19.0,0.0,0.0,0.0,0.0
0.0,30.0,0.0,13.0,0.0,0.0,0.0,0.0
0.0,200.0,0.0,13.0,0.0,0.0,0.0,0.0
0.0,90.0,0.0,14.0,0.0,0.0,0.0,0.0
0.0,200.0,0.0,14.0,0.0,0.0,0.0,0.0
0.0,30.0,0.0,11.0,0.0,0.0,0.0,0.0
0.0,30.0,0.0,19.0,0.0,0.0,0.0,0.0
0.0,200.0,0.0,13.0,0.0,0.0,0.0,0.0
0.0,30.0,0.0,17.0,0.0,0.0,0.0,0.0
0.0,30.0,0.0,17.0,0.0,24.0,0.0,0.0
0.0,30.0,0.0,16.0,0.0,0.0,0.0,0.0
0.0,200.0,0.0,15.0,0.0,0.0,0.0,0.0
0.0,200.0,0.0,19.0,0.0,0.0,0.0,0.0
0.0,30.0,0.0,7.0,0.0,0.0,0.0,0.0
0.0,200.0,0.0,18.0,0.0,0.0,0.0,0.0
0.0,200.0,0.0,9.0,0.0,0.0,0.0,0.0
0.0,90.0,0.0,19.0,0.0,0.0,0.0,0.0
0.0,200.0,0.0,22.0,0.0,0.0,0.0,0.0
0.0,200.0,0.0,8.0,0.0,0.0,0.0,0.0
0.0,200.0,0.0,7.0,0.0,0.0,0.0,0.0
0.0,30.0,0.0,18.0,0.0,0.0,0.0,0.0
0.0,60.0,0.0,10.0,0.0,0.0,0.0,0.0
0.0,200.0,0.0,20.0,0.0,0.0,0.0,0.0
0.0,90.0,0.0,14.0,0.0,0.0,0.0,0.0
0.0,30.0,0.0,12.0,0.0,0.0,0.0,0.0
0.0,60.0,0.0,14.0,0.0,0.0,0.0,0.0
0.0,200.0,0.0,22.0,0.0,0.0,0.0,0.0
0.0,200.0,0.0,22.0,0.0,0.0,0.0,0.0
0.0,30.0,0.0,17.0,0.0,0.0,0.0,0.0
0.0,30.0,0.0,13.0,0.0,5560.0,0.0,0.0
0.0,30.0,0.0,16.0,0.0,0.0,0.0,0.0
0.0,200.0,0.0,11.0,0.0,0.0,0.0,0.0
0.0,30.0,0.0,21.0,0.0,3.0,0.0,0.0
0.0,200.0,0.0,7.0,0.0,0.0,0.0,0.0
0.0,30.0,0.0,15.0,0.0,3924.0,0.0,0.0
0.0,200.0,0.0,7.0,0.0,0.0,0.0,0.0
0.0,200.0,0.0,12.0,0.0,0.0,0.0,0.0
0.0,200.0,0.0,21.0,0.0,0.0,0.0,0.0
0.0,200.0,0.0,8.0,0.0,0.0,0.0,0.0
0.0,200.0,0.0,15.0,0.0,0.0,0.0,0.0
0.0,30.0,0.0,9.0,0.0,0.0,0.0,0.0
0.0,60.0,0.0,21.0,0.0,0.0,0.0,0.0
0.0,30.0,0.0,18.0,0.0,0.0,0.0,0.0
0.0,200.0,0.0,15.0,0.0,0.0,0.0,0.0
0.0,200.0,0.0,13.0,0.0,0.0,0.0,0.0
0.0,180.0,0.0,14.0,0.0,0.0,0.0,0.0
0.0,30.0,0.0,8.0,0.0,0.0,0.0,0.0
0.0,200.0,0.0,16.0,0.0,0.0,0.0,0.0
0.0,200.0,0.0,13.0,0.0,0.0,0.0,0.0
0.0,30.0,0.0,17.0,0.0,0.0,0.0,0.0
0.0,200.0,0.0,20.0,0.0,0.0,0.0,0.0
0.0,200.0,0.0,12.0,0.0,0.0,0.0,0.0
0.0,30.0,0.0,11.0,0.0,0.0,0.0,0.0
0.0,120.0,0.0,8.0,0.0,0.0,0.0,0.0
0.0,150.0,0.0,9.0,0.0,0.0,0.0,0.0
0.0,120.0,0.0,13.0,0.0,3945.0,0.0,0.0
0.0,30.0,0.0,14.0,0.0,0.0,0.0,0.0
0.0,200.0,0.0,21.0,0.0,0.0,0.0,0.0
0.0,30.0,0.0,7.0,0.0,0.0,0.0,0.0
0.0,120.0,0.0,13.0,0.0,1839.0,0.0,0.0
0.0,30.0,0.0,19.0,0.0,15.0,0.0,0.0
0.0,30.0,0.0,11.0,0.0,1.0,0.0,0.0
0.0,200.0,0.0,20.0,0.0,0.0,0.0,0.0
0.0,200.0,0.0,17.0,0.0,0.0,0.0,0.0
0.0,60.0,0.0,11.0,0.0,0.0,0.0,0.0
0.0,90.0,0.0,21.0,0.0,0.0,0.0,0.0
0.0,200.0,0.0,14.0,0.0,0.0,0.0,0.0
0.0,200.0,0.0,22.0,0.0,0.0,0.0,0.0
0.0,30.0,0.0,10.0,0.0,3.0,0.0,0.0
0.0,30.0,0.0,14.0,0.0,0.0,0.0,0.0
0.0,200.0,0.0,17.0,0.0,1.0,0.0,0.0
0.0,120.0,0.0,20.0,0.0,0.0,0.0,0.0
0.0,200.0,0.0,20.0,0.0,0.0,0.0,0.0
0.0,60.0,0.0,8.0,0.0,0.0,0.0,0.0
0.0,200.0,0.0,14.0,0.0,0.0,0.0,0.0
0.0,200.0,0.0,19.0,0.0,0.0,0.0,0.0
0.0,150.0,0.0,20.0,0.0,0.0,0.0,0.0
0.0,90.0,0.0,21.0,0.0,0.0,0.0,0.0
0.0,30.0,0.0,14.0,0.0,0.0,0.0,0.0
0.0,200.0,0.0,20.0,0.0,0.0,0.0,0.0
1.0,30.0,0.0,10.0,1.0,7200.0,60.0,0.0
0.0,30.0,0.0,10.0,0.0,0.0,0.0,0.0
0.0,30.0,0.0,11.0,0.0,0.0,0.0,0.0
0.0,200.0,0.0,20.0,0.0,0.0,0.0,0.0
0.0,30.0,0.0,10.0,0.0,6.0,0.0,0.0
0.0,200.0,0.0,13.0,0.0,0.0,0.0,0.0
0.0,200.0,0.0,17.0,0.0,0.0,0.0,0.0
0.0,200.0,0.0,15.0,0.0,0.0,0.0,0.0
0.0,30.0,0.0,11.0,0.0,0.0,0.0,0.0
0.0,200.0,0.0,9.0,0.0,0.0,0.0,0.0
0.0,60.0,0.0,19.0,0.0,0.0,0.0,0.0
0.0,30.0,0.0,15.0,0.0,0.0,0.0,0.0
0.0,200.0,0.0,16.0,0.0,0.0,0.0,0.0
0.0,200.0,0.0,15.0,0.0,0.0,0.0,0.0
0.0,200.0,0.0,13.0,0.0,0.0,0.0,0.0
0.0,200.0,0.0,12.0,0.0,0.0,0.0,0.0
0.0,30.0,0.0,21.0,0.0,4629.0,0.0,0.0
0.0,200.0,0.0,22.0,0.0,0.0,0.0,0.0
0.0,200.0,0.0,14.0,0.0,0.0,0.0,0.0
0.0,30.0,0.0,10.0,0.0,0.0,0.0,0.0
0.0,30.0,0.0,17.0,0.0,0.0,0.0,0.0
0.0,200.0,0.0,8.0,0.0,0.0,0.0,0.0
0.0,60.0,0.0,7.0,0.0,2620.0,0.0,0.0
0.0,30.0,0.0,15.0,0.0,1.0,0.0,0.0
0.0,200.0,0.0,12.0,0.0,0.0,0.0,0.0
0.0,200.0,0.0,13.0,0.0,0.0,0.0,0.0
0.0,180.0,0.0,18.0,0.0,0.0,0.0,0.0
0.0,200.0,0.0,9.0,0.0,0.0,0.0,0.0
0.0,200.0,0.0,17.0,0.0,0.0,0.0,0.0
0.0,30.0,0.0,20.0,0.0,40.0,0.0,0.0
0.0,30.0,0.0,20.0,0.0,0.0,0.0,0.0
0.0,60.0,0.0,13.0,0.0,0.0,0.0,0.0
0.0,60.0,0.0,9.0,0.0,0.0,0.0,0.0
0.0,30.0,0.0,19.0,0.0,0.0,0.0,0.0
0.0,120.0,0.0,19.0,0.0,0.0,0.0,0.0
0.0,30.0,0.0,14.0,0.0,0.0,0.0,0.0
0.0,30.0,0.0,7.0,0.0,0.0,0.0,0.0
0.0,60.0,0.0,20.0,0.0,0.0,0.0,0.0
0.0,60.0,0.0,20.0,0.0,0.0,0.0,0.0
0.0,30.0,0.0,8.0,0.0,0.0,0.0,0.0
0.0,200.0,0.0,11.0,0.0,0.0,0.0,0.0
0.0,180.0,0.0,11.0,0.0,0.0,0.0,0.0
0.0,60.0,0.0,8.0,0.0,39.0,0.0,0.0
0.0,90.0,0.0,9.0,0.0,0.0,0.0,0.0
0.0,30.0,0.0,16.0,0.0,0.0,0.0,0.0
0.0,90.0,0.0,22.0,0.0,0.0,0.0,0.0
0.0,200.0,0.0,14.0,0.0,0.0,0.0,0.0
0.0,200.0,0.0,11.0,0.0,0.0,0.0,0.0
0.0,200.0,0.0,20.0,0.0,0.0,0.0,0.0
0.0,200.0,0.0,18.0,0.0,0.0,0.0,0.0
0.0,200.0,0.0,11.0,0.0,0.0,0.0,0.0
0.0,200.0,0.0,20.0,0.0,0.0,0.0,0.0
0.0,200.0,0.0,7.0,0.0,0.0,0.0,0.0
0.0,30.0,0.0,17.0,0.0,1.0,0.0,0.0
0.0,200.0,0.0,11.0,0.0,0.0,0.0,0.0
0.0,200.0,0.0,11.0,0.0,0.0,0.0,0.0
0.0,120.0,0.0,14.0,0.0,0.0,0.0,0.0
0.0,60.0,0.0,7.0,0.0,2.0,0.0,0.0
0.0,200.0,0.0,14.0,0.0,0.0,0.0,0.0
0.0,30.0,0.0,16.0,0.0,2599.0,0.0,0.0
0.0,90.0,0.0,13.0,0.0,0.0,0.0,0.0
0.0,200.0,0.0,7.0,0.0,0.0,0.0,0.0
0.0,120.0,0.0,18.0,0.0,0.0,0.0,0.0
0.0,60.0,0.0,13.0,0.0,0.0,0.0,0.0
0.0,30.0,0.0,20.0,0.0,0.0,0.0,0.0
0.0,30.0,0.0,18.0,0.0,0.0,0.0,0.0
0.0,30.0,0.0,15.0,0.0,0.0,0.0,0.0
0.0,200.0,0.0,15.0,0.0,0.0,0.0,0.0
0.0,30.0,0.0,16.0,0.0,1.0,0.0,0.0
0.0,90.0,0.0,19.0,0.0,523.0,0.0,0.0
0.0,200.0,0.0,9.0,0.0,0.0,0.0,0.0
0.0,60.0,0.0,15.0,0.0,0.0,0.0,0.0
0.0,200.0,0.0,16.0,0.0,0.0,0.0,0.0
0.0,200.0,0.0,18.0,0.0,0.0,0.0,0.0
0.0,30.0,0.0,15.0,0.0,0.0,0.0,0.0
0.0,200.0,0.0,15.0,0.0,0.0,0.0,0.0
0.0,60.0,0.0,8.0,0.0,0.0,0.0,0.0
0.0,200.0,0.0,11.0,0.0,0.0,0.0,0.0
0.0,90.0,0.0,21.0,0.0,0.0,6.0,0.0
0.0,200.0,0.0,7.0,0.0,0.0,0.0,0.0
0.0,30.0,0.0,18.0,0.0,5.0,0.0,0.0
0.0,30.0,0.0,10.0,0.0,0.0,0.0,0.0
0.0,200.0,0.0,22.0,0.0,0.0,0.0,0.0
0.0,200.0,0.0,9.0,0.0,0.0,0.0,0.0
0.0,90.0,0.0,19.0,0.0,0.0,0.0,0.0
0.0,30.0,0.0,15.0,0.0,0.0,0.0,0.0
0.0,60.0,0.0,11.0,0.0,0.0,0.0,0.0
0.0,30.0,0.0,11.0,0.0,2638.0,0.0,0.0
0.0,30.0,0.0,21.0,0.0,0.0,0.0,0.0
0.0,30.0,0.0,20.0,0.0,0.0,0.0,0.0
0.0,200.0,0.0,8.0,0.0,0.0,0.0,0.0
0.0,200.0,0.0,21.0,0.0,0.0,0.0,0.0
0.0,30.0,0.0,8.0,0.0,0.0,0.0,0.0
0.0,200.0,0.0,22.0,0.0,0.0,0.0,0.0
0.0,200.0,0.0,16.0,0.0,0.0,0.0,0.0
0.0,180.0,0.0,19.0,0.0,0.0,0.0,0.0
0.0,200.0,0.0,9.0,0.0,0.0,0.0,0.0
0.0,60.0,0.0,15.0,0.0,0.0,0.0,0.0
0.0,120.0,0.0,9.0,0.0,0.0,0.0,0.0
0.0,200.0,0.0,20.0,0.0,0.0,0.0,0.0
0.0,200.0,0.0,17.0,0.0,0.0,0.0,0.0
0.0,30.0,0.0,21.0,0.0,3240.0,0.0,0.0
0.0,60.0,0.0,17.0,0.0,2.0,0.0,0.0
0.0,30.0,0.0,19.0,0.0,0.0,0.0,0.0
0.0,30.0,0.0,9.0,0.0,0.0,0.0,0.0
0.0,200.0,0.0,9.0,0.0,0.0,0.0,0.0
0.0,30.0,0.0,14.0,0.0,5.0,0.0,0.0
0.0,60.0,0.0,14.0,0.0,0.0,0.0,0.0
0.0,120.0,0.0,21.0,0.0,0.0,0.0,0.0
0.0,30.0,0.0,16.0,0.0,0.0,0.0,0.0
0.0,200.0,0.0,15.0,0.0,0.0,0.0,0.0
0.0,30.0,0.0,22.0,0.0,0.0,0.0,0.0
0.0,200.0,0.0,11.0,0.0,0.0,0.0,0.0
0.0,60.0,0.0,18.0,0.0,0.0,0.0,0.0
0.0,200.0,0.0,13.0,0.0,0.0,0.0,0.0
0.0,120.0,0.0,10.0,0.0,0.0,0.0,0.0
0.0,200.0,0.0,20.0,0.0,0.0,0.0,0.0
0.0,200.0,0.0,21.0,0.0,0.0,0.0,0.0
0.0,30.0,0.0,21.0,0.0,0.0,0.0,0.0
0.0,90.0,0.0,11.0,0.0,0.0,0.0,0.0
0.0,200.0,0.0,13.0,0.0,0.0,0.0,0.0
0.0,200.0,0.0,10.0,0.0,0.0,0.0,0.0
0.0,200.0,0.0,16.0,0.0,0.0,0.0,0.0
0.0,30.0,0.0,18.0,0.0,0.0,0.0,0.0
0.0,200.0,0.0,21.0,0.0,0.0,0.0,0.0
0.0,200.0,0.0,11.0,0.0,0.0,0.0,0.0
0.0,60.0,0.0,7.0,0.0,0.0,0.0,0.0
0.0,30.0,0.0,13.0,0.0,1.0,0.0,0.0
0.0,30.0,0.0,14.0,0.0,0.0,0.0,0.0
0.0,150.0,0.0,13.0,0.0,0.0,0.0,0.0
0.0,200.0,0.0,10.0,0.0,0.0,0.0,0.0
0.0,200.0,0.0,10.0,0.0,0.0,0.0,0.0
0.0,180.0,0.0,8.0,0.0,0.0,0.0,0.0
0.0,90.0,0.0,17.0,0.0,0.0,0.0,0.0
0.0,200.0,0.0,19.0,0.0,0.0,0.0,0.0
0.0,200.0,0.0,16.0,0.0,0.0,0.0,0.0
0.0,200.0,0.0,13.0,0.0,0.0,0.0,0.0
0.0,30.0,0.0,20.0,0.0,0.0,0.0,0.0
0.0,200.0,0.0,13.0,0.0,0.0,0.0,0.0
0.0,30.0,0.0,17.0,0.0,1.0,0.0,0.0
0.0,200.0,0.0,20.0,0.0,0.0,0.0,0.0
0.0,120.0,0.0,8.0,0.0,0.0,0.0,0.0
0.0,60.0,0.0,18.0,0.0,0.0,0.0,0.0
0.0,200.0,0.0,22.0,0.0,0.0,0.0,0.0
0.0,200.0,0.0,9.0,0.0,0.0,0.0,0.0
0.0,30.0,0.0,20.0,0.0,0.0,0.0,0.0
0.0,30.0,0.0,15.0,0.0,7.0,0.0,0.0
0.0,120.0,0.0,20.0,0.0,0.0,0.0,0.0
0.0,200.0,0.0,7.0,0.0,0.0,0.0,0.0
0.0,200.0,0.0,19.0,0.0,0.0,0.0,0.0
0.0,30.0,0.0,20.0,0.0,0.0,0.0,0.0
0.0,200.0,0.0,12.0,0.0,0.0,0.0,0.0
0.0,180.0,0.0,13.0,0.0,0.0,0.0,0.0
0.0,60.0,0.0,16.0,0.0,0.0,0.0,0.0
0.0,30.0,0.0,19.0,0.0,0.0,0.0,0.0
0.0,120.0,0.0,16.0,0.0,0.0,0.0,0.0
0.0,60.0,0.0,17.0,0.0,0.0,0.0,0.0
0.0,30.0,0.0,7.0,0.0,0.0,0.0,0.0
0.0,30.0,0.0,18.0,0.0,2.0,0.0,0.0
0.0,30.0,0.0,7.0,0.0,2.0,0.0,0.0
0.0,30.0,0.0,14.0,0.0,0.0,0.0,0.0
0.0,30.0,0.0,13.0,0.0,0.0,0.0,0.0
0.0,200.0,0.0,8.0,0.0,0.0,0.0,0.0
0.0,30.0,0.0,12.0,0.0,1.0,0.0,0.0
0.0,120.0,0.0,9.0,0.0,0.0,0.0,0.0
0.0,200.0,0.0,22.0,0.0,0.0,0.0,0.0
0.0,90.0,0.0,7.0,0.0,0.0,0.0,0.0
0.0,30.0,0.0,20.0,0.0,0.0,0.0,0.0
0.0,60.0,0.0,9.0,0.0,0.0,0.0,0.0
0.0,60.0,0.0,14.0,0.0,0.0,0.0,0.0
0.0,200.0,0.0,13.0,0.0,0.0,0.0,0.0
0.0,120.0,0.0,8.0,0.0,0.0,0.0,0.0
0.0,30.0,0.0,9.0,0.0,0.0,0.0,0.0
0.0,200.0,0.0,19.0,0.0,0.0,0.0,0.0
0.0,200.0,0.0,19.0,0.0,0.0,0.0,0.0
0.0,120.0,0.0,9.0,0.0,0.0,0.0,0.0
0.0,200.0,0.0,15.0,0.0,0.0,0.0,0.0
0.0,200.0,0.0,14.0,0.0,0.0,0.0,0.0
0.0,60.0,0.0,21.0,0.0,0.0,0.0,0.0
0.0,200.0,0.0,17.0,0.0,0.0,0.0,0.0
0.0,200.0,0.0,22.0,0.0,0.0,0.0,0.0
0.0,60.0,0.0,20.0,0.0,0.0,0.0,0.0
0.0,200.0,0.0,7.0,0.0,0.0,0.0,0.0
0.0,120.0,0.0,7.0,0.0,0.0,0.0,0.0
0.0,120.0,0.0,16.0,0.0,1714.0,0.0,0.0
0.0,30.0,0.0,20.0,0.0,1.0,0.0,0.0
0.0,30.0,0.0,21.0,0.0,0.0,0.0,0.0
0.0,30.0,0.0,16.0,0.0,0.0,0.0,0.0
0.0,200.0,0.0,19.0,0.0,0.0,0.0,0.0
0.0,200.0,0.0,14.0,0.0,0.0,0.0,0.0
0.0,30.0,0.0,7.0,0.0,0.0,0.0,0.0
0.0,60.0,0.0,19.0,0.0,0.0,0.0,0.0
0.0,180.0,0.0,20.0,0.0,0.0,0.0,0.0
0.0,200.0,0.0,11.0,0.0,0.0,0.0,0.0
0.0,200.0,0.0,18.0,0.0,0.0,0.0,0.0
0.0,30.0,0.0,13.0,0.0,0.0,0.0,0.0
0.0,200.0,0.0,9.0,0.0,0.0,0.0,0.0
0.0,200.0,0.0,14.0,0.0,0.0,0.0,0.0
0.0,30.0,0.0,9.0,0.0,0.0,0.0,0.0
0.0,30.0,0.0,10.0,0.0,0.0,0.0,0.0
0.0,60.0,0.0,11.0,0.0,0.0,0.0,0.0
0.0,150.0,0.0,22.0,0.0,0.0,0.0,0.0
0.0,200.0,0.0,7.0,0.0,0.0,0.0,0.0
0.0,30.0,0.0,7.0,0.0,14.0,0.0,0.0
0.0,90.0,0.0,14.0,0.0,0.0,0.0,0.0
0.0,200.0,0.0,12.0,0.0,0.0,0.0,0.0
0.0,200.0,0.0,21.0,0.0,0.0,0.0,0.0
0.0,200.0,0.0,12.0,0.0,0.0,0.0,0.0
0.0,200.0,0.0,21.0,0.0,0.0,0.0,0.0
0.0,150.0,0.0,21.0,0.0,0.0,0.0,0.0
0.0,30.0,0.0,17.0,0.0,0.0,0.0,0.0
0.0,180.0,0.0,16.0,0.0,0.0,0.0,0.0
0.0,60.0,0.0,8.0,0.0,0.0,0.0,0.0
0.0,200.0,0.0,14.0,0.0,0.0,0.0,0.0
0.0,200.0,0.0,22.0,0.0,0.0,0.0,0.0
0.0,30.0,0.0,11.0,0.0,0.0,0.0,0.0
0.0,30.0,0.0,16.0,0.0,0.0,0.0,0.0
0.0,30.0,0.0,9.0,0.0,0.0,0.0,0.0
0.0,120.0,0.0,22.0,0.0,0.0,0.0,0.0
0.0,90.0,0.0,9.0,0.0,0.0,0.0,0.0
0.0,30.0,0.0,16.0,0.0,21.0,0.0,0.0
0.0,150.0,0.0,21.0,0.0,0.0,0.0,0.0
0.0,60.0,0.0,10.0,0.0,0.0,0.0,0.0
0.0,200.0,0.0,16.0,0.0,0.0,0.0,0.0
0.0,200.0,0.0,12.0,0.0,0.0,0.0,0.0
0.0,200.0,0.0,16.0,0.0,0.0,0.0,0.0
0.0,30.0,0.0,7.0,0.0,11.0,0.0,0.0
0.0,200.0,0.0,19.0,0.0,0.0,0.0,0.0
0.0,60.0,0.0,14.0,0.0,0.0,0.0,0.0
0.0,120.0,0.0,17.0,0.0,0.0,0.0,0.0
0.0,200.0,0.0,18.0,0.0,0.0,0.0,0.0
0.0,60.0,0.0,21.0,0.0,5.0,0.0,0.0
0.0,200.0,0.0,13.0,0.0,0.0,0.0,0.0
0.0,180.0,0.0,7.0,0.0,0.0,0.0,0.0
0.0,150.0,0.0,19.0,0.0,0.0,0.0,0.0
0.0,30.0,0.0,7.0,0.0,0.0,0.0,0.0
0.0,30.0,0.0,12.0,0.0,0.0,0.0,0.0
0.0,30.0,0.0,14.0,0.0,0.0,0.0,0.0
0.0,30.0,0.0,14.0,0.0,0.0,0.0,0.0
0.0,90.0,0.0,19.0,0.0,0.0,0.0,0.0
0.0,200.0,0.0,9.0,0.0,0.0,0.0,0.0
0.0,180.0,0.0,8.0,0.0,0.0,0.0,0.0
0.0,200.0,0.0,20.0,0.0,0.0,0.0,0.0
0.0,150.0,0.0,9.0,0.0,0.0,0.0,0.0
0.0,200.0,0.0,11.0,0.0,0.0,0.0,0.0
0.0,30.0,0.0,10.0,0.0,0.0,0.0,0.0
0.0,60.0,0.0,15.0,0.0,0.0,0.0,0.0
0.0,150.0,0.0,16.0,0.0,0.0,0.0,0.0
0.0,30.0,0.0,21.0,0.0,0.0,0.0,0.0
0.0,200.0,0.0,18.0,0.0,0.0,0.0,0.0
0.0,30.0,0.0,12.0,0.0,0.0,0.0,0.0
0.0,30.0,0.0,11.0,0.0,1.0,0.0,0.0
0.0,200.0,0.0,17.0,0.0,0.0,0.0,0.0
0.0,120.0,0.0,22.0,0.0,0.0,0.0,0.0
0.0,30.0,0.0,20.0,0.0,0.0,0.0,0.0
0.0,150.0,0.0,17.0,0.0,0.0,0.0,0.0
0.0,200.0,0.0,13.0,0.0,0.0,0.0,0.0
0.0,200.0,0.0,21.0,0.0,0.0,0.0,0.0
0.0,200.0,0.0,8.0,0.0,0.0,0.0,0.0
0.0,30.0,0.0,9.0,0.0,0.0,0.0,0.0
0.0,150.0,0.0,13.0,0.0,6515.0,0.0,0.0
0.0,30.0,0.0,14.0,0.0,0.0,0.0,0.0
0.0,30.0,0.0,19.0,0.0,0.0,0.0,0.0
0.0,200.0,0.0,22.0,0.0,0.0,0.0,0.0
0.0,200.0,0.0,17.0,0.0,0.0,0.0,0.0
0.0,30.0,0.0,17.0,0.0,2.0,0.0,0.0
0.0,150.0,0.0,18.0,0.0,28.0,0.0,0.0
0.0,200.0,0.0,12.0,0.0,0.0,0.0,0.0
0.0,200.0,0.0,9.0,0.0,0.0,0.0,0.0
0.0,30.0,0.0,15.0,0.0,0.0,0.0,0.0
0.0,200.0,0.0,18.0,0.0,0.0,0.0,0.0
0.0,200.0,0.0,8.0,0.0,0.0,0.0,0.0
0.0,30.0,0.0,13.0,0.0,0.0,0.0,0.0
0.0,200.0,0.0,10.0,0.0,0.0,0.0,0.0
0.0,30.0,0.0,13.0,0.0,1.0,0.0,0.0
0.0,200.0,0.0,19.0,0.0,0.0,0.0,0.0
0.0,30.0,0.0,18.0,0.0,0.0,1.0,0.0
0.0,200.0,0.0,20.0,0.0,0.0,0.0,0.0
0.0,200.0,0.0,12.0,0.0,0.0,0.0,0.0
0.0,200.0,0.0,22.0,0.0,0.0,0.0,0.0
0.0,200.0,0.0,17.0,0.0,0.0,0.0,0.0
0.0,30.0,0.0,22.0,0.0,3.0,0.0,0.0
0.0,180.0,0.0,10.0,0.0,0.0,0.0,0.0
0.0,30.0,0.0,9.0,0.0,0.0,0.0,0.0
0.0,200.0,0.0,13.0,0.0,0.0,0.0,0.0
0.0,30.0,0.0,16.0,0.0,28.0,0.0,0.0
0.0,200.0,0.0,14.0,0.0,0.0,0.0,0.0
0.0,180.0,0.0,8.0,0.0,0.0,0.0,0.0
0.0,150.0,0.0,20.0,0.0,0.0,0.0,0.0
0.0,90.0,0.0,19.0,0.0,0.0,0.0,0.0
0.0,120.0,0.0,16.0,0.0,0.0,0.0,0.0
0.0,60.0,0.0,20.0,0.0,0.0,0.0,0.0
0.0,60.0,0.0,10.0,0.0,0.0,0.0,0.0
0.0,180.0,0.0,16.0,0.0,0.0,0.0,0.0
0.0,200.0,0.0,22.0,0.0,0.0,0.0,0.0
0.0,30.0,0.0,7.0,0.0,0.0,0.0,0.0
0.0,120.0,0.0,10.0,0.0,7200.0,0.0,0.0
0.0,200.0,0.0,15.0,0.0,0.0,0.0,0.0
0.0,200.0,0.0,12.0,0.0,0.0,0.0,0.0
0.0,30.0,0.0,19.0,0.0,0.0,0.0,0.0
0.0,30.0,0.0,7.0,0.0,0.0,0.0,0.0
0.0,150.0,0.0,9.0,0.0,0.0,0.0,0.0
0.0,30.0,0.0,16.0,0.0,0.0,0.0,0.0
0.0,120.0,0.0,20.0,0.0,0.0,0.0,0.0
0.0,30.0,0.0,8.0,0.0,0.0,0.0,0.0
0.0,30.0,0.0,7.0,0.0,1.0,0.0,0.0
0.0,200.0,0.0,19.0,0.0,0.0,0.0,0.0
0.0,200.0,0.0,14.0,0.0,0.0,0.0,0.0
0.0,60.0,0.0,7.0,0.0,0.0,0.0,0.0
0.0,200.0,0.0,10.0,0.0,0.0,0.0,0.0
0.0,30.0,0.0,13.0,0.0,0.0,0.0,0.0
0.0,200.0,0.0,8.0,0.0,0.0,0.0,0.0
0.0,30.0,0.0,18.0,0.0,0.0,0.0,0.0
0.0,30.0,0.0,12.0,0.0,1.0,0.0,0.0
0.0,30.0,0.0,13.0,0.0,1.0,0.0,0.0
0.0,120.0,0.0,17.0,0.0,0.0,0.0,0.0
0.0,200.0,0.0,14.0,0.0,0.0,0.0,0.0
0.0,90.0,0.0,10.0,0.0,0.0,0.0,0.0
0.0,200.0,0.0,19.0,0.0,0.0,0.0,0.0
0.0,150.0,0.0,7.0,0.0,0.0,0.0,0.0
0.0,200.0,0.0,20.0,0.0,0.0,0.0,0.0
0.0,90.0,0.0,8.0,0.0,0.0,0.0,0.0
0.0,30.0,0.0,10.0,0.0,11.0,0.0,0.0
0.0,200.0,0.0,11.0,0.0,0.0,0.0,0.0
0.0,30.0,0.0,13.0,0.0,0.0,0.0,0.0
0.0,30.0,0.0,22.0,0.0,0.0,0.0,0.0
0.0,90.0,0.0,13.0,0.0,0.0,0.0,0.0
0.0,200.0,0.0,21.0,0.0,0.0,0.0,0.0
0.0,200.0,0.0,21.0,0.0,0.0,0.0,0.0
0.0,200.0,0.0,17.0,0.0,0.0,0.0,0.0
0.0,120.0,0.0,13.0,0.0,0.0,0.0,0.0
0.0,200.0,0.0,10.0,0.0,0.0,0.0,0.0
0.0,200.0,0.0,11.0,0.0,0.0,0.0,0.0
0.0,30.0,0.0,10.0,0.0,0.0,0.0,0.0
0.0,30.0,0.0,15.0,0.0,0.0,0.0,0.0
0.0,200.0,0.0,11.0,0.0,0.0,0.0,0.0
0.0,150.0,0.0,20.0,0.0,0.0,0.0,0.0
0.0,30.0,0.0,20.0,0.0,0.0,0.0,0.0
0.0,200.0,0.0,7.0,0.0,0.0,0.0,0.0
0.0,30.0,0.0,14.0,0.0,0.0,6.0,0.0
0.0,120.0,0.0,9.0,0.0,0.0,0.0,0.0
0.0,200.0,0.0,8.0,0.0,0.0,0.0,0.0
0.0,30.0,0.0,16.0,0.0,0.0,0.0,0.0
0.0,180.0,0.0,16.0,0.0,0.0,0.0,0.0
0.0,30.0,0.0,7.0,0.0,0.0,0.0,0.0
0.0,90.0,0.0,17.0,0.0,0.0,0.0,0.0
0.0,60.0,0.0,7.0,0.0,0.0,0.0,0.0
0.0,200.0,0.0,16.0,0.0,0.0,0.0,0.0
0.0,60.0,0.0,18.0,0.0,0.0,0.0,0.0
0.0,30.0,0.0,13.0,0.0,0.0,0.0,0.0
0.0,30.0,0.0,13.0,0.0,0.0,0.0,0.0
0.0,200.0,0.0,7.0,0.0,0.0,0.0,0.0
0.0,200.0,0.0,15.0,0.0,0.0,0.0,0.0
0.0,200.0,0.0,8.0,0.0,0.0,0.0,0.0
0.0,120.0,0.0,17.0,0.0,0.0,0.0,0.0
0.0,30.0,0.0,20.0,0.0,0.0,0.0,0.0
0.0,30.0,0.0,8.0,0.0,0.0,0.0,0.0
0.0,30.0,0.0,18.0,0.0,0.0,0.0,0.0
0.0,200.0,0.0,16.0,0.0,0.0,0.0,0.0
0.0,30.0,0.0,10.0,0.0,2.0,0.0,0.0
0.0,200.0,0.0,9.0,0.0,0.0,0.0,0.0
0.0,60.0,0.0,20.0,0.0,1.0,0.0,0.0
0.0,180.0,0.0,20.0,0.0,0.0,0.0,0.0
0.0,30.0,0.0,13.0,0.0,0.0,0.0,0.0
0.0,60.0,0.0,20.0,0.0,0.0,0.0,0.0
0.0,200.0,0.0,13.0,0.0,0.0,0.0,0.0
0.0,150.0,0.0,17.0,0.0,0.0,0.0,0.0
0.0,200.0,0.0,22.0,0.0,0.0,0.0,0.0
0.0,200.0,0.0,15.0,0.0,0.0,0.0,0.0
0.0,200.0,0.0,12.0,0.0,0.0,0.0,0.0
0.0,180.0,0.0,18.0,0.0,0.0,0.0,0.0
0.0,200.0,0.0,7.0,0.0,0.0,0.0,0.0
0.0,200.0,0.0,11.0,0.0,0.0,0.0,0.0
0.0,200.0,0.0,22.0,0.0,0.0,0.0,0.0
0.0,60.0,0.0,16.0,0.0,0.0,0.0,0.0
0.0,60.0,0.0,18.0,0.0,0.0,0.0,0.0
0.0,90.0,0.0,14.0,0.0,0.0,0.0,0.0
0.0,30.0,0.0,16.0,0.0,0.0,0.0,0.0
0.0,200.0,0.0,11.0,0.0,0.0,0.0,0.0
0.0,30.0,0.0,21.0,0.0,0.0,0.0,0.0
0.0,60.0,0.0,21.0,0.0,0.0,0.0,0.0
0.0,200.0,0.0,17.0,0.0,0.0,0.0,0.0
0.0,200.0,0.0,10.0,0.0,0.0,0.0,0.0
0.0,200.0,0.0,10.0,0.0,0.0,0.0,0.0
0.0,90.0,0.0,9.0,0.0,0.0,0.0,0.0
0.0,200.0,0.0,14.0,0.0,0.0,0.0,0.0
0.0,200.0,0.0,13.0,0.0,0.0,0.0,0.0
0.0,120.0,0.0,19.0,0.0,0.0,0.0,0.0
0.0,60.0,0.0,22.0,0.0,5849.0,0.0,0.0
0.0,120.0,0.0,13.0,0.0,0.0,0.0,0.0
0.0,30.0,0.0,17.0,0.0,30.0,0.0,0.0
0.0,120.0,0.0,10.0,0.0,0.0,0.0,0.0
0.0,90.0,0.0,20.0,0.0,0.0,0.0,0.0
0.0,200.0,0.0,10.0,0.0,0.0,0.0,0.0
0.0,30.0,0.0,16.0,0.0,0.0,0.0,0.0
0.0,90.0,0.0,13.0,0.0,0.0,0.0,0.0
0.0,200.0,0.0,11.0,0.0,0.0,0.0,0.0
0.0,90.0,0.0,7.0,0.0,0.0,0.0,0.0
0.0,30.0,0.0,21.0,0.0,0.0,0.0,0.0
0.0,30.0,0.0,15.0,0.0,0.0,0.0,0.0
0.0,200.0,0.0,9.0,0.0,0.0,0.0,0.0
0.0,200.0,0.0,17.0,0.0,0.0,0.0,0.0
0.0,200.0,0.0,21.0,0.0,0.0,0.0,0.0
0.0,200.0,0.0,17.0,0.0,0.0,0.0,0.0
0.0,30.0,0.0,8.0,0.0,0.0,0.0,0.0
0.0,30.0,0.0,18.0,0.0,0.0,0.0,0.0
0.0,200.0,0.0,13.0,0.0,0.0,0.0,0.0
0.0,90.0,0.0,12.0,0.0,0.0,0.0,0.0
0.0,90.0,0.0,12.0,0.0,0.0,0.0,0.0
0.0,30.0,0.0,8.0,0.0,17.0,0.0,0.0
0.0,30.0,0.0,21.0,0.0,0.0,0.0,0.0
0.0,120.0,0.0,12.0,0.0,0.0,0.0,0.0
0.0,200.0,0.0,14.0,0.0,0.0,0.0,0.0
0.0,120.0,0.0,12.0,0.0,0.0,0.0,0.0
0.0,60.0,0.0,8.0,0.0,0.0,0.0,0.0
0.0,30.0,0.0,7.0,0.0,1.0,0.0,0.0
0.0,200.0,0.0,14.0,0.0,0.0,0.0,0.0
0.0,200.0,0.0,20.0,0.0,0.0,0.0,0.0
0.0,200.0,0.0,13.0,0.0,0.0,0.0,0.0
0.0,30.0,0.0,18.0,0.0,0.0,0.0,0.0
0.0,30.0,0.0,14.0,0.0,0.0,0.0,0.0
0.0,30.0,0.0,13.0,0.0,0.0,0.0,0.0
0.0,200.0,0.0,20.0,0.0,0.0,0.0,0.0
0.0,30.0,0.0,19.0,0.0,10.0,0.0,0.0
0.0,200.0,0.0,15.0,0.0,0.0,0.0,0.0
0.0,200.0,0.0,14.0,0.0,0.0,0.0,0.0
0.0,200.0,0.0,18.0,0.0,0.0,0.0,0.0
0.0,60.0,0.0,17.0,0.0,0.0,0.0,0.0
0.0,120.0,0.0,19.0,0.0,0.0,0.0,0.0
0.0,30.0,0.0,17.0,0.0,0.0,0.0,0.0
0.0,200.0,0.0,8.0,0.0,0.0,0.0,0.0
0.0,200.0,0.0,21.0,0.0,0.0,0.0,0.0
0.0,200.0,0.0,11.0,0.0,0.0,0.0,0.0
0.0,150.0,0.0,19.0,0.0,0.0,0.0,0.0
0.0,200.0,0.0,16.0,0.0,0.0,0.0,0.0
0.0,200.0,0.0,10.0,0.0,0.0,0.0,0.0
0.0,200.0,0.0,19.0,0.0,0.0,0.0,0.0
0.0,200.0,0.0,13.0,0.0,0.0,0.0,0.0
0.0,60.0,0.0,14.0,0.0,0.0,0.0,0.0
0.0,60.0,0.0,9.0,0.0,0.0,0.0,0.0
0.0,90.0,0.0,17.0,0.0,0.0,0.0,0.0
0.0,200.0,0.0,16.0,0.0,0.0,0.0,0.0
0.0,200.0,0.0,17.0,0.0,0.0,0.0,0.0
0.0,30.0,0.0,20.0,0.0,0.0,0.0,0.0
0.0,30.0,0.0,11.0,0.0,0.0,0.0,0.0
0.0,200.0,0.0,17.0,0.0,0.0,0.0,0.0
0.0,200.0,0.0,18.0,0.0,0.0,0.0,0.0
0.0,30.0,0.0,16.0,0.0,5.0,0.0,0.0
0.0,30.0,0.0,10.0,0.0,0.0,0.0,0.0
0.0,200.0,0.0,13.0,0.0,0.0,0.0,0.0
0.0,30.0,0.0,15.0,0.0,7200.0,0.0,0.0
0.0,30.0,0.0,17.0,0.0,21.0,0.0,0.0
0.0,30.0,0.0,8.0,0.0,7200.0,0.0,0.0
0.0,200.0,0.0,20.0,0.0,0.0,0.0,0.0
0.0,30.0,0.0,22.0,0.0,0.0,0.0,0.0
0.0,200.0,0.0,8.0,0.0,0.0,0.0,0.0
0.0,30.0,0.0,7.0,0.0,0.0,1.0,0.0
0.0,30.0,0.0,18.0,0.0,0.0,0.0,0.0
0.0,200.0,0.0,22.0,0.0,0.0,0.0,0.0
0.0,90.0,0.0,20.0,0.0,0.0,0.0,0.0
0.0,30.0,0.0,15.0,0.0,0.0,0.0,0.0
0.0,200.0,0.0,13.0,0.0,0.0,0.0,0.0
0.0,30.0,0.0,17.0,0.0,0.0,0.0,0.0
0.0,200.0,0.0,17.0,0.0,0.0,0.0,0.0
0.0,90.0,0.0,17.0,0.0,0.0,0.0,0.0
0.0,30.0,0.0,7.0,0.0,7.0,0.0,0.0
0.0,30.0,0.0,11.0,0.0,0.0,0.0,0.0
0.0,200.0,0.0,20.0,0.0,0.0,0.0,0.0
0.0,120.0,0.0,19.0,0.0,0.0,0.0,0.0
0.0,200.0,0.0,21.0,0.0,0.0,0.0,0.0
0.0,60.0,0.0,15.0,0.0,0.0,0.0,0.0
0.0,200.0,0.0,10.0,0.0,0.0,0.0,0.0
0.0,200.0,0.0,12.0,0.0,0.0,0.0,0.0
0.0,120.0,0.0,15.0,0.0,0.0,0.0,0.0
0.0,200.0,0.0,9.0,0.0,0.0,0.0,0.0
0.0,200.0,0.0,11.0,0.0,0.0,0.0,0.0
0.0,200.0,0.0,7.0,0.0,0.0,0.0,0.0
0.0,150.0,0.0,20.0,0.0,0.0,0.0,0.0
0.0,120.0,0.0,13.0,0.0,7154.0,0.0,0.0
0.0,200.0,0.0,8.0,0.0,0.0,0.0,0.0
0.0,200.0,0.0,9.0,0.0,0.0,0.0,0.0
0.0,200.0,0.0,19.0,0.0,0.0,0.0,0.0
0.0,60.0,0.0,15.0,0.0,1.0,0.0,0.0
0.0,60.0,0.0,19.0,0.0,0.0,0.0,0.0
0.0,60.0,0.0,14.0,0.0,1.0,0.0,0.0
0.0,30.0,0.0,9.0,0.0,21.0,0.0,0.0
0.0,200.0,0.0,12.0,0.0,0.0,0.0,0.0
0.0,30.0,0.0,21.0,0.0,7200.0,0.0,0.0
0.0,200.0,0.0,16.0,0.0,0.0,0.0,0.0
0.0,30.0,0.0,15.0,0.0,0.0,0.0,0.0
0.0,200.0,0.0,11.0,0.0,0.0,0.0,0.0
0.0,90.0,0.0,10.0,0.0,0.0,0.0,0.0
0.0,30.0,0.0,19.0,0.0,2.0,0.0,0.0
0.0,200.0,0.0,11.0,0.0,0.0,0.0,0.0
0.0,30.0,0.0,15.0,0.0,204.0,0.0,0.0
0.0,60.0,0.0,9.0,0.0,0.0,0.0,0.0
0.0,60.0,0.0,7.0,0.0,0.0,0.0,0.0
0.0,180.0,0.0,10.0,0.0,0.0,0.0,0.0
0.0,60.0,0.0,17.0,0.0,0.0,0.0,0.0
0.0,30.0,0.0,21.0,0.0,15.0,0.0,0.0
0.0,90.0,0.0,13.0,0.0,0.0,0.0,0.0
0.0,30.0,0.0,22.0,0.0,4.0,0.0,0.0
0.0,60.0,0.0,18.0,0.0,0.0,0.0,0.0
0.0,200.0,0.0,21.0,0.0,0.0,0.0,0.0
0.0,90.0,0.0,17.0,0.0,0.0,0.0,0.0
0.0,200.0,0.0,7.0,0.0,0.0,0.0,0.0
0.0,200.0,0.0,20.0,0.0,0.0,0.0,0.0
0.0,60.0,0.0,22.0,0.0,0.0,0.0,0.0
0.0,150.0,0.0,20.0,0.0,0.0,0.0,0.0
0.0,30.0,0.0,8.0,0.0,0.0,0.0,0.0
0.0,200.0,0.0,17.0,0.0,0.0,0.0,0.0
0.0,200.0,0.0,10.0,0.0,0.0,0.0,0.0
0.0,60.0,0.0,13.0,0.0,0.0,0.0,0.0
0.0,90.0,0.0,19.0,0.0,0.0,0.0,0.0
0.0,60.0,0.0,12.0,0.0,0.0,0.0,0.0
0.0,200.0,0.0,16.0,0.0,0.0,0.0,0.0
0.0,120.0,0.0,8.0,0.0,0.0,0.0,0.0
0.0,30.0,0.0,18.0,0.0,0.0,0.0,0.0
0.0,150.0,0.0,19.0,0.0,0.0,0.0,0.0
0.0,200.0,0.0,11.0,0.0,0.0,0.0,0.0
0.0,30.0,0.0,20.0,0.0,0.0,0.0,0.0
0.0,90.0,0.0,17.0,0.0,0.0,0.0,0.0
0.0,200.0,0.0,21.0,0.0,0.0,0.0,0.0
0.0,200.0,0.0,9.0,0.0,0.0,0.0,0.0
0.0,200.0,0.0,16.0,0.0,0.0,0.0,0.0
0.0,30.0,0.0,13.0,0.0,0.0,0.0,0.0
0.0,30.0,0.0,19.0,0.0,0.0,0.0,0.0
0.0,120.0,0.0,18.0,0.0,27.0,0.0,0.0
0.0,30.0,0.0,18.0,0.0,0.0,0.0,0.0
0.0,200.0,0.0,15.0,0.0,0.0,0.0,0.0
0.0,120.0,0.0,13.0,0.0,0.0,0.0,0.0
0.0,200.0,0.0,16.0,0.0,0.0,0.0,0.0
0.0,60.0,0.0,10.0,0.0,0.0,0.0,0.0
0.0,200.0,0.0,11.0,0.0,0.0,0.0,0.0
0.0,30.0,0.0,17.0,0.0,0.0,0.0,0.0
0.0,200.0,0.0,13.0,0.0,0.0,0.0,0.0
0.0,60.0,0.0,12.0,0.0,0.0,0.0,0.0
0.0,200.0,0.0,17.0,0.0,0.0,0.0,0.0
0.0,200.0,0.0,14.0,0.0,0.0,0.0,0.0
0.0,200.0,0.0,22.0,0.0,0.0,0.0,0.0
0.0,60.0,0.0,12.0,0.0,0.0,0.0,0.0
0.0,30.0,0.0,14.0,0.0,3.0,0.0,0.0
0.0,200.0,0.0,19.0,0.0,0.0,0.0,0.0
0.0,120.0,0.0,15.0,0.0,0.0,0.0,0.0
0.0,30.0,0.0,10.0,0.0,0.0,0.0,0.0
0.0,60.0,0.0,9.0,0.0,0.0,0.0,0.0
0.0,60.0,0.0,9.0,0.0,0.0,1.0,0.0
0.0,200.0,0.0,18.0,0.0,0.0,0.0,0.0
0.0,120.0,0.0,10.0,0.0,0.0,0.0,0.0
0.0,30.0,0.0,10.0,0.0,0.0,0.0,0.0
0.0,30.0,0.0,10.0,0.0,0.0,0.0,0.0
0.0,60.0,0.0,11.0,0.0,0.0,0.0,0.0
0.0,30.0,0.0,9.0,0.0,0.0,0.0,0.0
0.0,200.0,0.0,8.0,0.0,0.0,0.0,0.0
0.0,30.0,0.0,20.0,0.0,3.0,0.0,0.0
0.0,30.0,0.0,21.0,0.0,0.0,0.0,0.0
0.0,30.0,0.0,8.0,0.0,0.0,0.0,0.0
0.0,120.0,0.0,20.0,0.0,0.0,0.0,0.0
0.0,30.0,0.0,21.0,0.0,0.0,0.0,0.0
0.0,90.0,0.0,20.0,0.0,6.0,0.0,0.0
0.0,30.0,0.0,9.0,0.0,0.0,0.0,0.0
0.0,30.0,0.0,17.0,0.0,0.0,0.0,0.0
0.0,30.0,0.0,10.0,0.0,0.0,0.0,0.0
0.0,150.0,0.0,18.0,0.0,0.0,0.0,0.0
0.0,200.0,0.0,13.0,0.0,0.0,0.0,0.0
0.0,30.0,0.0,15.0,0.0,0.0,0.0,0.0
0.0,30.0,0.0,20.0,0.0,0.0,0.0,0.0
0.0,200.0,0.0,13.0,0.0,0.0,0.0,0.0
0.0,60.0,0.0,18.0,0.0,0.0,0.0,0.0
0.0,200.0,0.0,20.0,0.0,0.0,0.0,0.0
0.0,60.0,0.0,21.0,0.0,12.0,0.0,0.0
0.0,120.0,0.0,15.0,0.0,1988.0,0.0,0.0
0.0,200.0,0.0,16.0,0.0,0.0,0.0,0.0
0.0,200.0,0.0,10.0,0.0,0.0,0.0,0.0
0.0,30.0,0.0,11.0,0.0,0.0,0.0,0.0
0.0,30.0,0.0,19.0,0.0,0.0,0.0,0.0
0.0,200.0,0.0,17.0,0.0,0.0,0.0,0.0
0.0,180.0,0.0,16.0,0.0,0.0,0.0,0.0
0.0,30.0,0.0,21.0,0.0,0.0,0.0,0.0
0.0,200.0,0.0,7.0,0.0,0.0,0.0,0.0
0.0,60.0,0.0,9.0,0.0,0.0,0.0,0.0
0.0,60.0,0.0,15.0,0.0,0.0,0.0,0.0
0.0,30.0,0.0,13.0,0.0,0.0,0.0,0.0
0.0,90.0,0.0,9.0,0.0,0.0,0.0,0.0
0.0,60.0,0.0,13.0,0.0,10.0,0.0,0.0
0.0,180.0,0.0,8.0,0.0,0.0,0.0,0.0
0.0,30.0,0.0,9.0,0.0,1.0,0.0,0.0
0.0,200.0,0.0,11.0,0.0,0.0,0.0,0.0
0.0,30.0,0.0,18.0,0.0,0.0,0.0,0.0
0.0,30.0,0.0,14.0,0.0,0.0,0.0,0.0
0.0,30.0,0.0,13.0,0.0,0.0,0.0,0.0
0.0,30.0,0.0,12.0,0.0,0.0,0.0,0.0
0.0,30.0,0.0,21.0,0.0,0.0,0.0,0.0
0.0,200.0,0.0,15.0,0.0,0.0,0.0,0.0
0.0,60.0,0.0,8.0,0.0,0.0,0.0,0.0
0.0,200.0,0.0,18.0,0.0,0.0,0.0,0.0
0.0,90.0,0.0,13.0,0.0,0.0,0.0,0.0
0.0,200.0,0.0,12.0,0.0,0.0,0.0,0.0
0.0,60.0,0.0,15.0,0.0,0.0,0.0,0.0
0.0,200.0,0.0,22.0,0.0,0.0,0.0,0.0
0.0,30.0,0.0,8.0,0.0,0.0,0.0,0.0
0.0,30.0,0.0,9.0,0.0,0.0,0.0,0.0
0.0,200.0,0.0,21.0,0.0,0.0,0.0,0.0
0.0,200.0,0.0,12.0,0.0,0.0,0.0,0.0
0.0,200.0,0.0,20.0,0.0,0.0,0.0,0.0
0.0,30.0,0.0,21.0,0.0,0.0,0.0,0.0
0.0,200.0,0.0,13.0,0.0,0.0,0.0,0.0
0.0,200.0,0.0,7.0,0.0,0.0,0.0,0.0
0.0,90.0,0.0,14.0,0.0,0.0,0.0,0.0
0.0,120.0,0.0,8.0,0.0,0.0,0.0,0.0
0.0,60.0,0.0,18.0,0.0,0.0,0.0,0.0
0.0,200.0,0.0,22.0,0.0,0.0,0.0,0.0
0.0,30.0,0.0,20.0,0.0,0.0,0.0,0.0
0.0,200.0,0.0,8.0,0.0,0.0,0.0,0.0
0.0,200.0,0.0,15.0,0.0,0.0,0.0,0.0
0.0,90.0,0.0,11.0,0.0,0.0,0.0,0.0
0.0,120.0,0.0,8.0,0.0,0.0,0.0,0.0
0.0,60.0,0.0,21.0,0.0,3.0,0.0,0.0
0.0,120.0,0.0,9.0,0.0,0.0,0.0,0.0
0.0,200.0,0.0,15.0,0.0,0.0,0.0,0.0
0.0,30.0,0.0,9.0,0.0,0.0,0.0,0.0
0.0,30.0,0.0,16.0,0.0,1.0,0.0,0.0
0.0,150.0,0.0,19.0,0.0,0.0,0.0,0.0
0.0,200.0,0.0,8.0,0.0,0.0,0.0,0.0
0.0,30.0,0.0,15.0,0.0,1.0,0.0,0.0
0.0,200.0,0.0,18.0,0.0,0.0,0.0,0.0
0.0,30.0,0.0,21.0,0.0,1.0,0.0,0.0
0.0,30.0,0.0,12.0,0.0,0.0,0.0,0.0
0.0,200.0,0.0,15.0,0.0,0.0,0.0,0.0
0.0,200.0,0.0,18.0,0.0,0.0,0.0,0.0
1.0,30.0,0.0,19.0,0.0,1.0,0.0,0.0
0.0,180.0,0.0,9.0,0.0,0.0,0.0,0.0
0.0,30.0,0.0,18.0,0.0,0.0,0.0,0.0
0.0,30.0,0.0,13.0,0.0,0.0,0.0,0.0
0.0,150.0,0.0,20.0,0.0,0.0,0.0,0.0
0.0,200.0,0.0,8.0,0.0,0.0,0.0,0.0
0.0,30.0,0.0,13.0,0.0,0.0,0.0,0.0
0.0,60.0,0.0,12.0,0.0,0.0,0.0,0.0
0.0,200.0,0.0,15.0,0.0,0.0,0.0,0.0
0.0,200.0,0.0,16.0,0.0,0.0,0.0,0.0
0.0,30.0,0.0,18.0,0.0,0.0,0.0,0.0
0.0,90.0,0.0,17.0,0.0,0.0,0.0,0.0
0.0,200.0,0.0,13.0,0.0,0.0,0.0,0.0
0.0,200.0,0.0,10.0,0.0,0.0,0.0,0.0
0.0,200.0,0.0,7.0,0.0,0.0,0.0,0.0
0.0,150.0,0.0,16.0,0.0,0.0,0.0,0.0
0.0,150.0,0.0,22.0,0.0,0.0,0.0,0.0
0.0,200.0,0.0,13.0,0.0,0.0,0.0,0.0
0.0,200.0,0.0,22.0,0.0,0.0,0.0,0.0
0.0,30.0,0.0,18.0,0.0,0.0,0.0,0.0
0.0,200.0,0.0,12.0,0.0,0.0,0.0,0.0
0.0,180.0,0.0,8.0,0.0,0.0,0.0,0.0
0.0,30.0,0.0,10.0,0.0,0.0,0.0,0.0
0.0,200.0,0.0,21.0,0.0,0.0,0.0,0.0
0.0,30.0,0.0,14.0,0.0,0.0,0.0,0.0
0.0,180.0,0.0,14.0,0.0,0.0,0.0,0.0
0.0,30.0,0.0,18.0,0.0,0.0,0.0,0.0
0.0,200.0,0.0,11.0,0.0,0.0,0.0,0.0
0.0,30.0,0.0,8.0,0.0,0.0,0.0,0.0
0.0,30.0,0.0,22.0,0.0,0.0,0.0,0.0
0.0,30.0,0.0,19.0,0.0,778.0,0.0,0.0
0.0,60.0,0.0,15.0,0.0,0.0,0.0,0.0
0.0,200.0,0.0,12.0,0.0,0.0,0.0,0.0
0.0,200.0,0.0,11.0,0.0,0.0,0.0,0.0
0.0,200.0,0.0,12.0,0.0,0.0,0.0,0.0
0.0,200.0,0.0,22.0,0.0,0.0,0.0,0.0
0.0,30.0,0.0,19.0,0.0,0.0,0.0,0.0
0.0,200.0,0.0,8.0,0.0,0.0,0.0,0.0
0.0,120.0,0.0,18.0,0.0,0.0,0.0,0.0
0.0,30.0,0.0,11.0,0.0,0.0,0.0,0.0
0.0,60.0,0.0,8.0,0.0,0.0,0.0,0.0
0.0,200.0,0.0,12.0,0.0,0.0,0.0,0.0
0.0,180.0,0.0,7.0,0.0,0.0,0.0,0.0
0.0,200.0,0.0,11.0,0.0,10.0,0.0,0.0
0.0,30.0,0.0,11.0,0.0,0.0,0.0,0.0
0.0,30.0,0.0,13.0,0.0,28.0,0.0,0.0
0.0,60.0,0.0,13.0,0.0,0.0,0.0,0.0
0.0,200.0,0.0,13.0,0.0,0.0,0.0,0.0
0.0,200.0,0.0,13.0,0.0,0.0,0.0,0.0
0.0,200.0,0.0,8.0,0.0,0.0,0.0,0.0
0.0,200.0,0.0,22.0,0.0,0.0,0.0,0.0
0.0,30.0,0.0,22.0,0.0,0.0,0.0,0.0
0.0,200.0,0.0,14.0,0.0,0.0,0.0,0.0
0.0,200.0,0.0,7.0,0.0,0.0,0.0,0.0
0.0,60.0,0.0,13.0,0.0,0.0,0.0,0.0
0.0,200.0,0.0,10.0,0.0,0.0,0.0,0.0
0.0,30.0,0.0,20.0,0.0,771.0,0.0,0.0
0.0,200.0,0.0,12.0,0.0,0.0,0.0,0.0
0.0,60.0,0.0,21.0,0.0,0.0,0.0,0.0
0.0,30.0,0.0,20.0,0.0,0.0,0.0,0.0
0.0,30.0,0.0,15.0,0.0,0.0,0.0,0.0
0.0,200.0,0.0,18.0,0.0,0.0,0.0,0.0
0.0,60.0,0.0,11.0,0.0,0.0,0.0,0.0
0.0,150.0,0.0,9.0,0.0,0.0,0.0,0.0
0.0,200.0,0.0,12.0,0.0,0.0,0.0,0.0
0.0,30.0,0.0,14.0,0.0,0.0,0.0,0.0
0.0,180.0,0.0,11.0,0.0,0.0,0.0,0.0
0.0,30.0,0.0,7.0,0.0,30.0,0.0,0.0
0.0,30.0,0.0,8.0,0.0,0.0,0.0,0.0
0.0,30.0,0.0,19.0,0.0,0.0,0.0,0.0
0.0,120.0,0.0,7.0,0.0,0.0,0.0,0.0
0.0,150.0,0.0,13.0,0.0,0.0,0.0,0.0
0.0,30.0,0.0,10.0,0.0,1.0,0.0,0.0
0.0,150.0,0.0,15.0,0.0,2715.0,0.0,0.0
0.0,90.0,0.0,11.0,0.0,0.0,0.0,0.0
1.0,30.0,0.0,19.0,0.0,466.0,0.0,0.0
0.0,30.0,0.0,14.0,0.0,0.0,0.0,0.0
0.0,90.0,0.0,10.0,0.0,0.0,0.0,0.0
0.0,30.0,0.0,16.0,0.0,0.0,0.0,0.0
0.0,200.0,0.0,19.0,0.0,0.0,0.0,0.0
0.0,30.0,0.0,17.0,0.0,5517.0,0.0,0.0
0.0,120.0,0.0,20.0,0.0,0.0,0.0,0.0
0.0,200.0,0.0,16.0,0.0,0.0,0.0,0.0
0.0,180.0,0.0,15.0,0.0,0.0,0.0,0.0
0.0,30.0,0.0,8.0,0.0,0.0,0.0,0.0
0.0,30.0,0.0,18.0,0.0,3.0,0.0,0.0
0.0,200.0,0.0,21.0,0.0,0.0,0.0,0.0
0.0,30.0,0.0,20.0,0.0,8.0,0.0,0.0
0.0,200.0,0.0,14.0,0.0,0.0,0.0,0.0
0.0,200.0,0.0,9.0,0.0,0.0,0.0,0.0
0.0,200.0,0.0,21.0,0.0,0.0,0.0,0.0
0.0,200.0,0.0,15.0,0.0,0.0,0.0,0.0
0.0,60.0,0.0,20.0,0.0,0.0,0.0,0.0
0.0,90.0,0.0,15.0,0.0,0.0,0.0,0.0
0.0,180.0,0.0,7.0,0.0,0.0,0.0,0.0
0.0,30.0,0.0,16.0,0.0,0.0,0.0,0.0
0.0,60.0,0.0,16.0,0.0,0.0,0.0,0.0
0.0,200.0,0.0,16.0,0.0,0.0,0.0,0.0
0.0,30.0,0.0,17.0,0.0,0.0,0.0,0.0
0.0,30.0,0.0,17.0,0.0,27.0,0.0,0.0
0.0,30.0,0.0,17.0,0.0,0.0,0.0,0.0
0.0,30.0,0.0,16.0,1.0,2514.0,60.0,0.0
0.0,30.0,0.0,15.0,0.0,0.0,0.0,0.0
0.0,180.0,0.0,20.0,0.0,0.0,0.0,0.0
0.0,200.0,0.0,15.0,0.0,0.0,0.0,0.0
0.0,200.0,0.0,13.0,0.0,0.0,0.0,0.0
0.0,200.0,0.0,9.0,0.0,0.0,0.0,0.0
0.0,150.0,0.0,16.0,0.0,0.0,0.0,0.0
0.0,200.0,0.0,22.0,0.0,0.0,0.0,0.0
0.0,30.0,0.0,13.0,0.0,0.0,0.0,0.0
0.0,60.0,0.0,21.0,0.0,2.0,0.0,0.0
0.0,60.0,0.0,10.0,0.0,0.0,0.0,0.0
0.0,30.0,0.0,9.0,0.0,0.0,0.0,0.0
0.0,30.0,0.0,20.0,0.0,9.0,0.0,0.0
0.0,30.0,0.0,7.0,0.0,0.0,0.0,0.0
0.0,200.0,0.0,14.0,0.0,0.0,0.0,0.0
0.0,200.0,0.0,12.0,0.0,0.0,0.0,0.0
0.0,200.0,0.0,10.0,0.0,0.0,0.0,0.0
0.0,120.0,0.0,22.0,0.0,0.0,0.0,0.0
0.0,30.0,0.0,10.0,0.0,0.0,0.0,0.0
0.0,30.0,0.0,9.0,0.0,0.0,0.0,0.0
0.0,200.0,0.0,19.0,0.0,0.0,0.0,0.0
0.0,150.0,0.0,9.0,0.0,0.0,0.0,0.0
0.0,200.0,0.0,17.0,0.0,0.0,0.0,0.0
0.0,30.0,0.0,12.0,0.0,0.0,0.0,0.0
0.0,30.0,0.0,22.0,0.0,0.0,0.0,0.0
0.0,200.0,0.0,10.0,0.0,0.0,0.0,0.0
0.0,200.0,0.0,14.0,0.0,0.0,0.0,0.0
0.0,60.0,0.0,19.0,0.0,0.0,0.0,0.0
0.0,200.0,0.0,11.0,0.0,0.0,0.0,0.0
0.0,200.0,0.0,12.0,0.0,0.0,0.0,0.0
0.0,200.0,0.0,17.0,0.0,0.0,0.0,0.0
0.0,200.0,0.0,20.0,0.0,0.0,0.0,0.0
0.0,90.0,0.0,20.0,0.0,0.0,0.0,0.0
0.0,200.0,0.0,9.0,0.0,0.0,0.0,0.0
0.0,200.0,0.0,18.0,0.0,0.0,0.0,0.0
0.0,30.0,0.0,8.0,0.0,0.0,0.0,0.0
0.0,200.0,0.0,21.0,0.0,0.0,0.0,0.0
0.0,200.0,0.0,18.0,0.0,0.0,0.0,0.0
0.0,30.0,0.0,11.0,0.0,1.0,0.0,0.0
0.0,30.0,0.0,21.0,0.0,0.0,0.0,0.0
0.0,200.0,0.0,8.0,0.0,0.0,0.0,0.0
0.0,30.0,0.0,8.0,0.0,0.0,0.0,0.0
0.0,180.0,0.0,15.0,0.0,0.0,0.0,0.0
0.0,30.0,0.0,7.0,0.0,0.0,0.0,0.0
0.0,200.0,0.0,8.0,0.0,0.0,0.0,0.0
0.0,200.0,0.0,7.0,0.0,0.0,0.0,0.0
0.0,200.0,0.0,11.0,0.0,0.0,0.0,0.0
0.0,60.0,0.0,10.0,0.0,0.0,0.0,0.0
0.0,200.0,0.0,16.0,0.0,0.0,0.0,0.0
0.0,30.0,0.0,9.0,0.0,0.0,0.0,0.0
0.0,30.0,0.0,21.0,0.0,1.0,0.0,0.0
0.0,30.0,0.0,19.0,0.0,0.0,0.0,0.0
0.0,60.0,0.0,12.0,0.0,0.0,0.0,0.0
0.0,150.0,0.0,20.0,0.0,0.0,0.0,0.0
0.0,200.0,0.0,14.0,0.0,0.0,0.0,0.0
0.0,200.0,0.0,21.0,0.0,0.0,0.0,0.0
0.0,200.0,0.0,15.0,0.0,0.0,0.0,0.0
0.0,200.0,0.0,18.0,0.0,0.0,0.0,0.0
0.0,200.0,0.0,15.0,0.0,0.0,0.0,0.0
0.0,200.0,0.0,20.0,0.0,0.0,0.0,0.0
0.0,30.0,0.0,18.0,0.0,0.0,0.0,0.0
0.0,30.0,0.0,10.0,0.0,67.0,0.0,0.0
0.0,200.0,0.0,12.0,0.0,0.0,0.0,0.0
0.0,90.0,0.0,14.0,0.0,0.0,0.0,0.0
0.0,200.0,0.0,7.0,0.0,0.0,0.0,0.0
0.0,90.0,0.0,19.0,0.0,0.0,0.0,0.0
0.0,60.0,0.0,14.0,0.0,71.0,0.0,0.0
0.0,30.0,0.0,9.0,0.0,0.0,0.0,0.0
0.0,30.0,0.0,13.0,0.0,0.0,0.0,0.0
0.0,200.0,0.0,20.0,0.0,0.0,0.0,0.0
0.0,90.0,0.0,20.0,0.0,0.0,0.0,0.0
0.0,200.0,0.0,21.0,0.0,0.0,0.0,0.0
0.0,200.0,0.0,19.0,0.0,0.0,0.0,0.0
0.0,60.0,0.0,17.0,0.0,0.0,0.0,0.0
0.0,30.0,0.0,22.0,0.0,0.0,0.0,0.0
0.0,30.0,0.0,8.0,0.0,107.0,0.0,0.0
0.0,200.0,0.0,14.0,0.0,0.0,0.0,0.0
0.0,200.0,0.0,19.0,0.0,0.0,0.0,0.0
0.0,30.0,0.0,7.0,0.0,27.0,0.0,0.0
0.0,200.0,0.0,14.0,0.0,0.0,0.0,0.0
0.0,200.0,0.0,7.0,0.0,0.0,0.0,0.0
0.0,30.0,0.0,8.0,0.0,1.0,0.0,0.0
0.0,90.0,0.0,13.0,0.0,0.0,0.0,0.0
0.0,200.0,0.0,8.0,0.0,0.0,0.0,0.0
0.0,30.0,0.0,14.0,0.0,0.0,0.0,0.0
0.0,120.0,0.0,16.0,0.0,0.0,0.0,0.0
0.0,120.0,0.0,9.0,0.0,0.0,0.0,0.0
0.0,30.0,0.0,18.0,0.0,0.0,0.0,0.0
0.0,150.0,0.0,19.0,0.0,7200.0,0.0,0.0
0.0,30.0,0.0,16.0,0.0,7.0,0.0,0.0
0.0,30.0,0.0,19.0,0.0,0.0,0.0,0.0
0.0,30.0,0.0,16.0,0.0,0.0,0.0,0.0
0.0,30.0,0.0,12.0,0.0,1.0,0.0,0.0
0.0,30.0,0.0,15.0,0.0,0.0,0.0,0.0
0.0,90.0,0.0,18.0,0.0,0.0,0.0,0.0
0.0,30.0,0.0,7.0,0.0,0.0,0.0,0.0
0.0,200.0,0.0,20.0,0.0,0.0,0.0,0.0
0.0,200.0,0.0,17.0,0.0,0.0,0.0,0.0
0.0,200.0,0.0,20.0,0.0,0.0,0.0,0.0
0.0,60.0,0.0,18.0,0.0,0.0,0.0,0.0
0.0,30.0,0.0,10.0,0.0,0.0,0.0,0.0
0.0,200.0,0.0,14.0,0.0,0.0,0.0,0.0
0.0,200.0,0.0,20.0,0.0,0.0,0.0,0.0
0.0,90.0,0.0,11.0,0.0,0.0,0.0,0.0
0.0,120.0,0.0,7.0,0.0,0.0,0.0,0.0
0.0,90.0,0.0,20.0,0.0,0.0,0.0,0.0
0.0,200.0,0.0,16.0,0.0,0.0,0.0,0.0
0.0,180.0,0.0,19.0,0.0,0.0,0.0,0.0
0.0,30.0,0.0,8.0,0.0,0.0,0.0,0.0
0.0,180.0,0.0,12.0,0.0,0.0,0.0,0.0
0.0,200.0,0.0,7.0,0.0,0.0,0.0,0.0
0.0,200.0,0.0,18.0,0.0,0.0,0.0,0.0
0.0,90.0,0.0,7.0,0.0,690.0,0.0,0.0
0.0,30.0,0.0,10.0,0.0,0.0,0.0,0.0
0.0,120.0,0.0,19.0,0.0,0.0,0.0,0.0
0.0,30.0,0.0,18.0,0.0,1.0,0.0,0.0
0.0,60.0,0.0,10.0,0.0,7200.0,0.0,0.0
0.0,60.0,0.0,10.0,0.0,0.0,0.0,0.0
0.0,120.0,0.0,12.0,0.0,0.0,0.0,0.0
0.0,200.0,0.0,18.0,0.0,0.0,0.0,0.0
0.0,200.0,0.0,9.0,0.0,0.0,0.0,0.0
0.0,30.0,0.0,17.0,0.0,0.0,0.0,0.0
0.0,200.0,0.0,19.0,0.0,0.0,0.0,0.0
0.0,60.0,0.0,21.0,0.0,0.0,0.0,0.0
0.0,200.0,0.0,12.0,0.0,0.0,0.0,0.0
0.0,30.0,0.0,15.0,0.0,0.0,0.0,0.0
0.0,30.0,0.0,7.0,0.0,0.0,0.0,0.0
0.0,200.0,0.0,14.0,0.0,0.0,0.0,0.0
0.0,200.0,0.0,11.0,0.0,0.0,0.0,0.0
0.0,90.0,0.0,21.0,0.0,0.0,0.0,0.0
0.0,200.0,0.0,16.0,0.0,0.0,0.0,0.0
0.0,200.0,0.0,15.0,0.0,0.0,0.0,0.0
0.0,60.0,0.0,22.0,0.0,0.0,0.0,0.0
0.0,200.0,0.0,18.0,0.0,0.0,0.0,0.0
0.0,60.0,0.0,12.0,0.0,0.0,0.0,0.0
0.0,30.0,0.0,18.0,0.0,0.0,0.0,0.0
0.0,200.0,0.0,14.0,0.0,0.0,0.0,0.0
0.0,200.0,0.0,19.0,0.0,0.0,0.0,0.0
0.0,120.0,0.0,22.0,0.0,0.0,0.0,0.0
0.0,200.0,0.0,17.0,0.0,0.0,0.0,0.0
0.0,30.0,0.0,19.0,0.0,0.0,0.0,0.0
0.0,30.0,0.0,9.0,0.0,0.0,0.0,0.0
0.0,200.0,0.0,22.0,0.0,0.0,0.0,0.0
0.0,200.0,0.0,15.0,0.0,0.0,0.0,0.0
0.0,30.0,0.0,20.0,0.0,0.0,0.0,0.0
0.0,30.0,0.0,12.0,0.0,0.0,0.0,0.0
0.0,120.0,0.0,18.0,0.0,0.0,0.0,0.0
0.0,200.0,0.0,14.0,0.0,0.0,0.0,0.0
0.0,150.0,0.0,10.0,0.0,0.0,0.0,0.0
0.0,200.0,0.0,10.0,0.0,0.0,0.0,0.0
0.0,60.0,0.0,7.0,0.0,3.0,0.0,0.0
0.0,200.0,0.0,11.0,0.0,0.0,0.0,0.0
0.0,30.0,0.0,20.0,0.0,0.0,0.0,0.0
0.0,30.0,0.0,16.0,0.0,0.0,0.0,0.0
0.0,90.0,0.0,12.0,0.0,0.0,0.0,0.0
0.0,180.0,0.0,13.0,0.0,0.0,0.0,0.0
0.0,200.0,0.0,17.0,0.0,0.0,0.0,0.0
0.0,30.0,0.0,13.0,0.0,0.0,0.0,0.0
0.0,30.0,0.0,19.0,0.0,0.0,0.0,0.0
0.0,120.0,0.0,18.0,0.0,0.0,0.0,0.0
0.0,30.0,0.0,16.0,0.0,0.0,0.0,0.0
0.0,200.0,0.0,20.0,0.0,0.0,0.0,0.0
0.0,200.0,0.0,15.0,0.0,0.0,0.0,0.0
0.0,90.0,0.0,13.0,0.0,0.0,0.0,0.0
0.0,90.0,0.0,14.0,0.0,0.0,0.0,0.0
0.0,60.0,0.0,9.0,0.0,3735.0,0.0,0.0
0.0,200.0,0.0,17.0,0.0,0.0,0.0,0.0
0.0,30.0,0.0,12.0,0.0,3487.0,0.0,0.0
0.0,60.0,0.0,17.0,0.0,0.0,0.0,0.0
0.0,120.0,0.0,17.0,0.0,0.0,0.0,0.0
0.0,200.0,0.0,12.0,0.0,0.0,0.0,0.0
0.0,200.0,0.0,8.0,0.0,0.0,0.0,0.0
0.0,60.0,0.0,13.0,0.0,0.0,0.0,0.0
0.0,120.0,0.0,14.0,0.0,7200.0,0.0,0.0
0.0,200.0,0.0,11.0,0.0,0.0,0.0,0.0
0.0,90.0,0.0,20.0,0.0,0.0,0.0,0.0
0.0,30.0,0.0,7.0,0.0,0.0,0.0,0.0
0.0,90.0,0.0,18.0,0.0,0.0,0.0,0.0
0.0,120.0,0.0,20.0,0.0,0.0,0.0,0.0
0.0,60.0,0.0,18.0,0.0,0.0,0.0,0.0
0.0,150.0,0.0,21.0,0.0,0.0,0.0,0.0
0.0,200.0,0.0,16.0,0.0,0.0,0.0,0.0
0.0,200.0,0.0,19.0,0.0,0.0,0.0,0.0
0.0,90.0,0.0,18.0,0.0,0.0,0.0,0.0
0.0,90.0,0.0,13.0,0.0,0.0,0.0,0.0
0.0,30.0,0.0,19.0,0.0,0.0,0.0,0.0
0.0,60.0,0.0,11.0,0.0,0.0,0.0,0.0
0.0,150.0,0.0,9.0,0.0,0.0,0.0,0.0
0.0,200.0,0.0,13.0,0.0,0.0,0.0,0.0
0.0,30.0,0.0,13.0,0.0,0.0,0.0,0.0
0.0,180.0,0.0,21.0,0.0,0.0,0.0,0.0
0.0,30.0,0.0,20.0,0.0,0.0,0.0,0.0
0.0,30.0,0.0,14.0,0.0,0.0,0.0,0.0
0.0,60.0,0.0,14.0,0.0,0.0,0.0,0.0
0.0,30.0,0.0,10.0,0.0,7200.0,0.0,0.0
0.0,90.0,0.0,16.0,0.0,0.0,0.0,0.0
0.0,30.0,0.0,10.0,0.0,1.0,0.0,0.0
0.0,30.0,0.0,17.0,0.0,3.0,0.0,0.0
0.0,200.0,0.0,8.0,0.0,0.0,0.0,0.0
0.0,200.0,0.0,10.0,0.0,0.0,0.0,0.0
0.0,200.0,0.0,18.0,0.0,0.0,0.0,0.0
0.0,200.0,0.0,21.0,0.0,0.0,0.0,0.0
0.0,30.0,0.0,9.0,0.0,0.0,0.0,0.0
0.0,150.0,0.0,11.0,0.0,0.0,0.0,0.0
0.0,200.0,0.0,13.0,0.0,0.0,0.0,0.0
0.0,200.0,0.0,20.0,0.0,0.0,0.0,0.0
0.0,200.0,0.0,8.0,0.0,0.0,0.0,0.0
0.0,120.0,0.0,19.0,0.0,0.0,0.0,0.0
0.0,30.0,0.0,21.0,0.0,19.0,0.0,0.0
0.0,150.0,0.0,17.0,0.0,0.0,0.0,0.0
0.0,200.0,0.0,9.0,0.0,0.0,0.0,0.0
0.0,90.0,0.0,11.0,0.0,0.0,0.0,0.0
0.0,200.0,0.0,10.0,0.0,0.0,0.0,0.0
0.0,30.0,0.0,14.0,0.0,0.0,0.0,0.0
0.0,200.0,0.0,7.0,0.0,0.0,0.0,0.0
0.0,30.0,0.0,12.0,0.0,0.0,0.0,0.0
0.0,30.0,0.0,17.0,0.0,0.0,0.0,0.0
0.0,30.0,0.0,13.0,0.0,42.0,0.0,0.0
0.0,60.0,0.0,8.0,0.0,2.0,0.0,0.0
0.0,30.0,0.0,11.0,0.0,0.0,0.0,0.0
0.0,30.0,0.0,12.0,0.0,0.0,0.0,0.0
0.0,200.0,0.0,8.0,0.0,0.0,0.0,0.0
0.0,200.0,0.0,15.0,0.0,0.0,0.0,0.0
0.0,200.0,0.0,10.0,0.0,0.0,0.0,0.0
0.0,120.0,0.0,16.0,0.0,0.0,0.0,0.0
0.0,200.0,0.0,10.0,0.0,0.0,0.0,0.0
0.0,200.0,0.0,22.0,0.0,0.0,0.0,0.0
0.0,120.0,0.0,22.0,0.0,0.0,0.0,0.0
0.0,200.0,0.0,22.0,0.0,0.0,0.0,0.0
0.0,90.0,0.0,12.0,0.0,0.0,0.0,0.0
0.0,200.0,0.0,14.0,0.0,0.0,0.0,0.0
0.0,30.0,0.0,7.0,0.0,7200.0,0.0,0.0
0.0,30.0,0.0,20.0,0.0,0.0,0.0,0.0
0.0,200.0,0.0,9.0,0.0,0.0,0.0,0.0
0.0,200.0,0.0,13.0,0.0,0.0,0.0,0.0
0.0,200.0,0.0,18.0,0.0,0.0,0.0,0.0
0.0,120.0,0.0,15.0,0.0,0.0,0.0,0.0
0.0,30.0,0.0,15.0,0.0,0.0,0.0,0.0
0.0,60.0,0.0,21.0,0.0,0.0,0.0,0.0
0.0,30.0,0.0,18.0,0.0,1.0,0.0,0.0
0.0,30.0,0.0,18.0,0.0,11.0,0.0,0.0
0.0,60.0,0.0,14.0,0.0,0.0,0.0,0.0
0.0,120.0,0.0,18.0,0.0,0.0,0.0,0.0
0.0,30.0,0.0,10.0,0.0,56.0,0.0,0.0
0.0,200.0,0.0,9.0,0.0,0.0,0.0,0.0
0.0,30.0,0.0,13.0,0.0,0.0,0.0,0.0
0.0,60.0,0.0,8.0,0.0,0.0,0.0,0.0
0.0,200.0,0.0,15.0,0.0,0.0,0.0,0.0
0.0,30.0,0.0,12.0,0.0,524.0,0.0,0.0
0.0,200.0,0.0,15.0,0.0,0.0,0.0,0.0
0.0,60.0,0.0,14.0,0.0,0.0,0.0,0.0
0.0,200.0,0.0,10.0,0.0,0.0,0.0,0.0
0.0,200.0,0.0,10.0,0.0,81.0,0.0,0.0
0.0,200.0,0.0,21.0,0.0,0.0,0.0,0.0
0.0,30.0,0.0,11.0,0.0,0.0,0.0,0.0
0.0,60.0,0.0,11.0,0.0,0.0,0.0,0.0
0.0,90.0,0.0,21.0,0.0,0.0,0.0,0.0
0.0,30.0,0.0,8.0,0.0,0.0,0.0,0.0
0.0,60.0,0.0,13.0,0.0,0.0,0.0,0.0
0.0,30.0,0.0,7.0,0.0,1.0,0.0,0.0
0.0,200.0,0.0,14.0,0.0,0.0,0.0,0.0
0.0,200.0,0.0,8.0,0.0,0.0,0.0,0.0
0.0,30.0,0.0,12.0,0.0,7200.0,2.0,0.0
0.0,200.0,0.0,10.0,0.0,0.0,0.0,0.0
0.0,200.0,0.0,10.0,0.0,0.0,0.0,0.0
0.0,30.0,0.0,8.0,0.0,0.0,0.0,0.0
0.0,180.0,0.0,15.0,0.0,0.0,0.0,0.0
0.0,30.0,0.0,10.0,0.0,0.0,0.0,0.0
0.0,200.0,0.0,8.0,0.0,0.0,0.0,0.0
0.0,30.0,0.0,10.0,0.0,0.0,0.0,0.0
0.0,200.0,0.0,14.0,0.0,0.0,0.0,0.0
0.0,120.0,0.0,8.0,0.0,0.0,0.0,0.0
0.0,200.0,0.0,19.0,0.0,0.0,0.0,0.0
0.0,200.0,0.0,17.0,0.0,0.0,0.0,0.0
0.0,200.0,0.0,20.0,0.0,0.0,0.0,0.0
0.0,200.0,0.0,14.0,0.0,0.0,0.0,0.0
0.0,150.0,0.0,14.0,0.0,0.0,0.0,0.0
0.0,200.0,0.0,11.0,0.0,0.0,0.0,0.0
0.0,200.0,0.0,21.0,0.0,0.0,0.0,0.0
0.0,30.0,0.0,17.0,0.0,0.0,0.0,0.0
0.0,200.0,0.0,11.0,0.0,0.0,0.0,0.0
0.0,150.0,0.0,11.0,0.0,0.0,0.0,0.0
0.0,200.0,0.0,21.0,0.0,0.0,0.0,0.0
0.0,200.0,0.0,13.0,0.0,0.0,0.0,0.0
0.0,200.0,0.0,9.0,0.0,0.0,0.0,0.0
0.0,30.0,0.0,12.0,0.0,0.0,0.0,0.0
0.0,200.0,0.0,22.0,0.0,0.0,0.0,0.0
0.0,200.0,0.0,15.0,0.0,0.0,0.0,0.0
0.0,200.0,0.0,16.0,0.0,0.0,0.0,0.0
0.0,60.0,0.0,10.0,0.0,6531.0,0.0,0.0
0.0,30.0,0.0,19.0,0.0,0.0,0.0,0.0
0.0,200.0,0.0,17.0,0.0,0.0,0.0,0.0
0.0,200.0,0.0,13.0,0.0,0.0,0.0,0.0
0.0,200.0,0.0,14.0,0.0,0.0,0.0,0.0
0.0,60.0,0.0,14.0,0.0,0.0,0.0,0.0
0.0,30.0,0.0,18.0,0.0,0.0,0.0,0.0
0.0,30.0,0.0,8.0,0.0,0.0,0.0,0.0
0.0,200.0,0.0,17.0,0.0,0.0,0.0,0.0
0.0,30.0,0.0,21.0,0.0,0.0,0.0,0.0
0.0,30.0,0.0,9.0,0.0,3.0,0.0,0.0
0.0,200.0,0.0,8.0,0.0,0.0,0.0,0.0
0.0,120.0,0.0,14.0,0.0,2705.0,0.0,0.0
0.0,200.0,1.0,18.0,0.0,0.0,0.0,0.0
0.0,200.0,0.0,7.0,0.0,0.0,0.0,0.0
0.0,30.0,0.0,22.0,0.0,23.0,0.0,0.0
0.0,30.0,0.0,7.0,0.0,0.0,0.0,0.0
0.0,90.0,0.0,13.0,0.0,0.0,0.0,0.0
0.0,200.0,0.0,15.0,0.0,0.0,0.0,0.0
0.0,30.0,0.0,11.0,0.0,2.0,0.0,0.0
0.0,150.0,0.0,8.0,0.0,3296.0,0.0,0.0
0.0,150.0,0.0,8.0,0.0,0.0,0.0,0.0
0.0,200.0,0.0,20.0,0.0,0.0,0.0,0.0
0.0,200.0,0.0,22.0,0.0,0.0,0.0,0.0
0.0,120.0,0.0,9.0,0.0,0.0,0.0,0.0
0.0,30.0,0.0,10.0,0.0,0.0,0.0,0.0
0.0,90.0,0.0,9.0,0.0,0.0,0.0,0.0
0.0,30.0,0.0,8.0,0.0,0.0,0.0,0.0
0.0,200.0,0.0,17.0,0.0,0.0,0.0,0.0
0.0,200.0,0.0,14.0,0.0,0.0,0.0,0.0
0.0,200.0,0.0,12.0,0.0,0.0,0.0,0.0
0.0,30.0,0.0,19.0,0.0,0.0,0.0,0.0
0.0,200.0,0.0,21.0,0.0,0.0,0.0,0.0
0.0,150.0,0.0,9.0,0.0,0.0,0.0,0.0
0.0,30.0,0.0,18.0,0.0,0.0,0.0,0.0
0.0,200.0,0.0,15.0,0.0,0.0,0.0,0.0
0.0,200.0,0.0,11.0,0.0,0.0,0.0,0.0
0.0,120.0,0.0,10.0,0.0,0.0,0.0,0.0
0.0,120.0,0.0,13.0,0.0,0.0,0.0,0.0
0.0,30.0,0.0,18.0,0.0,0.0,0.0,0.0
0.0,30.0,0.0,16.0,0.0,0.0,0.0,0.0
0.0,30.0,0.0,12.0,0.0,0.0,0.0,0.0
0.0,200.0,0.0,9.0,0.0,0.0,0.0,0.0
0.0,30.0,0.0,20.0,0.0,13.0,0.0,0.0
0.0,200.0,0.0,19.0,0.0,0.0,0.0,0.0
0.0,200.0,0.0,7.0,0.0,0.0,0.0,0.0
0.0,30.0,0.0,13.0,0.0,0.0,0.0,0.0
0.0,30.0,0.0,14.0,0.0,0.0,0.0,0.0
0.0,60.0,0.0,20.0,0.0,0.0,0.0,0.0
0.0,120.0,0.0,22.0,0.0,4190.0,0.0,0.0
0.0,120.0,0.0,8.0,0.0,0.0,0.0,0.0
0.0,200.0,0.0,11.0,0.0,0.0,0.0,0.0
0.0,200.0,0.0,13.0,0.0,0.0,0.0,0.0
0.0,30.0,0.0,16.0,0.0,0.0,0.0,0.0
0.0,200.0,0.0,11.0,0.0,0.0,0.0,0.0
0.0,30.0,0.0,15.0,0.0,1.0,0.0,0.0
0.0,200.0,0.0,13.0,0.0,2207.0,0.0,0.0
0.0,60.0,0.0,17.0,0.0,0.0,0.0,0.0
0.0,30.0,0.0,15.0,0.0,0.0,0.0,0.0
0.0,30.0,0.0,22.0,0.0,3305.0,0.0,0.0
0.0,200.0,0.0,19.0,0.0,0.0,0.0,0.0
0.0,200.0,0.0,7.0,0.0,0.0,0.0,0.0
0.0,60.0,0.0,12.0,0.0,0.0,0.0,0.0
0.0,120.0,0.0,20.0,0.0,0.0,0.0,0.0
0.0,30.0,0.0,7.0,0.0,0.0,0.0,0.0
0.0,30.0,0.0,12.0,0.0,0.0,0.0,0.0
0.0,200.0,0.0,9.0,0.0,0.0,0.0,0.0
0.0,200.0,0.0,11.0,0.0,0.0,0.0,0.0
0.0,30.0,0.0,10.0,0.0,0.0,0.0,0.0
0.0,200.0,0.0,14.0,0.0,0.0,0.0,0.0
0.0,30.0,0.0,8.0,0.0,0.0,0.0,0.0
0.0,180.0,0.0,11.0,0.0,0.0,0.0,0.0
0.0,30.0,0.0,20.0,0.0,1.0,0.0,0.0
0.0,30.0,0.0,13.0,0.0,2.0,0.0,0.0
0.0,200.0,0.0,11.0,0.0,0.0,0.0,0.0
0.0,60.0,0.0,8.0,0.0,0.0,0.0,0.0
0.0,90.0,0.0,12.0,0.0,0.0,0.0,0.0
0.0,200.0,0.0,19.0,0.0,0.0,0.0,0.0
0.0,30.0,0.0,16.0,0.0,0.0,0.0,0.0
0.0,30.0,0.0,8.0,0.0,0.0,0.0,0.0
0.0,30.0,0.0,13.0,0.0,0.0,0.0,0.0
0.0,30.0,0.0,11.0,0.0,10.0,0.0,0.0
0.0,180.0,0.0,13.0,0.0,0.0,0.0,0.0
0.0,150.0,0.0,21.0,0.0,0.0,0.0,0.0
0.0,30.0,0.0,20.0,0.0,0.0,0.0,0.0
0.0,30.0,0.0,17.0,0.0,0.0,0.0,0.0
0.0,200.0,0.0,16.0,0.0,0.0,0.0,0.0
0.0,120.0,0.0,20.0,0.0,0.0,0.0,0.0
0.0,60.0,0.0,22.0,0.0,0.0,0.0,0.0
0.0,200.0,0.0,16.0,0.0,0.0,0.0,0.0
0.0,30.0,0.0,7.0,0.0,0.0,0.0,0.0
0.0,200.0,0.0,9.0,0.0,0.0,0.0,0.0
0.0,150.0,0.0,11.0,0.0,0.0,0.0,0.0
0.0,200.0,0.0,17.0,0.0,0.0,0.0,0.0
0.0,200.0,0.0,13.0,0.0,0.0,0.0,0.0
0.0,200.0,0.0,20.0,0.0,0.0,0.0,0.0
0.0,200.0,0.0,10.0,0.0,0.0,0.0,0.0
0.0,200.0,0.0,20.0,0.0,0.0,0.0,0.0
0.0,60.0,0.0,20.0,0.0,2.0,0.0,0.0
0.0,200.0,0.0,17.0,0.0,0.0,0.0,0.0
0.0,200.0,0.0,7.0,0.0,0.0,0.0,0.0
0.0,200.0,0.0,8.0,0.0,0.0,0.0,0.0
0.0,30.0,0.0,12.0,0.0,1.0,0.0,0.0
0.0,200.0,0.0,14.0,0.0,0.0,0.0,0.0
0.0,30.0,0.0,15.0,0.0,0.0,0.0,0.0
0.0,120.0,0.0,22.0,0.0,0.0,0.0,0.0
0.0,200.0,0.0,8.0,0.0,0.0,0.0,0.0
0.0,60.0,0.0,12.0,0.0,0.0,0.0,0.0
0.0,180.0,0.0,7.0,0.0,0.0,0.0,0.0
0.0,30.0,0.0,20.0,0.0,1.0,0.0,0.0
0.0,60.0,0.0,16.0,0.0,0.0,0.0,0.0
0.0,200.0,0.0,19.0,0.0,0.0,0.0,0.0
0.0,200.0,0.0,13.0,0.0,0.0,0.0,0.0
0.0,180.0,0.0,17.0,0.0,0.0,0.0,0.0
0.0,30.0,0.0,7.0,0.0,0.0,0.0,0.0
0.0,200.0,0.0,16.0,0.0,0.0,0.0,0.0
0.0,30.0,0.0,16.0,0.0,0.0,0.0,0.0
0.0,180.0,0.0,12.0,0.0,0.0,0.0,0.0
0.0,30.0,0.0,22.0,0.0,1.0,0.0,0.0
0.0,60.0,0.0,8.0,0.0,5111.0,0.0,0.0
0.0,30.0,0.0,9.0,0.0,0.0,0.0,0.0
0.0,30.0,0.0,15.0,0.0,3.0,0.0,0.0
0.0,200.0,0.0,17.0,0.0,0.0,0.0,0.0
0.0,200.0,0.0,12.0,0.0,0.0,0.0,0.0
0.0,30.0,0.0,10.0,0.0,0.0,0.0,0.0
0.0,150.0,0.0,9.0,0.0,0.0,0.0,0.0
0.0,200.0,0.0,18.0,0.0,0.0,0.0,0.0
0.0,200.0,0.0,17.0,0.0,0.0,0.0,0.0
0.0,200.0,0.0,16.0,0.0,0.0,0.0,0.0
0.0,30.0,0.0,8.0,0.0,0.0,0.0,0.0
0.0,90.0,0.0,7.0,0.0,0.0,0.0,0.0
0.0,30.0,0.0,12.0,0.0,0.0,0.0,0.0
0.0,200.0,0.0,12.0,0.0,0.0,0.0,0.0
0.0,180.0,0.0,20.0,0.0,0.0,0.0,0.0
0.0,60.0,0.0,8.0,0.0,0.0,9.0,0.0
0.0,30.0,0.0,11.0,0.0,0.0,0.0,0.0
0.0,150.0,0.0,11.0,0.0,0.0,0.0,0.0
0.0,30.0,0.0,21.0,0.0,7200.0,0.0,0.0
0.0,30.0,0.0,17.0,0.0,0.0,0.0,0.0
0.0,200.0,0.0,21.0,0.0,0.0,0.0,0.0
0.0,30.0,0.0,16.0,0.0,28.0,0.0,0.0
0.0,200.0,0.0,20.0,0.0,0.0,0.0,0.0
0.0,200.0,0.0,7.0,0.0,0.0,0.0,0.0
0.0,60.0,0.0,7.0,0.0,0.0,0.0,0.0
0.0,200.0,0.0,13.0,0.0,0.0,0.0,0.0
0.0,180.0,0.0,11.0,0.0,0.0,0.0,0.0
0.0,200.0,0.0,14.0,0.0,0.0,0.0,0.0
0.0,200.0,0.0,11.0,0.0,0.0,0.0,0.0
0.0,60.0,0.0,11.0,0.0,0.0,0.0,0.0
0.0,30.0,0.0,20.0,0.0,0.0,0.0,0.0
0.0,200.0,0.0,22.0,0.0,0.0,0.0,0.0
0.0,30.0,0.0,11.0,0.0,9.0,0.0,0.0
0.0,30.0,0.0,13.0,0.0,1.0,0.0,0.0
0.0,150.0,0.0,17.0,0.0,0.0,0.0,0.0
0.0,180.0,0.0,13.0,0.0,0.0,0.0,0.0
0.0,30.0,0.0,7.0,0.0,0.0,0.0,0.0
0.0,200.0,0.0,13.0,0.0,0.0,0.0,0.0
0.0,200.0,0.0,21.0,0.0,0.0,0.0,0.0
0.0,120.0,0.0,8.0,0.0,0.0,0.0,0.0
0.0,200.0,0.0,19.0,0.0,0.0,0.0,0.0
0.0,60.0,0.0,10.0,0.0,95.0,0.0,0.0
0.0,200.0,0.0,19.0,0.0,0.0,0.0,0.0
0.0,200.0,0.0,14.0,0.0,0.0,0.0,0.0
0.0,60.0,0.0,9.0,0.0,0.0,0.0,0.0
0.0,60.0,0.0,8.0,0.0,15.0,0.0,0.0
0.0,30.0,0.0,22.0,0.0,0.0,0.0,0.0
0.0,120.0,0.0,22.0,0.0,0.0,0.0,0.0
0.0,60.0,0.0,12.0,0.0,0.0,0.0,0.0
0.0,200.0,0.0,21.0,0.0,0.0,0.0,0.0
0.0,200.0,0.0,13.0,0.0,0.0,0.0,0.0
0.0,200.0,0.0,9.0,0.0,0.0,0.0,0.0
0.0,120.0,0.0,22.0,0.0,0.0,0.0,0.0
0.0,200.0,0.0,10.0,0.0,0.0,0.0,0.0
0.0,200.0,0.0,15.0,0.0,0.0,0.0,0.0
0.0,180.0,0.0,17.0,0.0,0.0,0.0,0.0
0.0,150.0,0.0,16.0,0.0,0.0,0.0,0.0
0.0,90.0,0.0,16.0,0.0,0.0,0.0,0.0
0.0,30.0,0.0,12.0,0.0,0.0,0.0,0.0
0.0,180.0,0.0,17.0,0.0,0.0,0.0,0.0
0.0,200.0,0.0,14.0,0.0,0.0,0.0,0.0
0.0,200.0,0.0,9.0,0.0,0.0,0.0,0.0
0.0,30.0,0.0,7.0,0.0,7200.0,0.0,0.0
0.0,30.0,0.0,9.0,0.0,0.0,0.0,0.0
0.0,180.0,0.0,12.0,0.0,0.0,0.0,0.0
0.0,150.0,0.0,13.0,0.0,0.0,0.0,0.0
0.0,120.0,0.0,11.0,0.0,5800.0,0.0,0.0
0.0,200.0,0.0,14.0,0.0,0.0,0.0,0.0
0.0,30.0,0.0,13.0,0.0,0.0,0.0,0.0
0.0,30.0,0.0,18.0,0.0,1.0,0.0,0.0
0.0,150.0,0.0,14.0,0.0,0.0,0.0,0.0
0.0,200.0,0.0,7.0,0.0,0.0,0.0,0.0
0.0,30.0,0.0,14.0,0.0,0.0,0.0,0.0
0.0,200.0,0.0,11.0,0.0,0.0,0.0,0.0
0.0,200.0,0.0,15.0,0.0,0.0,0.0,0.0
0.0,200.0,0.0,17.0,0.0,0.0,0.0,0.0
0.0,150.0,0.0,15.0,0.0,0.0,0.0,0.0
0.0,200.0,0.0,12.0,0.0,0.0,0.0,0.0
0.0,200.0,0.0,20.0,0.0,0.0,0.0,0.0
0.0,200.0,0.0,22.0,0.0,0.0,0.0,0.0
0.0,200.0,0.0,13.0,0.0,0.0,0.0,0.0
0.0,90.0,0.0,9.0,0.0,0.0,0.0,0.0
0.0,30.0,0.0,17.0,0.0,0.0,0.0,0.0
0.0,200.0,0.0,20.0,0.0,0.0,0.0,0.0
0.0,30.0,0.0,16.0,0.0,0.0,0.0,0.0
0.0,200.0,0.0,10.0,0.0,0.0,0.0,0.0
0.0,60.0,0.0,8.0,0.0,0.0,0.0,0.0
0.0,90.0,0.0,20.0,0.0,0.0,0.0,0.0
0.0,150.0,0.0,14.0,0.0,0.0,0.0,0.0
0.0,30.0,0.0,17.0,0.0,0.0,0.0,0.0
0.0,60.0,0.0,9.0,0.0,0.0,0.0,0.0
0.0,180.0,0.0,8.0,0.0,0.0,0.0,0.0
0.0,200.0,0.0,22.0,0.0,0.0,0.0,0.0
0.0,200.0,0.0,13.0,0.0,0.0,0.0,0.0
0.0,200.0,0.0,7.0,0.0,0.0,0.0,0.0
0.0,120.0,0.0,14.0,0.0,0.0,0.0,0.0
0.0,30.0,0.0,8.0,0.0,0.0,0.0,0.0
0.0,200.0,0.0,17.0,0.0,0.0,0.0,0.0
0.0,200.0,0.0,19.0,0.0,0.0,0.0,0.0
0.0,200.0,0.0,20.0,0.0,0.0,0.0,0.0
0.0,60.0,0.0,21.0,0.0,0.0,0.0,0.0
0.0,150.0,0.0,19.0,0.0,0.0,0.0,0.0
0.0,30.0,0.0,12.0,0.0,0.0,0.0,0.0
0.0,200.0,0.0,12.0,0.0,0.0,0.0,0.0
0.0,200.0,0.0,12.0,0.0,0.0,0.0,0.0
0.0,60.0,0.0,16.0,0.0,6096.0,0.0,0.0
0.0,200.0,0.0,7.0,0.0,0.0,0.0,0.0
0.0,200.0,0.0,11.0,0.0,0.0,0.0,0.0
0.0,200.0,0.0,13.0,0.0,0.0,0.0,0.0
0.0,200.0,0.0,19.0,0.0,0.0,0.0,0.0
0.0,200.0,0.0,15.0,0.0,0.0,0.0,0.0
0.0,30.0,0.0,15.0,0.0,1.0,0.0,0.0
0.0,30.0,0.0,15.0,0.0,0.0,0.0,0.0
0.0,120.0,0.0,21.0,0.0,0.0,0.0,0.0
0.0,30.0,0.0,19.0,0.0,0.0,0.0,0.0
0.0,120.0,0.0,9.0,0.0,0.0,0.0,0.0
0.0,30.0,0.0,19.0,0.0,0.0,0.0,0.0
0.0,200.0,0.0,10.0,0.0,0.0,0.0,0.0
0.0,200.0,0.0,22.0,0.0,0.0,0.0,0.0
0.0,30.0,0.0,15.0,0.0,0.0,0.0,0.0
0.0,30.0,0.0,20.0,0.0,0.0,0.0,0.0
0.0,60.0,0.0,15.0,0.0,0.0,0.0,0.0
0.0,30.0,0.0,11.0,0.0,0.0,0.0,0.0
0.0,150.0,0.0,15.0,0.0,0.0,0.0,0.0
0.0,30.0,0.0,10.0,0.0,0.0,0.0,0.0
0.0,30.0,0.0,21.0,0.0,9.0,0.0,0.0
0.0,30.0,0.0,10.0,0.0,0.0,0.0,0.0
0.0,30.0,0.0,15.0,0.0,1.0,0.0,0.0
0.0,60.0,0.0,10.0,0.0,0.0,0.0,0.0
0.0,30.0,0.0,11.0,0.0,2.0,0.0,0.0
0.0,200.0,0.0,22.0,0.0,0.0,0.0,0.0
0.0,30.0,0.0,13.0,0.0,1.0,0.0,0.0
0.0,30.0,0.0,21.0,0.0,6.0,0.0,0.0
0.0,200.0,0.0,9.0,0.0,0.0,0.0,0.0
0.0,200.0,0.0,14.0,0.0,0.0,0.0,0.0
0.0,200.0,0.0,18.0,0.0,0.0,0.0,0.0
0.0,30.0,0.0,22.0,0.0,4.0,0.0,0.0
0.0,60.0,0.0,18.0,0.0,0.0,0.0,0.0
0.0,30.0,0.0,13.0,0.0,0.0,0.0,0.0
0.0,90.0,0.0,8.0,0.0,0.0,0.0,0.0
0.0,200.0,0.0,22.0,0.0,0.0,0.0,0.0
0.0,30.0,0.0,14.0,0.0,0.0,0.0,0.0
0.0,90.0,0.0,7.0,0.0,0.0,0.0,0.0
0.0,200.0,0.0,12.0,0.0,0.0,0.0,0.0
0.0,30.0,0.0,7.0,0.0,0.0,0.0,0.0
0.0,200.0,0.0,18.0,0.0,0.0,0.0,0.0
0.0,90.0,0.0,13.0,0.0,0.0,0.0,0.0
0.0,200.0,0.0,8.0,0.0,0.0,0.0,0.0
0.0,30.0,0.0,7.0,0.0,2.0,0.0,0.0
0.0,120.0,0.0,15.0,0.0,0.0,0.0,0.0
0.0,200.0,0.0,11.0,0.0,0.0,0.0,0.0
0.0,60.0,0.0,18.0,0.0,0.0,0.0,0.0
0.0,120.0,0.0,11.0,0.0,6215.0,0.0,0.0
0.0,200.0,0.0,8.0,0.0,0.0,0.0,0.0
0.0,200.0,0.0,13.0,0.0,0.0,0.0,0.0
0.0,30.0,0.0,8.0,0.0,0.0,0.0,0.0
0.0,90.0,0.0,11.0,0.0,0.0,0.0,0.0
0.0,30.0,0.0,14.0,0.0,0.0,0.0,0.0
0.0,60.0,0.0,19.0,0.0,0.0,0.0,0.0
0.0,200.0,0.0,8.0,0.0,0.0,0.0,0.0
0.0,200.0,0.0,22.0,0.0,0.0,0.0,0.0
0.0,200.0,0.0,15.0,0.0,0.0,0.0,0.0
0.0,200.0,0.0,8.0,0.0,0.0,0.0,0.0
0.0,200.0,0.0,22.0,0.0,0.0,0.0,0.0
0.0,200.0,0.0,11.0,0.0,0.0,0.0,0.0
0.0,150.0,0.0,15.0,0.0,0.0,0.0,0.0
0.0,200.0,0.0,11.0,0.0,0.0,0.0,0.0
0.0,60.0,0.0,20.0,0.0,0.0,0.0,0.0
0.0,30.0,0.0,13.0,0.0,0.0,0.0,0.0
0.0,200.0,0.0,13.0,0.0,0.0,0.0,0.0
0.0,60.0,0.0,8.0,0.0,0.0,0.0,0.0
0.0,30.0,0.0,18.0,0.0,0.0,0.0,0.0
0.0,200.0,0.0,12.0,0.0,0.0,0.0,0.0
0.0,120.0,0.0,20.0,0.0,0.0,0.0,0.0
0.0,30.0,0.0,13.0,0.0,0.0,0.0,0.0
0.0,200.0,0.0,17.0,0.0,0.0,0.0,0.0
0.0,200.0,0.0,12.0,0.0,0.0,0.0,0.0
0.0,200.0,0.0,17.0,0.0,0.0,0.0,0.0
0.0,60.0,0.0,15.0,0.0,0.0,0.0,0.0
0.0,200.0,0.0,21.0,0.0,0.0,0.0,0.0
0.0,30.0,0.0,22.0,0.0,0.0,0.0,0.0
0.0,90.0,0.0,9.0,0.0,0.0,0.0,0.0
0.0,200.0,0.0,11.0,0.0,0.0,0.0,0.0
0.0,30.0,0.0,20.0,0.0,0.0,0.0,0.0
0.0,200.0,0.0,14.0,0.0,0.0,0.0,0.0
0.0,200.0,0.0,19.0,0.0,0.0,0.0,0.0
0.0,200.0,0.0,9.0,0.0,0.0,0.0,0.0
0.0,30.0,0.0,16.0,0.0,0.0,0.0,0.0
0.0,180.0,0.0,14.0,0.0,27.0,0.0,0.0
0.0,180.0,0.0,15.0,0.0,28.0,0.0,0.0
0.0,120.0,0.0,12.0,0.0,0.0,0.0,0.0
0.0,200.0,0.0,20.0,0.0,0.0,0.0,0.0
0.0,200.0,0.0,13.0,0.0,0.0,0.0,0.0
0.0,150.0,0.0,16.0,0.0,0.0,0.0,0.0
0.0,200.0,0.0,14.0,0.0,0.0,0.0,0.0
0.0,30.0,0.0,10.0,0.0,0.0,0.0,0.0
0.0,200.0,0.0,11.0,0.0,0.0,0.0,0.0
0.0,200.0,0.0,20.0,0.0,0.0,0.0,0.0
0.0,90.0,0.0,9.0,0.0,0.0,0.0,0.0
0.0,30.0,0.0,16.0,0.0,0.0,0.0,0.0
0.0,200.0,0.0,18.0,0.0,0.0,0.0,0.0
0.0,60.0,0.0,20.0,0.0,0.0,0.0,0.0
0.0,200.0,0.0,21.0,0.0,0.0,0.0,0.0
0.0,120.0,0.0,20.0,0.0,0.0,0.0,0.0
0.0,200.0,0.0,10.0,0.0,0.0,0.0,0.0
0.0,200.0,0.0,19.0,0.0,0.0,0.0,0.0
0.0,200.0,0.0,15.0,0.0,0.0,0.0,0.0
0.0,200.0,0.0,14.0,0.0,0.0,0.0,0.0
0.0,200.0,0.0,15.0,0.0,0.0,0.0,0.0
0.0,200.0,0.0,18.0,0.0,0.0,0.0,0.0
0.0,30.0,0.0,19.0,0.0,0.0,0.0,0.0
0.0,30.0,0.0,19.0,0.0,56.0,0.0,0.0
0.0,200.0,0.0,22.0,0.0,0.0,0.0,0.0
0.0,200.0,0.0,8.0,0.0,0.0,0.0,0.0
0.0,150.0,0.0,9.0,0.0,0.0,0.0,0.0
0.0,30.0,0.0,18.0,0.0,29.0,0.0,0.0
0.0,120.0,0.0,18.0,0.0,0.0,0.0,0.0
0.0,30.0,0.0,11.0,0.0,0.0,0.0,0.0
0.0,30.0,0.0,13.0,0.0,0.0,0.0,0.0
0.0,30.0,0.0,14.0,0.0,0.0,0.0,0.0
0.0,180.0,0.0,21.0,0.0,0.0,0.0,0.0
0.0,90.0,0.0,21.0,0.0,0.0,0.0,0.0
0.0,30.0,0.0,14.0,0.0,0.0,0.0,0.0
0.0,200.0,0.0,21.0,0.0,0.0,0.0,0.0
0.0,200.0,0.0,20.0,0.0,0.0,0.0,0.0
0.0,30.0,0.0,10.0,0.0,27.0,0.0,0.0
0.0,120.0,0.0,22.0,0.0,0.0,0.0,0.0
0.0,90.0,0.0,20.0,0.0,0.0,0.0,0.0
0.0,30.0,0.0,10.0,0.0,0.0,0.0,0.0
0.0,200.0,0.0,12.0,0.0,0.0,0.0,0.0
0.0,90.0,0.0,12.0,0.0,0.0,0.0,0.0
0.0,200.0,0.0,18.0,0.0,0.0,0.0,0.0
0.0,200.0,0.0,13.0,0.0,0.0,0.0,0.0
0.0,120.0,0.0,15.0,0.0,0.0,0.0,0.0
0.0,200.0,0.0,7.0,0.0,0.0,0.0,0.0
0.0,200.0,0.0,17.0,0.0,0.0,0.0,0.0
0.0,30.0,0.0,21.0,0.0,0.0,0.0,0.0
0.0,30.0,0.0,8.0,0.0,2099.0,0.0,0.0
0.0,200.0,0.0,13.0,0.0,0.0,0.0,0.0
0.0,200.0,0.0,19.0,0.0,0.0,0.0,0.0
0.0,200.0,0.0,7.0,0.0,0.0,0.0,0.0
0.0,30.0,0.0,13.0,0.0,0.0,0.0,0.0
0.0,200.0,0.0,17.0,0.0,0.0,0.0,0.0
0.0,200.0,0.0,21.0,0.0,0.0,0.0,0.0
0.0,200.0,0.0,21.0,0.0,0.0,0.0,0.0
0.0,200.0,0.0,21.0,0.0,0.0,0.0,0.0
0.0,120.0,0.0,7.0,0.0,6.0,0.0,0.0
0.0,200.0,0.0,19.0,0.0,0.0,0.0,0.0
0.0,150.0,0.0,21.0,0.0,0.0,0.0,0.0
0.0,30.0,0.0,19.0,0.0,2009.0,0.0,0.0
0.0,200.0,0.0,18.0,0.0,0.0,0.0,0.0
0.0,200.0,0.0,16.0,0.0,0.0,0.0,0.0
0.0,200.0,0.0,21.0,0.0,0.0,0.0,0.0
0.0,60.0,0.0,16.0,0.0,14.0,0.0,0.0
0.0,200.0,0.0,22.0,0.0,0.0,0.0,0.0
0.0,200.0,0.0,9.0,0.0,0.0,0.0,0.0
0.0,200.0,0.0,22.0,0.0,0.0,0.0,0.0
0.0,200.0,0.0,21.0,0.0,0.0,0.0,0.0
0.0,200.0,0.0,16.0,0.0,0.0,0.0,0.0
0.0,30.0,0.0,8.0,0.0,4366.0,0.0,0.0
0.0,200.0,0.0,17.0,0.0,0.0,0.0,0.0
0.0,60.0,0.0,21.0,0.0,0.0,0.0,0.0
0.0,90.0,0.0,19.0,0.0,0.0,0.0,0.0
0.0,60.0,0.0,11.0,0.0,0.0,0.0,0.0
0.0,120.0,0.0,14.0,0.0,0.0,0.0,0.0
0.0,30.0,0.0,14.0,0.0,0.0,0.0,0.0
0.0,200.0,0.0,8.0,0.0,0.0,0.0,0.0
0.0,200.0,0.0,13.0,0.0,0.0,0.0,0.0
0.0,200.0,0.0,17.0,0.0,0.0,0.0,0.0
0.0,30.0,0.0,17.0,0.0,0.0,0.0,0.0
0.0,30.0,0.0,15.0,0.0,23.0,0.0,0.0
0.0,30.0,0.0,17.0,0.0,0.0,0.0,0.0
0.0,30.0,0.0,19.0,0.0,0.0,0.0,0.0
0.0,30.0,0.0,16.0,0.0,0.0,0.0,0.0
0.0,200.0,0.0,10.0,0.0,0.0,0.0,0.0
0.0,180.0,0.0,15.0,0.0,0.0,0.0,0.0
0.0,60.0,0.0,13.0,0.0,0.0,0.0,0.0
0.0,30.0,0.0,11.0,0.0,0.0,0.0,0.0
0.0,120.0,0.0,16.0,0.0,0.0,0.0,0.0
0.0,30.0,0.0,16.0,0.0,27.0,0.0,0.0
0.0,30.0,0.0,21.0,0.0,0.0,0.0,0.0
0.0,30.0,0.0,22.0,0.0,0.0,0.0,0.0
0.0,200.0,0.0,13.0,0.0,0.0,0.0,0.0
0.0,90.0,0.0,21.0,0.0,0.0,0.0,0.0
0.0,120.0,0.0,21.0,0.0,28.0,0.0,0.0
0.0,120.0,0.0,16.0,0.0,0.0,0.0,0.0
0.0,200.0,0.0,15.0,0.0,0.0,0.0,0.0
0.0,200.0,0.0,21.0,0.0,0.0,0.0,0.0
0.0,120.0,0.0,14.0,0.0,0.0,0.0,0.0
0.0,200.0,0.0,18.0,0.0,0.0,0.0,0.0
0.0,150.0,0.0,12.0,0.0,0.0,0.0,0.0
0.0,30.0,0.0,11.0,0.0,0.0,0.0,0.0
0.0,30.0,0.0,11.0,0.0,0.0,0.0,0.0
0.0,120.0,0.0,11.0,0.0,0.0,0.0,0.0
0.0,60.0,0.0,8.0,0.0,0.0,0.0,0.0
0.0,200.0,0.0,18.0,0.0,0.0,0.0,0.0
0.0,200.0,0.0,14.0,0.0,0.0,0.0,0.0
0.0,200.0,0.0,19.0,0.0,0.0,0.0,0.0
0.0,200.0,0.0,21.0,0.0,0.0,0.0,0.0
0.0,30.0,0.0,14.0,0.0,40.0,0.0,0.0
0.0,200.0,0.0,14.0,0.0,0.0,0.0,0.0
0.0,30.0,0.0,19.0,0.0,5044.0,0.0,0.0
0.0,120.0,0.0,19.0,0.0,0.0,0.0,0.0
0.0,200.0,0.0,11.0,0.0,0.0,0.0,0.0
0.0,200.0,0.0,13.0,0.0,0.0,0.0,0.0
0.0,30.0,0.0,12.0,0.0,0.0,0.0,0.0
0.0,180.0,0.0,20.0,0.0,0.0,0.0,0.0
0.0,200.0,0.0,10.0,0.0,0.0,0.0,0.0
0.0,30.0,0.0,19.0,0.0,0.0,0.0,0.0
0.0,150.0,0.0,21.0,0.0,0.0,0.0,0.0
0.0,90.0,0.0,9.0,0.0,0.0,0.0,0.0
0.0,30.0,0.0,22.0,0.0,4965.0,0.0,0.0
0.0,150.0,0.0,13.0,0.0,0.0,0.0,0.0
0.0,60.0,0.0,21.0,0.0,0.0,0.0,0.0
0.0,30.0,0.0,20.0,0.0,0.0,0.0,0.0
0.0,30.0,0.0,16.0,0.0,0.0,0.0,0.0
0.0,30.0,0.0,21.0,0.0,1.0,0.0,0.0
0.0,30.0,0.0,12.0,0.0,0.0,0.0,0.0
0.0,150.0,0.0,13.0,0.0,0.0,0.0,0.0
0.0,200.0,0.0,10.0,0.0,0.0,0.0,0.0
0.0,60.0,0.0,10.0,0.0,0.0,1.0,0.0
0.0,200.0,0.0,13.0,0.0,0.0,0.0,0.0
0.0,30.0,0.0,13.0,0.0,0.0,0.0,0.0
0.0,180.0,0.0,16.0,0.0,0.0,0.0,0.0
0.0,30.0,0.0,20.0,0.0,0.0,0.0,0.0
0.0,200.0,0.0,21.0,0.0,0.0,0.0,0.0
0.0,200.0,0.0,14.0,0.0,0.0,0.0,0.0
0.0,180.0,0.0,18.0,0.0,0.0,0.0,0.0
0.0,150.0,0.0,7.0,0.0,0.0,0.0,0.0
0.0,90.0,0.0,7.0,0.0,28.0,0.0,0.0
0.0,200.0,0.0,10.0,0.0,0.0,0.0,0.0
0.0,200.0,0.0,11.0,0.0,0.0,0.0,0.0
0.0,30.0,0.0,11.0,0.0,0.0,0.0,0.0
0.0,200.0,0.0,20.0,0.0,0.0,0.0,0.0
0.0,30.0,0.0,10.0,0.0,0.0,0.0,0.0
0.0,30.0,0.0,8.0,0.0,0.0,0.0,0.0
0.0,30.0,0.0,12.0,0.0,0.0,0.0,0.0
0.0,200.0,0.0,14.0,0.0,0.0,0.0,0.0
0.0,120.0,0.0,19.0,0.0,0.0,0.0,0.0
0.0,30.0,0.0,9.0,0.0,0.0,0.0,0.0
0.0,150.0,0.0,19.0,0.0,0.0,0.0,0.0
0.0,200.0,0.0,18.0,0.0,0.0,0.0,0.0
0.0,30.0,0.0,12.0,0.0,0.0,0.0,0.0
0.0,200.0,0.0,19.0,0.0,0.0,0.0,0.0
0.0,30.0,0.0,21.0,0.0,0.0,0.0,0.0
0.0,30.0,0.0,20.0,0.0,0.0,0.0,0.0
0.0,60.0,0.0,18.0,0.0,0.0,0.0,0.0
0.0,150.0,0.0,20.0,0.0,2093.0,0.0,0.0
0.0,200.0,0.0,17.0,0.0,0.0,0.0,0.0
0.0,200.0,0.0,16.0,0.0,0.0,0.0,0.0
0.0,120.0,0.0,15.0,0.0,0.0,0.0,0.0
0.0,60.0,0.0,14.0,0.0,0.0,0.0,0.0
0.0,200.0,0.0,21.0,0.0,0.0,0.0,0.0
0.0,180.0,0.0,20.0,0.0,0.0,0.0,0.0
0.0,200.0,0.0,7.0,0.0,0.0,0.0,0.0
0.0,180.0,0.0,15.0,0.0,0.0,0.0,0.0
0.0,90.0,0.0,13.0,0.0,0.0,0.0,0.0
0.0,150.0,0.0,17.0,0.0,0.0,0.0,0.0
0.0,60.0,0.0,7.0,0.0,0.0,0.0,0.0
0.0,30.0,0.0,16.0,0.0,0.0,0.0,0.0
0.0,30.0,0.0,15.0,0.0,0.0,0.0,0.0
0.0,200.0,0.0,18.0,0.0,0.0,0.0,0.0
0.0,200.0,0.0,8.0,0.0,0.0,0.0,0.0
0.0,200.0,0.0,11.0,0.0,0.0,0.0,0.0
0.0,150.0,0.0,7.0,0.0,0.0,0.0,0.0
0.0,200.0,0.0,22.0,0.0,0.0,0.0,0.0
0.0,30.0,0.0,13.0,0.0,0.0,0.0,0.0
0.0,30.0,0.0,21.0,0.0,0.0,0.0,0.0
0.0,200.0,0.0,14.0,0.0,0.0,0.0,0.0
0.0,30.0,0.0,9.0,0.0,22.0,0.0,0.0
0.0,90.0,0.0,16.0,0.0,0.0,0.0,0.0
0.0,30.0,0.0,11.0,0.0,0.0,0.0,0.0
0.0,200.0,0.0,20.0,0.0,0.0,0.0,0.0
0.0,30.0,0.0,20.0,0.0,0.0,0.0,0.0
0.0,200.0,0.0,8.0,0.0,0.0,0.0,0.0
0.0,90.0,0.0,22.0,0.0,0.0,0.0,0.0
0.0,150.0,0.0,21.0,0.0,0.0,0.0,0.0
0.0,60.0,0.0,11.0,0.0,0.0,0.0,0.0
0.0,200.0,0.0,20.0,0.0,0.0,0.0,0.0
0.0,60.0,0.0,17.0,0.0,0.0,0.0,0.0
0.0,60.0,0.0,22.0,0.0,0.0,0.0,0.0
0.0,200.0,0.0,9.0,0.0,0.0,0.0,0.0
0.0,30.0,0.0,11.0,0.0,0.0,0.0,0.0
0.0,120.0,0.0,9.0,0.0,0.0,0.0,0.0
0.0,200.0,0.0,18.0,0.0,0.0,0.0,0.0
0.0,30.0,0.0,21.0,0.0,30.0,0.0,0.0
0.0,30.0,0.0,9.0,0.0,0.0,0.0,0.0
0.0,200.0,0.0,10.0,0.0,0.0,0.0,0.0
0.0,60.0,0.0,7.0,0.0,0.0,0.0,0.0
0.0,200.0,0.0,19.0,0.0,0.0,0.0,0.0
0.0,200.0,0.0,11.0,0.0,0.0,0.0,0.0
0.0,150.0,0.0,9.0,0.0,0.0,0.0,0.0
0.0,30.0,0.0,16.0,0.0,0.0,0.0,0.0
0.0,60.0,0.0,12.0,0.0,0.0,0.0,0.0
0.0,200.0,0.0,9.0,0.0,0.0,0.0,0.0
0.0,150.0,0.0,12.0,0.0,0.0,0.0,0.0
0.0,200.0,0.0,11.0,0.0,0.0,0.0,0.0
0.0,60.0,0.0,9.0,0.0,0.0,0.0,0.0
0.0,30.0,0.0,22.0,0.0,3.0,0.0,0.0
0.0,200.0,0.0,8.0,0.0,0.0,0.0,0.0
0.0,30.0,0.0,13.0,0.0,1721.0,0.0,0.0
0.0,30.0,0.0,12.0,0.0,0.0,0.0,0.0
0.0,30.0,0.0,22.0,0.0,0.0,0.0,0.0
0.0,200.0,0.0,12.0,0.0,0.0,0.0,0.0
0.0,200.0,0.0,12.0,0.0,0.0,0.0,0.0
0.0,30.0,0.0,22.0,0.0,2.0,0.0,0.0
0.0,150.0,0.0,14.0,0.0,0.0,0.0,0.0
0.0,90.0,0.0,19.0,0.0,0.0,0.0,0.0
0.0,90.0,0.0,19.0,0.0,0.0,0.0,0.0
0.0,30.0,0.0,22.0,0.0,0.0,0.0,0.0
0.0,30.0,0.0,12.0,0.0,0.0,0.0,0.0
0.0,60.0,0.0,13.0,0.0,0.0,0.0,0.0
0.0,200.0,0.0,16.0,0.0,0.0,0.0,0.0
0.0,30.0,0.0,18.0,0.0,0.0,0.0,0.0
0.0,200.0,0.0,16.0,0.0,0.0,0.0,0.0
0.0,90.0,0.0,12.0,0.0,0.0,0.0,0.0
0.0,90.0,0.0,20.0,0.0,0.0,0.0,0.0
0.0,30.0,0.0,20.0,0.0,8.0,0.0,0.0
0.0,200.0,0.0,20.0,0.0,0.0,0.0,0.0
0.0,30.0,0.0,12.0,0.0,19.0,0.0,0.0
0.0,200.0,0.0,9.0,0.0,0.0,0.0,0.0
0.0,60.0,0.0,9.0,0.0,0.0,0.0,0.0
0.0,90.0,0.0,13.0,0.0,0.0,0.0,0.0
0.0,200.0,0.0,19.0,0.0,0.0,0.0,0.0
0.0,120.0,0.0,15.0,0.0,0.0,0.0,0.0
0.0,30.0,0.0,18.0,0.0,0.0,0.0,0.0
0.0,200.0,0.0,22.0,0.0,0.0,0.0,0.0
0.0,200.0,0.0,18.0,0.0,0.0,0.0,0.0
0.0,200.0,0.0,16.0,0.0,0.0,0.0,0.0
0.0,30.0,0.0,8.0,0.0,27.0,0.0,0.0
0.0,120.0,0.0,21.0,0.0,0.0,0.0,0.0
0.0,180.0,0.0,8.0,0.0,0.0,0.0,0.0
0.0,90.0,0.0,7.0,0.0,0.0,0.0,0.0
0.0,200.0,0.0,7.0,0.0,0.0,0.0,0.0
0.0,200.0,0.0,21.0,0.0,0.0,0.0,0.0
0.0,60.0,0.0,18.0,0.0,0.0,0.0,0.0
0.0,90.0,0.0,10.0,0.0,0.0,0.0,0.0
0.0,150.0,0.0,11.0,0.0,0.0,0.0,0.0
0.0,200.0,0.0,15.0,0.0,0.0,0.0,0.0
0.0,200.0,0.0,15.0,0.0,0.0,0.0,0.0
0.0,200.0,0.0,20.0,0.0,0.0,0.0,0.0
0.0,200.0,0.0,10.0,0.0,0.0,0.0,0.0
0.0,60.0,0.0,8.0,0.0,0.0,0.0,0.0
0.0,200.0,0.0,10.0,0.0,0.0,0.0,0.0
0.0,90.0,0.0,16.0,0.0,0.0,0.0,0.0
0.0,200.0,0.0,8.0,0.0,0.0,0.0,0.0
0.0,60.0,0.0,18.0,0.0,0.0,0.0,0.0
0.0,30.0,0.0,10.0,0.0,0.0,0.0,0.0
0.0,90.0,0.0,11.0,0.0,0.0,0.0,0.0
0.0,30.0,0.0,19.0,0.0,1.0,0.0,0.0
0.0,30.0,0.0,13.0,0.0,1.0,0.0,0.0
0.0,30.0,0.0,13.0,0.0,4444.0,0.0,0.0
0.0,200.0,0.0,10.0,0.0,0.0,0.0,0.0
0.0,200.0,0.0,20.0,0.0,0.0,0.0,0.0
0.0,200.0,0.0,12.0,0.0,0.0,0.0,0.0
0.0,200.0,0.0,19.0,0.0,0.0,0.0,0.0
0.0,200.0,0.0,11.0,0.0,0.0,0.0,0.0
0.0,30.0,0.0,15.0,0.0,0.0,0.0,0.0
0.0,200.0,0.0,22.0,0.0,0.0,0.0,0.0
0.0,120.0,0.0,21.0,0.0,0.0,0.0,0.0
0.0,150.0,0.0,11.0,0.0,0.0,0.0,0.0
0.0,30.0,0.0,13.0,0.0,1.0,0.0,0.0
0.0,200.0,0.0,21.0,0.0,0.0,0.0,0.0
0.0,30.0,0.0,22.0,0.0,0.0,0.0,0.0
0.0,60.0,0.0,7.0,0.0,0.0,0.0,0.0
0.0,200.0,0.0,18.0,0.0,0.0,0.0,0.0
0.0,30.0,0.0,10.0,0.0,2.0,0.0,0.0
0.0,200.0,0.0,9.0,0.0,0.0,0.0,0.0
0.0,120.0,0.0,18.0,0.0,0.0,0.0,0.0
0.0,30.0,0.0,14.0,0.0,1.0,0.0,0.0
0.0,200.0,0.0,9.0,0.0,0.0,0.0,0.0
0.0,200.0,0.0,11.0,0.0,0.0,0.0,0.0
0.0,30.0,0.0,9.0,0.0,7200.0,0.0,0.0
0.0,200.0,0.0,14.0,0.0,0.0,0.0,0.0
0.0,200.0,0.0,13.0,0.0,0.0,0.0,0.0
0.0,30.0,0.0,22.0,0.0,0.0,0.0,0.0
0.0,200.0,0.0,8.0,0.0,0.0,0.0,0.0
0.0,60.0,0.0,12.0,0.0,0.0,0.0,0.0
0.0,200.0,0.0,16.0,0.0,0.0,0.0,0.0
0.0,200.0,0.0,16.0,0.0,0.0,0.0,0.0
0.0,200.0,0.0,13.0,0.0,0.0,0.0,0.0
0.0,200.0,0.0,13.0,0.0,0.0,0.0,0.0
0.0,60.0,0.0,11.0,0.0,0.0,0.0,0.0
0.0,200.0,0.0,16.0,0.0,0.0,0.0,0.0
0.0,200.0,0.0,18.0,0.0,0.0,0.0,0.0
0.0,180.0,0.0,17.0,0.0,0.0,0.0,0.0
0.0,200.0,0.0,20.0,0.0,0.0,0.0,0.0
0.0,200.0,0.0,21.0,0.0,0.0,0.0,0.0
0.0,200.0,0.0,11.0,0.0,0.0,0.0,0.0
0.0,30.0,0.0,17.0,0.0,0.0,0.0,0.0
0.0,200.0,0.0,22.0,0.0,0.0,0.0,0.0
0.0,90.0,0.0,11.0,0.0,0.0,0.0,0.0
0.0,180.0,0.0,16.0,0.0,0.0,0.0,0.0
0.0,30.0,0.0,16.0,0.0,0.0,0.0,0.0
0.0,150.0,0.0,16.0,0.0,2450.0,0.0,0.0
0.0,30.0,0.0,7.0,0.0,0.0,0.0,0.0
0.0,200.0,0.0,18.0,0.0,0.0,0.0,0.0
0.0,200.0,0.0,22.0,0.0,0.0,0.0,0.0
0.0,30.0,0.0,8.0,0.0,0.0,0.0,0.0
0.0,200.0,0.0,14.0,0.0,0.0,0.0,0.0
0.0,200.0,0.0,11.0,0.0,0.0,0.0,0.0
0.0,180.0,0.0,17.0,0.0,0.0,0.0,0.0
0.0,120.0,0.0,15.0,0.0,0.0,0.0,0.0
0.0,30.0,0.0,14.0,0.0,2.0,0.0,0.0
0.0,30.0,0.0,7.0,0.0,0.0,0.0,0.0
0.0,30.0,0.0,17.0,0.0,0.0,0.0,0.0
0.0,30.0,0.0,18.0,0.0,3.0,0.0,0.0
0.0,200.0,0.0,17.0,0.0,0.0,0.0,0.0
0.0,200.0,0.0,11.0,0.0,0.0,0.0,0.0
0.0,200.0,0.0,22.0,0.0,0.0,0.0,0.0
0.0,150.0,0.0,16.0,0.0,0.0,0.0,0.0
0.0,200.0,0.0,13.0,0.0,0.0,0.0,0.0
0.0,200.0,0.0,19.0,0.0,0.0,0.0,0.0
0.0,200.0,0.0,8.0,0.0,0.0,0.0,0.0
0.0,200.0,0.0,16.0,0.0,0.0,0.0,0.0
0.0,200.0,0.0,7.0,0.0,0.0,0.0,0.0
0.0,30.0,0.0,11.0,0.0,0.0,0.0,0.0
0.0,30.0,0.0,17.0,0.0,0.0,0.0,0.0
0.0,30.0,0.0,11.0,0.0,0.0,0.0,0.0
0.0,200.0,0.0,16.0,0.0,0.0,0.0,0.0
0.0,180.0,0.0,14.0,0.0,0.0,0.0,0.0
0.0,200.0,0.0,12.0,0.0,0.0,0.0,0.0
0.0,30.0,0.0,17.0,0.0,0.0,0.0,0.0
0.0,30.0,0.0,19.0,0.0,0.0,0.0,0.0
0.0,200.0,0.0,18.0,0.0,0.0,0.0,0.0
0.0,180.0,0.0,9.0,0.0,0.0,0.0,0.0
0.0,90.0,0.0,9.0,0.0,0.0,0.0,0.0
0.0,200.0,0.0,7.0,0.0,0.0,0.0,0.0
0.0,30.0,0.0,7.0,0.0,0.0,0.0,0.0
0.0,200.0,0.0,12.0,0.0,0.0,0.0,0.0
0.0,200.0,0.0,21.0,0.0,0.0,0.0,0.0
0.0,120.0,0.0,11.0,0.0,0.0,0.0,0.0
0.0,180.0,0.0,16.0,0.0,0.0,0.0,0.0
0.0,200.0,0.0,15.0,0.0,0.0,0.0,0.0
0.0,30.0,0.0,8.0,0.0,0.0,0.0,0.0
0.0,200.0,0.0,21.0,0.0,0.0,0.0,0.0
0.0,200.0,0.0,20.0,0.0,0.0,0.0,0.0
0.0,60.0,0.0,10.0,0.0,0.0,0.0,0.0
0.0,150.0,0.0,10.0,0.0,0.0,0.0,0.0
0.0,200.0,0.0,10.0,0.0,0.0,0.0,0.0
0.0,30.0,0.0,17.0,0.0,0.0,0.0,0.0
0.0,90.0,0.0,22.0,0.0,0.0,0.0,0.0
0.0,30.0,0.0,22.0,0.0,0.0,0.0,0.0
0.0,30.0,0.0,8.0,0.0,0.0,0.0,0.0
0.0,200.0,0.0,21.0,0.0,0.0,0.0,0.0
0.0,30.0,0.0,15.0,0.0,0.0,0.0,0.0
0.0,150.0,0.0,15.0,0.0,0.0,0.0,0.0
0.0,150.0,0.0,13.0,0.0,0.0,0.0,0.0
0.0,60.0,0.0,7.0,0.0,3.0,0.0,0.0
0.0,30.0,0.0,9.0,0.0,0.0,0.0,0.0
0.0,30.0,0.0,13.0,0.0,0.0,0.0,0.0
0.0,90.0,0.0,21.0,0.0,0.0,0.0,0.0
0.0,120.0,0.0,21.0,0.0,0.0,0.0,0.0
0.0,200.0,0.0,9.0,0.0,0.0,0.0,0.0
0.0,200.0,0.0,8.0,0.0,0.0,0.0,0.0
0.0,30.0,0.0,16.0,0.0,0.0,0.0,0.0
0.0,30.0,0.0,15.0,0.0,0.0,0.0,0.0
0.0,30.0,0.0,18.0,0.0,0.0,0.0,0.0
0.0,30.0,0.0,11.0,0.0,0.0,0.0,0.0
0.0,200.0,0.0,8.0,0.0,0.0,0.0,0.0
0.0,200.0,0.0,9.0,0.0,0.0,0.0,0.0
0.0,30.0,0.0,18.0,0.0,0.0,0.0,0.0
0.0,200.0,0.0,7.0,0.0,0.0,0.0,0.0
0.0,90.0,0.0,9.0,0.0,28.0,0.0,0.0
0.0,30.0,0.0,15.0,0.0,0.0,0.0,0.0
0.0,30.0,0.0,22.0,0.0,0.0,0.0,0.0
0.0,200.0,0.0,12.0,0.0,0.0,0.0,0.0
0.0,30.0,0.0,17.0,0.0,0.0,0.0,0.0
0.0,30.0,0.0,18.0,0.0,0.0,0.0,0.0
0.0,200.0,0.0,21.0,0.0,0.0,0.0,0.0
0.0,200.0,0.0,9.0,0.0,0.0,0.0,0.0
0.0,180.0,0.0,16.0,0.0,0.0,0.0,0.0
0.0,90.0,0.0,21.0,0.0,0.0,0.0,0.0
0.0,200.0,0.0,11.0,0.0,0.0,0.0,0.0
0.0,30.0,0.0,9.0,0.0,17.0,0.0,0.0
0.0,30.0,0.0,15.0,0.0,0.0,0.0,0.0
0.0,200.0,0.0,20.0,0.0,0.0,0.0,0.0
0.0,200.0,0.0,16.0,0.0,0.0,0.0,0.0
0.0,60.0,0.0,14.0,0.0,0.0,0.0,0.0
0.0,180.0,0.0,8.0,0.0,0.0,0.0,0.0
0.0,60.0,0.0,7.0,0.0,0.0,0.0,0.0
0.0,150.0,0.0,14.0,0.0,0.0,0.0,0.0
0.0,200.0,0.0,10.0,0.0,0.0,0.0,0.0
0.0,30.0,0.0,14.0,0.0,0.0,0.0,0.0
0.0,200.0,0.0,20.0,0.0,0.0,0.0,0.0
0.0,200.0,0.0,22.0,0.0,0.0,0.0,0.0
0.0,120.0,0.0,7.0,0.0,0.0,0.0,0.0
0.0,30.0,0.0,18.0,0.0,0.0,0.0,0.0
0.0,200.0,0.0,14.0,0.0,0.0,0.0,0.0
0.0,120.0,0.0,15.0,0.0,0.0,0.0,0.0
0.0,60.0,0.0,11.0,0.0,0.0,0.0,0.0
0.0,120.0,0.0,20.0,0.0,0.0,0.0,0.0
0.0,120.0,0.0,20.0,0.0,0.0,0.0,0.0
0.0,200.0,0.0,9.0,0.0,0.0,0.0,0.0
0.0,200.0,0.0,11.0,0.0,0.0,0.0,0.0
0.0,60.0,0.0,18.0,0.0,0.0,0.0,0.0
0.0,200.0,0.0,20.0,0.0,0.0,0.0,0.0
0.0,200.0,0.0,13.0,0.0,0.0,0.0,0.0
0.0,120.0,0.0,12.0,0.0,0.0,0.0,0.0
0.0,180.0,0.0,22.0,0.0,0.0,0.0,0.0
0.0,200.0,0.0,8.0,0.0,0.0,0.0,0.0
0.0,150.0,0.0,15.0,0.0,0.0,0.0,0.0
0.0,200.0,0.0,22.0,0.0,0.0,0.0,0.0
0.0,200.0,0.0,7.0,0.0,0.0,0.0,0.0
0.0,60.0,0.0,8.0,0.0,0.0,0.0,0.0
0.0,30.0,0.0,19.0,0.0,3.0,0.0,0.0
0.0,200.0,0.0,22.0,0.0,0.0,0.0,0.0
0.0,90.0,0.0,14.0,0.0,0.0,0.0,0.0
0.0,30.0,0.0,12.0,0.0,0.0,0.0,0.0
0.0,180.0,0.0,21.0,0.0,0.0,0.0,0.0
0.0,200.0,0.0,10.0,0.0,0.0,0.0,0.0
0.0,200.0,0.0,16.0,0.0,0.0,0.0,0.0
0.0,200.0,0.0,8.0,0.0,0.0,0.0,0.0
0.0,30.0,0.0,22.0,0.0,0.0,0.0,0.0
0.0,60.0,0.0,16.0,0.0,0.0,0.0,0.0
0.0,200.0,0.0,17.0,0.0,0.0,0.0,0.0
0.0,30.0,0.0,17.0,0.0,0.0,0.0,0.0
0.0,200.0,0.0,19.0,0.0,0.0,0.0,0.0
0.0,90.0,0.0,17.0,0.0,0.0,0.0,0.0
0.0,200.0,0.0,14.0,0.0,0.0,0.0,0.0
0.0,200.0,0.0,13.0,0.0,0.0,0.0,0.0
0.0,60.0,0.0,18.0,0.0,0.0,0.0,0.0
0.0,200.0,0.0,18.0,0.0,0.0,0.0,0.0
0.0,90.0,0.0,19.0,0.0,6636.0,0.0,0.0
0.0,30.0,0.0,7.0,0.0,0.0,0.0,0.0
0.0,200.0,0.0,11.0,0.0,0.0,0.0,0.0
0.0,120.0,0.0,12.0,0.0,0.0,0.0,0.0
0.0,200.0,0.0,8.0,0.0,0.0,0.0,0.0
0.0,200.0,0.0,10.0,0.0,0.0,0.0,0.0
0.0,30.0,0.0,21.0,0.0,0.0,0.0,0.0
0.0,180.0,0.0,19.0,0.0,0.0,0.0,0.0
0.0,30.0,0.0,8.0,0.0,0.0,0.0,0.0
0.0,30.0,0.0,18.0,0.0,0.0,0.0,0.0
0.0,30.0,0.0,18.0,0.0,0.0,0.0,0.0
0.0,150.0,0.0,19.0,0.0,0.0,0.0,0.0
0.0,200.0,0.0,11.0,0.0,0.0,0.0,0.0
0.0,200.0,0.0,8.0,0.0,0.0,0.0,0.0
0.0,200.0,0.0,14.0,0.0,0.0,0.0,0.0
0.0,200.0,0.0,10.0,0.0,0.0,0.0,0.0
0.0,30.0,0.0,21.0,0.0,0.0,0.0,0.0
0.0,180.0,0.0,14.0,0.0,0.0,0.0,0.0
0.0,200.0,0.0,9.0,0.0,0.0,0.0,0.0
0.0,200.0,0.0,11.0,0.0,0.0,0.0,0.0
0.0,120.0,0.0,10.0,0.0,0.0,0.0,0.0
0.0,200.0,0.0,21.0,0.0,0.0,0.0,0.0
0.0,30.0,0.0,19.0,0.0,1.0,0.0,0.0
0.0,200.0,0.0,18.0,0.0,0.0,0.0,0.0
0.0,30.0,0.0,10.0,0.0,0.0,0.0,0.0
0.0,30.0,0.0,8.0,0.0,0.0,0.0,0.0
0.0,60.0,0.0,21.0,0.0,0.0,0.0,0.0
0.0,60.0,0.0,12.0,0.0,0.0,0.0,0.0
0.0,60.0,0.0,7.0,0.0,0.0,0.0,0.0
0.0,200.0,0.0,9.0,0.0,0.0,0.0,0.0
0.0,200.0,0.0,19.0,0.0,0.0,0.0,0.0
0.0,30.0,0.0,13.0,0.0,2.0,0.0,0.0
0.0,30.0,0.0,19.0,0.0,0.0,0.0,0.0
0.0,200.0,0.0,11.0,0.0,0.0,0.0,0.0
0.0,30.0,0.0,18.0,0.0,15.0,0.0,0.0
0.0,120.0,0.0,20.0,0.0,0.0,0.0,0.0
0.0,200.0,0.0,18.0,0.0,0.0,0.0,0.0
0.0,200.0,0.0,19.0,0.0,0.0,0.0,0.0
0.0,200.0,0.0,17.0,0.0,0.0,0.0,0.0
0.0,30.0,0.0,13.0,0.0,0.0,0.0,0.0
0.0,150.0,0.0,15.0,0.0,0.0,0.0,0.0
0.0,200.0,0.0,9.0,0.0,0.0,0.0,0.0
0.0,30.0,0.0,9.0,0.0,5.0,0.0,0.0
0.0,200.0,0.0,19.0,0.0,0.0,0.0,0.0
0.0,30.0,0.0,8.0,0.0,1.0,0.0,0.0
0.0,60.0,0.0,19.0,0.0,0.0,0.0,0.0
0.0,150.0,0.0,21.0,0.0,0.0,0.0,0.0
0.0,90.0,0.0,8.0,0.0,0.0,0.0,0.0
0.0,30.0,0.0,22.0,0.0,0.0,0.0,0.0
0.0,60.0,0.0,21.0,0.0,0.0,0.0,0.0
0.0,90.0,0.0,7.0,0.0,0.0,0.0,0.0
0.0,200.0,0.0,22.0,0.0,0.0,0.0,0.0
0.0,30.0,0.0,19.0,0.0,11.0,0.0,0.0
0.0,60.0,0.0,17.0,0.0,0.0,0.0,0.0
0.0,60.0,0.0,12.0,0.0,272.0,0.0,0.0
0.0,180.0,0.0,8.0,0.0,0.0,0.0,0.0
0.0,200.0,0.0,22.0,0.0,0.0,0.0,0.0
0.0,60.0,0.0,22.0,0.0,0.0,0.0,0.0
0.0,30.0,0.0,9.0,0.0,0.0,0.0,0.0
0.0,30.0,0.0,18.0,0.0,0.0,0.0,0.0
0.0,60.0,0.0,8.0,0.0,0.0,0.0,0.0
0.0,200.0,0.0,15.0,0.0,0.0,0.0,0.0
0.0,200.0,0.0,14.0,0.0,0.0,0.0,0.0
0.0,150.0,0.0,12.0,0.0,0.0,0.0,0.0
0.0,30.0,0.0,15.0,0.0,0.0,0.0,0.0
0.0,60.0,0.0,22.0,0.0,0.0,0.0,0.0
0.0,200.0,0.0,22.0,0.0,0.0,0.0,0.0
0.0,30.0,0.0,10.0,0.0,0.0,0.0,0.0
0.0,60.0,0.0,12.0,0.0,19.0,0.0,0.0
0.0,200.0,0.0,22.0,0.0,0.0,0.0,0.0
0.0,180.0,0.0,17.0,0.0,0.0,0.0,0.0
0.0,200.0,0.0,15.0,0.0,0.0,0.0,0.0
0.0,30.0,0.0,20.0,0.0,0.0,0.0,0.0
0.0,180.0,0.0,20.0,0.0,0.0,0.0,0.0
0.0,60.0,0.0,8.0,0.0,0.0,0.0,0.0
0.0,200.0,0.0,18.0,0.0,0.0,0.0,0.0
0.0,30.0,0.0,16.0,0.0,0.0,0.0,0.0
0.0,30.0,0.0,11.0,0.0,1067.0,0.0,0.0
0.0,200.0,0.0,17.0,0.0,0.0,0.0,0.0
0.0,30.0,0.0,9.0,0.0,0.0,0.0,0.0
0.0,60.0,0.0,18.0,0.0,0.0,0.0,0.0
0.0,200.0,0.0,17.0,0.0,0.0,0.0,0.0
0.0,200.0,0.0,22.0,0.0,0.0,0.0,0.0
0.0,60.0,0.0,12.0,0.0,0.0,0.0,0.0
0.0,120.0,0.0,18.0,0.0,0.0,0.0,0.0
0.0,90.0,0.0,11.0,0.0,0.0,0.0,0.0
0.0,200.0,0.0,7.0,0.0,0.0,0.0,0.0
0.0,200.0,0.0,22.0,0.0,0.0,0.0,0.0
0.0,180.0,0.0,19.0,0.0,0.0,0.0,0.0
0.0,30.0,0.0,9.0,0.0,0.0,0.0,0.0
0.0,90.0,0.0,9.0,0.0,0.0,0.0,0.0
0.0,200.0,0.0,18.0,0.0,0.0,0.0,0.0
0.0,30.0,0.0,10.0,0.0,0.0,0.0,0.0
0.0,200.0,0.0,21.0,0.0,0.0,0.0,0.0
0.0,200.0,0.0,20.0,0.0,0.0,0.0,0.0
0.0,200.0,0.0,18.0,0.0,0.0,0.0,0.0
0.0,90.0,0.0,7.0,0.0,0.0,0.0,0.0
0.0,200.0,0.0,17.0,0.0,0.0,0.0,0.0
0.0,200.0,0.0,17.0,0.0,0.0,0.0,0.0
0.0,30.0,0.0,8.0,0.0,0.0,0.0,0.0
0.0,200.0,0.0,22.0,0.0,0.0,0.0,0.0
0.0,200.0,0.0,11.0,0.0,0.0,0.0,0.0
0.0,60.0,0.0,14.0,0.0,0.0,0.0,0.0
0.0,200.0,0.0,22.0,0.0,0.0,0.0,0.0
0.0,200.0,0.0,20.0,0.0,0.0,0.0,0.0
1.0,30.0,0.0,8.0,0.0,4.0,0.0,0.0
0.0,30.0,0.0,9.0,0.0,0.0,0.0,0.0
0.0,30.0,0.0,13.0,0.0,5561.0,0.0,0.0
0.0,90.0,0.0,7.0,0.0,0.0,0.0,0.0
0.0,200.0,0.0,21.0,0.0,0.0,0.0,0.0
0.0,200.0,0.0,14.0,0.0,0.0,0.0,0.0
0.0,200.0,0.0,9.0,0.0,0.0,0.0,0.0
0.0,150.0,0.0,13.0,0.0,0.0,0.0,0.0
0.0,60.0,0.0,19.0,0.0,645.0,0.0,0.0
0.0,30.0,0.0,8.0,0.0,0.0,0.0,0.0
0.0,120.0,0.0,16.0,0.0,2580.0,0.0,0.0
0.0,30.0,0.0,13.0,0.0,0.0,0.0,0.0
0.0,200.0,0.0,16.0,0.0,0.0,0.0,0.0
0.0,60.0,0.0,8.0,0.0,0.0,0.0,0.0
0.0,200.0,0.0,14.0,0.0,0.0,0.0,0.0
0.0,200.0,0.0,13.0,0.0,0.0,0.0,0.0
0.0,120.0,0.0,22.0,0.0,0.0,0.0,0.0
0.0,200.0,0.0,15.0,0.0,0.0,0.0,0.0
0.0,200.0,0.0,20.0,0.0,0.0,0.0,0.0
0.0,200.0,0.0,18.0,0.0,0.0,0.0,0.0
0.0,30.0,0.0,9.0,0.0,0.0,0.0,0.0
0.0,30.0,0.0,20.0,0.0,0.0,0.0,0.0
0.0,200.0,0.0,13.0,0.0,0.0,0.0,0.0
0.0,30.0,0.0,11.0,0.0,0.0,0.0,0.0
0.0,30.0,0.0,7.0,0.0,1.0,0.0,0.0
0.0,60.0,0.0,13.0,0.0,0.0,0.0,0.0
0.0,200.0,1.0,7.0,0.0,0.0,0.0,0.0
0.0,30.0,0.0,14.0,0.0,3764.0,0.0,0.0
0.0,60.0,0.0,22.0,0.0,0.0,0.0,0.0
0.0,200.0,0.0,17.0,0.0,0.0,0.0,0.0
0.0,200.0,0.0,21.0,0.0,0.0,0.0,0.0
0.0,200.0,0.0,13.0,0.0,0.0,0.0,0.0
0.0,60.0,0.0,8.0,0.0,0.0,0.0,0.0
0.0,60.0,0.0,22.0,0.0,4.0,0.0,0.0
0.0,200.0,0.0,15.0,0.0,0.0,0.0,0.0
0.0,150.0,0.0,8.0,0.0,28.0,0.0,0.0
0.0,200.0,0.0,20.0,0.0,0.0,0.0,0.0
0.0,200.0,0.0,7.0,0.0,0.0,0.0,0.0
0.0,200.0,0.0,21.0,0.0,0.0,0.0,0.0
0.0,30.0,0.0,7.0,0.0,3038.0,0.0,0.0
0.0,200.0,0.0,7.0,0.0,0.0,0.0,0.0
0.0,200.0,0.0,11.0,0.0,0.0,0.0,0.0
0.0,30.0,0.0,7.0,0.0,280.0,0.0,0.0
0.0,200.0,0.0,15.0,0.0,0.0,0.0,0.0
0.0,200.0,0.0,14.0,0.0,0.0,0.0,0.0
0.0,200.0,0.0,9.0,0.0,0.0,0.0,0.0
0.0,60.0,0.0,20.0,0.0,3.0,0.0,0.0
0.0,120.0,0.0,22.0,0.0,0.0,0.0,0.0
0.0,200.0,0.0,11.0,0.0,0.0,0.0,0.0
0.0,200.0,0.0,16.0,0.0,0.0,0.0,0.0
0.0,200.0,0.0,8.0,0.0,0.0,0.0,0.0
0.0,30.0,0.0,18.0,0.0,0.0,0.0,0.0
0.0,30.0,0.0,12.0,0.0,0.0,0.0,0.0
0.0,30.0,0.0,16.0,0.0,23.0,0.0,0.0
0.0,150.0,0.0,20.0,0.0,0.0,0.0,0.0
0.0,200.0,0.0,14.0,0.0,0.0,0.0,0.0
0.0,200.0,0.0,17.0,0.0,0.0,0.0,0.0
0.0,200.0,0.0,8.0,0.0,0.0,0.0,0.0
0.0,200.0,0.0,12.0,0.0,0.0,0.0,0.0
0.0,200.0,0.0,12.0,0.0,0.0,0.0,0.0
0.0,150.0,0.0,21.0,0.0,4078.0,0.0,0.0
0.0,30.0,0.0,8.0,0.0,0.0,0.0,0.0
0.0,60.0,0.0,20.0,0.0,0.0,0.0,0.0
0.0,90.0,0.0,10.0,0.0,0.0,0.0,0.0
0.0,200.0,0.0,9.0,0.0,0.0,0.0,0.0
0.0,60.0,0.0,7.0,0.0,0.0,0.0,0.0
0.0,200.0,0.0,13.0,0.0,0.0,0.0,0.0
0.0,60.0,0.0,22.0,0.0,0.0,0.0,0.0
0.0,200.0,0.0,18.0,0.0,0.0,0.0,0.0
0.0,200.0,0.0,9.0,0.0,0.0,0.0,0.0
0.0,180.0,0.0,9.0,0.0,0.0,0.0,0.0
0.0,60.0,0.0,15.0,0.0,0.0,0.0,0.0
0.0,200.0,0.0,21.0,0.0,0.0,0.0,0.0
0.0,60.0,0.0,22.0,0.0,0.0,0.0,0.0
0.0,180.0,0.0,17.0,0.0,0.0,0.0,0.0
0.0,200.0,0.0,11.0,0.0,0.0,0.0,0.0
0.0,200.0,0.0,15.0,0.0,0.0,0.0,0.0
0.0,200.0,0.0,15.0,0.0,0.0,0.0,0.0
0.0,120.0,0.0,11.0,0.0,0.0,0.0,0.0
0.0,200.0,0.0,16.0,0.0,0.0,0.0,0.0
0.0,200.0,0.0,16.0,0.0,0.0,0.0,0.0
0.0,200.0,0.0,12.0,0.0,0.0,0.0,0.0
0.0,120.0,0.0,11.0,0.0,0.0,0.0,0.0
0.0,90.0,0.0,11.0,0.0,0.0,0.0,0.0
0.0,200.0,0.0,11.0,0.0,0.0,0.0,0.0
0.0,200.0,0.0,13.0,0.0,0.0,0.0,0.0
0.0,200.0,0.0,20.0,0.0,0.0,0.0,0.0
0.0,200.0,0.0,22.0,0.0,0.0,0.0,0.0
0.0,60.0,0.0,20.0,0.0,0.0,0.0,0.0
0.0,200.0,0.0,7.0,0.0,0.0,0.0,0.0
0.0,30.0,0.0,8.0,0.0,0.0,0.0,0.0
0.0,30.0,0.0,15.0,0.0,0.0,0.0,0.0
0.0,200.0,0.0,11.0,0.0,0.0,0.0,0.0
0.0,200.0,0.0,9.0,0.0,0.0,0.0,0.0
0.0,200.0,0.0,22.0,0.0,0.0,0.0,0.0
0.0,30.0,0.0,9.0,0.0,4.0,0.0,0.0
0.0,200.0,0.0,7.0,0.0,0.0,0.0,0.0
0.0,60.0,0.0,22.0,0.0,7200.0,0.0,0.0
0.0,30.0,0.0,16.0,0.0,0.0,0.0,0.0
0.0,30.0,0.0,12.0,0.0,2219.0,0.0,0.0
0.0,30.0,0.0,19.0,0.0,23.0,0.0,0.0
0.0,200.0,0.0,19.0,0.0,0.0,0.0,0.0
0.0,30.0,0.0,20.0,0.0,0.0,0.0,0.0
0.0,30.0,0.0,17.0,0.0,3.0,0.0,0.0
0.0,60.0,0.0,14.0,0.0,0.0,0.0,0.0
0.0,30.0,0.0,19.0,0.0,5.0,0.0,0.0
0.0,200.0,0.0,19.0,0.0,0.0,0.0,0.0
0.0,200.0,0.0,14.0,0.0,0.0,0.0,0.0
0.0,60.0,0.0,11.0,0.0,0.0,0.0,0.0
0.0,200.0,0.0,22.0,0.0,0.0,0.0,0.0
0.0,30.0,0.0,13.0,0.0,0.0,0.0,0.0
0.0,90.0,0.0,14.0,0.0,0.0,0.0,0.0
0.0,120.0,0.0,13.0,0.0,0.0,0.0,0.0
0.0,60.0,0.0,15.0,0.0,0.0,0.0,0.0
0.0,200.0,0.0,20.0,0.0,0.0,0.0,0.0
0.0,90.0,0.0,18.0,0.0,0.0,0.0,0.0
0.0,200.0,0.0,12.0,0.0,0.0,0.0,0.0
0.0,200.0,0.0,18.0,0.0,0.0,0.0,0.0
0.0,60.0,0.0,20.0,0.0,0.0,0.0,0.0
0.0,200.0,0.0,11.0,0.0,0.0,0.0,0.0
0.0,30.0,0.0,19.0,0.0,570.0,0.0,0.0
0.0,30.0,0.0,7.0,0.0,0.0,0.0,0.0
0.0,60.0,0.0,18.0,0.0,0.0,0.0,0.0
0.0,30.0,0.0,10.0,0.0,0.0,0.0,0.0
0.0,90.0,0.0,16.0,0.0,0.0,0.0,0.0
0.0,120.0,0.0,9.0,0.0,0.0,0.0,0.0
0.0,180.0,0.0,8.0,0.0,0.0,0.0,0.0
0.0,60.0,0.0,21.0,0.0,0.0,0.0,0.0
0.0,200.0,0.0,15.0,0.0,0.0,0.0,0.0
0.0,60.0,0.0,15.0,0.0,0.0,0.0,0.0
0.0,200.0,0.0,16.0,0.0,0.0,0.0,0.0
0.0,30.0,0.0,12.0,0.0,4.0,0.0,0.0
0.0,200.0,0.0,15.0,0.0,0.0,0.0,0.0
0.0,30.0,0.0,8.0,0.0,7.0,0.0,0.0
0.0,30.0,0.0,15.0,0.0,1.0,0.0,0.0
0.0,200.0,0.0,16.0,0.0,0.0,0.0,0.0
0.0,200.0,0.0,11.0,0.0,0.0,0.0,0.0
0.0,200.0,0.0,14.0,0.0,0.0,0.0,0.0
0.0,60.0,0.0,18.0,0.0,0.0,0.0,0.0
0.0,200.0,0.0,7.0,0.0,0.0,0.0,0.0
0.0,200.0,0.0,14.0,0.0,0.0,0.0,0.0
0.0,200.0,0.0,17.0,0.0,0.0,0.0,0.0
0.0,30.0,0.0,20.0,0.0,0.0,0.0,0.0
0.0,200.0,0.0,10.0,0.0,0.0,0.0,0.0
0.0,60.0,0.0,21.0,0.0,0.0,0.0,0.0
0.0,30.0,0.0,21.0,0.0,0.0,0.0,0.0
0.0,30.0,0.0,22.0,0.0,1.0,0.0,0.0
0.0,180.0,0.0,17.0,0.0,0.0,0.0,0.0
0.0,200.0,0.0,9.0,0.0,0.0,0.0,0.0
0.0,200.0,0.0,12.0,0.0,0.0,0.0,0.0
0.0,120.0,0.0,10.0,0.0,0.0,0.0,0.0
0.0,30.0,0.0,7.0,0.0,0.0,0.0,0.0
0.0,30.0,0.0,7.0,0.0,0.0,0.0,0.0
0.0,30.0,0.0,21.0,0.0,0.0,0.0,0.0
0.0,30.0,0.0,17.0,0.0,30.0,0.0,0.0
0.0,200.0,0.0,14.0,0.0,0.0,0.0,0.0
0.0,60.0,0.0,22.0,0.0,0.0,0.0,0.0
0.0,30.0,0.0,20.0,0.0,2108.0,0.0,0.0
0.0,200.0,0.0,14.0,0.0,0.0,0.0,0.0
0.0,200.0,0.0,16.0,0.0,0.0,0.0,0.0
0.0,60.0,0.0,22.0,0.0,0.0,0.0,0.0
0.0,180.0,0.0,19.0,0.0,0.0,0.0,0.0
0.0,150.0,0.0,9.0,0.0,7200.0,0.0,0.0
0.0,60.0,0.0,21.0,0.0,0.0,0.0,0.0
0.0,30.0,0.0,7.0,0.0,1.0,0.0,0.0
0.0,200.0,0.0,15.0,0.0,0.0,0.0,0.0
0.0,200.0,0.0,19.0,0.0,0.0,0.0,0.0
0.0,90.0,0.0,9.0,0.0,0.0,0.0,0.0
0.0,30.0,0.0,7.0,0.0,0.0,0.0,0.0
0.0,180.0,0.0,7.0,0.0,0.0,0.0,0.0
0.0,120.0,0.0,12.0,0.0,0.0,0.0,0.0
0.0,30.0,0.0,7.0,0.0,0.0,0.0,0.0
0.0,200.0,0.0,21.0,0.0,0.0,0.0,0.0
0.0,30.0,0.0,13.0,0.0,0.0,0.0,0.0
0.0,60.0,0.0,9.0,0.0,0.0,0.0,0.0
0.0,180.0,0.0,13.0,0.0,0.0,0.0,0.0
0.0,30.0,0.0,12.0,0.0,0.0,0.0,0.0
0.0,30.0,0.0,14.0,0.0,0.0,0.0,0.0
0.0,180.0,0.0,16.0,0.0,0.0,0.0,0.0
0.0,200.0,0.0,11.0,0.0,0.0,0.0,0.0
0.0,30.0,0.0,9.0,0.0,0.0,0.0,0.0
0.0,60.0,0.0,8.0,0.0,0.0,0.0,0.0
0.0,200.0,0.0,19.0,0.0,0.0,0.0,0.0
0.0,200.0,0.0,9.0,0.0,0.0,0.0,0.0
0.0,60.0,0.0,7.0,0.0,0.0,0.0,0.0
0.0,200.0,0.0,14.0,0.0,0.0,0.0,0.0
0.0,120.0,0.0,19.0,0.0,0.0,0.0,0.0
0.0,60.0,0.0,8.0,0.0,0.0,0.0,0.0
0.0,180.0,0.0,13.0,0.0,0.0,0.0,0.0
0.0,120.0,0.0,10.0,0.0,3.0,0.0,0.0
0.0,200.0,0.0,14.0,0.0,0.0,0.0,0.0
0.0,30.0,0.0,16.0,0.0,21.0,0.0,0.0
0.0,200.0,0.0,19.0,0.0,0.0,0.0,0.0
0.0,30.0,0.0,19.0,0.0,1.0,0.0,0.0
0.0,120.0,0.0,21.0,0.0,0.0,0.0,0.0
0.0,60.0,0.0,17.0,0.0,0.0,0.0,0.0
0.0,180.0,0.0,21.0,0.0,0.0,0.0,0.0
0.0,120.0,0.0,21.0,0.0,0.0,0.0,0.0
0.0,200.0,0.0,10.0,0.0,0.0,0.0,0.0
0.0,30.0,0.0,18.0,0.0,0.0,0.0,0.0
0.0,60.0,0.0,22.0,0.0,4.0,0.0,0.0
0.0,200.0,0.0,14.0,0.0,0.0,0.0,0.0
0.0,200.0,0.0,8.0,0.0,0.0,0.0,0.0
0.0,30.0,0.0,19.0,0.0,0.0,0.0,0.0
0.0,30.0,0.0,7.0,0.0,0.0,0.0,0.0
0.0,30.0,0.0,10.0,0.0,3.0,0.0,0.0
0.0,120.0,0.0,16.0,0.0,0.0,0.0,0.0
0.0,30.0,0.0,19.0,0.0,0.0,0.0,0.0
0.0,120.0,0.0,11.0,0.0,0.0,0.0,0.0
0.0,150.0,0.0,8.0,0.0,0.0,0.0,0.0
0.0,60.0,0.0,8.0,0.0,0.0,0.0,0.0
0.0,30.0,0.0,12.0,0.0,0.0,0.0,0.0
0.0,30.0,0.0,13.0,0.0,0.0,0.0,0.0
0.0,200.0,0.0,15.0,0.0,0.0,0.0,0.0
0.0,200.0,0.0,11.0,0.0,0.0,0.0,0.0
0.0,200.0,0.0,13.0,0.0,0.0,0.0,0.0
0.0,30.0,0.0,12.0,0.0,0.0,0.0,0.0
0.0,200.0,0.0,10.0,0.0,0.0,0.0,0.0
0.0,30.0,0.0,20.0,0.0,0.0,0.0,0.0
0.0,200.0,0.0,22.0,0.0,0.0,0.0,0.0
0.0,200.0,0.0,7.0,0.0,0.0,0.0,0.0
0.0,90.0,0.0,8.0,0.0,0.0,0.0,0.0
0.0,60.0,0.0,10.0,0.0,3.0,0.0,0.0
0.0,30.0,0.0,9.0,0.0,0.0,0.0,0.0
0.0,200.0,0.0,22.0,0.0,0.0,0.0,0.0
0.0,120.0,0.0,13.0,0.0,0.0,0.0,0.0
0.0,200.0,0.0,13.0,0.0,0.0,0.0,0.0
0.0,30.0,0.0,17.0,0.0,0.0,0.0,0.0
0.0,200.0,0.0,8.0,0.0,0.0,0.0,0.0
0.0,120.0,0.0,22.0,0.0,0.0,0.0,0.0
0.0,200.0,0.0,10.0,0.0,0.0,0.0,0.0
0.0,90.0,0.0,9.0,0.0,0.0,0.0,0.0
0.0,30.0,0.0,11.0,0.0,0.0,0.0,0.0
0.0,30.0,0.0,18.0,0.0,0.0,0.0,0.0
0.0,30.0,0.0,13.0,0.0,0.0,0.0,0.0
0.0,60.0,0.0,13.0,0.0,0.0,0.0,0.0
0.0,30.0,0.0,18.0,0.0,1.0,0.0,0.0
0.0,30.0,0.0,17.0,0.0,4.0,0.0,0.0
0.0,30.0,0.0,8.0,0.0,0.0,0.0,0.0
0.0,200.0,0.0,20.0,0.0,0.0,0.0,0.0
0.0,180.0,0.0,13.0,0.0,0.0,0.0,0.0
0.0,150.0,0.0,9.0,0.0,0.0,0.0,0.0
0.0,30.0,0.0,22.0,0.0,0.0,0.0,0.0
0.0,30.0,0.0,22.0,0.0,0.0,0.0,0.0
0.0,200.0,0.0,17.0,0.0,0.0,0.0,0.0
0.0,200.0,0.0,7.0,0.0,0.0,0.0,0.0
